Order ID,Order Date,Customer Name,Product Category,Product Name,Brand,Seller,State,City,Quantity,Selling Price,Discount,Cost Price,Profit,Payment Method,Delivery Status,Rating,Return Status
FLK10000,2023-11-24,Customer 0,Books,Product 0,Apple,Seller 9,Delhi,Chennai,3,17077.83,0.27,27301.59,-30671.28,Credit Card,Delivered,2,Not Returned
FLK10001,2023-02-27,Customer 1,Beauty,Product 1,LG,Seller 3,Maharashtra,Bangalore,3,7393.97,0.13,24858.87,-52394.7,UPI,Delivered,1,Not Returned
FLK10002,2023-01-13,Customer 2,Home & Kitchen,Product 2,LG,Seller 5,Karnataka,Mumbai,1,39804.25,0.11,30182.85,9621.4,Debit Card,Processing,5,Not Returned
FLK10003,2023-05-21,Customer 3,Beauty,Product 3,Nike,Seller 9,Tamil Nadu,Bangalore,3,31193.6,0.16,6596.62,73790.94,Debit Card,Delivered,2,Not Returned
FLK10004,2023-05-06,Customer 4,Beauty,Product 4,Biba,Seller 10,Karnataka,New Delhi,4,26906.32,0.01,35270.57,-33457,UPI,Delivered,3,Not Returned
FLK10005,2023-04-25,Customer 5,Clothing,Product 5,Samsung,Seller 7,Karnataka,Bangalore,4,44747.68,0.05,34912.19,39341.96,Cash on Delivery,Delivered,1,Not Returned
FLK10006,2023-03-13,Customer 6,Home & Kitchen,Product 6,Samsung,Seller 4,Maharashtra,Bangalore,1,39535.56,0.22,1461.12,38074.44,UPI,Delivered,1,Not Returned
FLK10007,2023-02-22,Customer 7,Home & Kitchen,Product 7,Puma,Seller 9,Gujarat,Chennai,3,8007.91,0.02,33084.92,-75231.03,Debit Card,Delivered,1,Not Returned
FLK10008,2023-12-13,Customer 8,Home & Kitchen,Product 8,Nike,Seller 4,Karnataka,Chennai,3,15930.24,0.18,5416.13,31542.33,UPI,Delivered,3,Not Returned
FLK10009,2023-10-07,Customer 9,Beauty,Product 9,LG,Seller 5,Delhi,Chennai,3,12800.21,0.07,13604.22,-2412.03,Cash on Delivery,Delivered,3,Not Returned
FLK10010,2023-02-14,Customer 10,Books,Product 10,Sony,Seller 7,Gujarat,New Delhi,5,37325.34,0.12,29817.28,37540.3,UPI,Delivered,4,Pending
FLK10011,2023-10-30,Customer 11,Home & Kitchen,Product 11,Nike,Seller 6,Tamil Nadu,Chennai,2,2159.86,0.09,6682.17,-9044.62,Cash on Delivery,Processing,2,Not Returned
FLK10012,2023-08-05,Customer 12,Beauty,Product 12,Puma,Seller 8,Maharashtra,Mumbai,5,28709.54,0.11,32773.29,-20318.75,Cash on Delivery,Delivered,4,Not Returned
FLK10013,2023-01-17,Customer 13,Clothing,Product 13,Puma,Seller 9,Tamil Nadu,Ahmedabad,2,38241.7,0.22,33335.73,9811.94,UPI,Processing,2,Not Returned
FLK10014,2023-01-16,Customer 14,Books,Product 14,Nike,Seller 8,Gujarat,Mumbai,3,43899.9,0.09,20446.47,70360.29,UPI,Delivered,3,Not Returned
FLK10015,2023-02-17,Customer 15,Clothing,Product 15,Puma,Seller 2,Gujarat,Mumbai,3,17433.05,0.17,553.52,50638.59,Credit Card,Cancelled,3,Not Returned
FLK10016,2023-04-22,Customer 16,Books,Product 16,Nike,Seller 4,Gujarat,Chennai,5,41152.24,0.14,11695.41,147284.15,Debit Card,Shipped,4,Not Returned
FLK10017,2023-04-30,Customer 17,Beauty,Product 17,Apple,Seller 4,Tamil Nadu,Ahmedabad,5,5976.27,0.2,24792,-94078.65,Cash on Delivery,Delivered,5,Not Returned
FLK10018,2023-09-16,Customer 18,Electronics,Product 18,Nike,Seller 2,Gujarat,Ahmedabad,2,42399.39,0.28,39253.09,6292.6,Credit Card,Shipped,4,Not Returned
FLK10019,2023-11-05,Customer 19,Books,Product 19,Biba,Seller 6,Tamil Nadu,Ahmedabad,4,6810.69,0.22,25383,-74289.24,UPI,Cancelled,2,Not Returned
FLK10020,2023-01-14,Customer 20,Clothing,Product 20,Nike,Seller 1,Gujarat,New Delhi,2,20165.72,0.06,10614.2,19103.04,Debit Card,Delivered,4,Not Returned
FLK10021,2023-10-15,Customer 21,Beauty,Product 21,Puma,Seller 10,Delhi,Chennai,5,39966.12,0.01,25470.03,72480.45,Credit Card,Delivered,1,Not Returned
FLK10022,2023-04-12,Customer 22,Books,Product 22,Biba,Seller 9,Gujarat,Ahmedabad,5,7920.91,0.08,21737.42,-69082.55,Cash on Delivery,Delivered,2,Pending
FLK10023,2023-11-29,Customer 23,Electronics,Product 23,Puma,Seller 4,Tamil Nadu,New Delhi,1,11847.94,0.18,31259.86,-19411.92,Credit Card,Cancelled,2,Not Returned
FLK10024,2023-12-26,Customer 24,Electronics,Product 24,Samsung,Seller 10,Karnataka,Bangalore,5,36251.5,0.02,4547.13,158521.85,Cash on Delivery,Shipped,5,Not Returned
FLK10025,2023-10-07,Customer 25,Home & Kitchen,Product 25,Samsung,Seller 4,Gujarat,Bangalore,1,36141.81,0.15,30512.81,5629,UPI,Shipped,3,Pending
FLK10026,2023-08-03,Customer 26,Home & Kitchen,Product 26,Biba,Seller 1,Karnataka,New Delhi,4,32236.81,0.18,21788.28,41794.12,Debit Card,Delivered,2,Not Returned
FLK10027,2023-04-23,Customer 27,Clothing,Product 27,Apple,Seller 2,Delhi,New Delhi,2,34850.45,0.1,38530.78,-7360.66,Debit Card,Cancelled,3,Not Returned
FLK10028,2023-08-18,Customer 28,Books,Product 28,Samsung,Seller 1,Maharashtra,Chennai,2,27364.86,0.23,13872.32,26985.08,Debit Card,Delivered,4,Not Returned
FLK10029,2023-10-29,Customer 29,Books,Product 29,Nike,Seller 4,Delhi,Chennai,1,12964.05,0.03,25415.09,-12451.04,UPI,Delivered,1,Not Returned
FLK10030,2023-05-23,Customer 30,Home & Kitchen,Product 30,Puma,Seller 2,Gujarat,Bangalore,2,17611.95,0.02,37301.52,-39379.14,Cash on Delivery,Delivered,5,Not Returned
FLK10031,2023-01-04,Customer 31,Books,Product 31,Samsung,Seller 1,Karnataka,Ahmedabad,5,9489.09,0.22,4369.64,25597.25,UPI,Delivered,3,Not Returned
FLK10032,2023-03-23,Customer 32,Books,Product 32,Samsung,Seller 6,Karnataka,Bangalore,3,45468.3,0.15,37507.97,23880.99,Debit Card,Delivered,2,Not Returned
FLK10033,2023-12-24,Customer 33,Electronics,Product 33,Apple,Seller 2,Tamil Nadu,Ahmedabad,1,29377.89,0.21,27609.06,1768.83,UPI,Delivered,3,Returned
FLK10034,2023-08-05,Customer 34,Home & Kitchen,Product 34,Biba,Seller 9,Karnataka,Ahmedabad,2,20342.15,0.13,2993.13,34698.04,UPI,Delivered,2,Not Returned
FLK10035,2023-06-24,Customer 35,Beauty,Product 35,Biba,Seller 4,Tamil Nadu,Chennai,1,23369.29,0.07,12248.25,11121.04,UPI,Delivered,3,Not Returned
FLK10036,2023-05-23,Customer 36,Home & Kitchen,Product 36,LG,Seller 5,Maharashtra,Mumbai,1,47390.53,0.25,28414.43,18976.1,Cash on Delivery,Delivered,2,Not Returned
FLK10037,2023-03-21,Customer 37,Beauty,Product 37,Apple,Seller 8,Gujarat,Mumbai,3,8090.89,0.24,2973.82,15351.21,Credit Card,Delivered,4,Not Returned
FLK10038,2023-04-21,Customer 38,Electronics,Product 38,Nike,Seller 4,Tamil Nadu,New Delhi,5,29518.38,0.21,23412.17,30531.05,Credit Card,Delivered,2,Not Returned
FLK10039,2023-06-22,Customer 39,Clothing,Product 39,Biba,Seller 9,Maharashtra,Chennai,1,25541.49,0.08,14031.56,11509.93,UPI,Delivered,2,Returned
FLK10040,2023-02-22,Customer 40,Books,Product 40,Puma,Seller 3,Karnataka,Ahmedabad,2,30766.98,0.18,24950.35,11633.26,Credit Card,Delivered,1,Not Returned
FLK10041,2023-02-17,Customer 41,Electronics,Product 41,Apple,Seller 10,Karnataka,Mumbai,4,1396.45,0.11,2115.96,-2878.04,Credit Card,Delivered,2,Not Returned
FLK10042,2023-07-14,Customer 42,Books,Product 42,Samsung,Seller 10,Maharashtra,Ahmedabad,1,43670.13,0.03,34900.01,8770.12,UPI,Delivered,1,Not Returned
FLK10043,2023-02-19,Customer 43,Clothing,Product 43,Puma,Seller 8,Karnataka,Mumbai,1,46639.85,0.28,38947.51,7692.34,UPI,Delivered,5,Returned
FLK10044,2023-07-03,Customer 44,Clothing,Product 44,Puma,Seller 4,Maharashtra,Mumbai,3,28474.09,0.04,38764.45,-30871.08,Debit Card,Delivered,1,Not Returned
FLK10045,2023-06-26,Customer 45,Electronics,Product 45,Samsung,Seller 8,Tamil Nadu,Mumbai,5,34984.22,0.29,30061.18,24615.2,Credit Card,Delivered,4,Not Returned
FLK10046,2023-11-06,Customer 46,Clothing,Product 46,Apple,Seller 7,Tamil Nadu,Chennai,4,46163.72,0.13,5464.42,162797.2,Cash on Delivery,Cancelled,1,Not Returned
FLK10047,2023-05-16,Customer 47,Beauty,Product 47,Samsung,Seller 4,Maharashtra,Bangalore,2,35508.31,0.06,30403.05,10210.52,UPI,Delivered,5,Returned
FLK10048,2023-01-23,Customer 48,Clothing,Product 48,LG,Seller 2,Tamil Nadu,Ahmedabad,4,8050.68,0.16,1276.1,27098.32,Debit Card,Delivered,4,Not Returned
FLK10049,2023-08-24,Customer 49,Books,Product 49,Puma,Seller 2,Tamil Nadu,Chennai,2,29026.27,0.26,1178.3,55695.94,Cash on Delivery,Delivered,3,Returned
FLK10050,2023-10-02,Customer 50,Books,Product 50,Sony,Seller 7,Tamil Nadu,Chennai,5,30532.39,0.22,13147.33,86925.3,Credit Card,Delivered,3,Not Returned
FLK10051,2023-03-05,Customer 51,Books,Product 51,Sony,Seller 6,Delhi,Chennai,2,21494.47,0.24,19699.13,3590.68,Debit Card,Delivered,1,Not Returned
FLK10052,2023-07-13,Customer 52,Books,Product 52,Nike,Seller 7,Gujarat,Chennai,3,36953.99,0.2,30885.17,18206.46,UPI,Delivered,1,Not Returned
FLK10053,2023-02-10,Customer 53,Beauty,Product 53,Biba,Seller 7,Karnataka,Chennai,3,46751.17,0.21,27426.83,57973.02,Cash on Delivery,Delivered,5,Not Returned
FLK10054,2023-10-10,Customer 54,Home & Kitchen,Product 54,Samsung,Seller 8,Delhi,New Delhi,3,46315.64,0.25,18002.34,84939.9,UPI,Delivered,5,Not Returned
FLK10055,2023-05-31,Customer 55,Electronics,Product 55,Samsung,Seller 1,Tamil Nadu,Ahmedabad,3,22816.55,0.07,11162.98,34960.71,Credit Card,Delivered,2,Not Returned
FLK10056,2023-11-18,Customer 56,Books,Product 56,Nike,Seller 2,Maharashtra,Chennai,4,6105.28,0.15,39885.84,-135122.24,Cash on Delivery,Shipped,5,Not Returned
FLK10057,2023-11-13,Customer 57,Clothing,Product 57,Nike,Seller 1,Tamil Nadu,Ahmedabad,5,49249.64,0.07,17219.4,160151.2,Credit Card,Cancelled,2,Not Returned
FLK10058,2023-07-05,Customer 58,Books,Product 58,Nike,Seller 7,Gujarat,New Delhi,2,42025.46,0.3,18220.06,47610.8,Credit Card,Shipped,4,Not Returned
FLK10059,2023-10-23,Customer 59,Clothing,Product 59,Puma,Seller 6,Tamil Nadu,New Delhi,2,6670.8,0.28,6795.87,-250.14,Debit Card,Processing,1,Pending
FLK10060,2023-04-09,Customer 60,Clothing,Product 60,LG,Seller 2,Maharashtra,Ahmedabad,3,46081.67,0.01,31853.94,42683.19,UPI,Delivered,4,Returned
FLK10061,2023-12-27,Customer 61,Books,Product 61,Samsung,Seller 4,Gujarat,Mumbai,3,43559.87,0.21,27839.18,47162.07,Cash on Delivery,Delivered,5,Not Returned
FLK10062,2023-02-05,Customer 62,Beauty,Product 62,Puma,Seller 4,Tamil Nadu,Bangalore,1,26182.48,0.28,9064.55,17117.93,Credit Card,Delivered,4,Not Returned
FLK10063,2023-01-24,Customer 63,Clothing,Product 63,Nike,Seller 4,Gujarat,Mumbai,5,29768.13,0.05,3570.53,130988,Credit Card,Delivered,4,Not Returned
FLK10064,2023-12-05,Customer 64,Clothing,Product 64,Samsung,Seller 9,Karnataka,Mumbai,4,20250.63,0.17,27315.82,-28260.76,Cash on Delivery,Cancelled,4,Not Returned
FLK10065,2023-04-27,Customer 65,Books,Product 65,Puma,Seller 8,Karnataka,Mumbai,2,3210.7,0.27,26284.1,-46146.8,Credit Card,Delivered,5,Not Returned
FLK10066,2023-05-29,Customer 66,Clothing,Product 66,LG,Seller 3,Tamil Nadu,Chennai,1,17092.26,0.01,11148.4,5943.86,Debit Card,Processing,4,Not Returned
FLK10067,2023-02-10,Customer 67,Clothing,Product 67,Puma,Seller 7,Gujarat,New Delhi,1,40241.25,0.21,38049.28,2191.97,Debit Card,Delivered,2,Not Returned
FLK10068,2023-04-30,Customer 68,Books,Product 68,LG,Seller 3,Maharashtra,Mumbai,2,729.29,0.09,6297,-11135.42,Debit Card,Processing,5,Not Returned
FLK10069,2023-02-21,Customer 69,Books,Product 69,Nike,Seller 5,Tamil Nadu,New Delhi,4,17008.21,0.28,17463.69,-1821.92,Debit Card,Delivered,4,Not Returned
FLK10070,2023-07-14,Customer 70,Electronics,Product 70,LG,Seller 8,Karnataka,Ahmedabad,1,20209.35,0.29,37761.55,-17552.2,Credit Card,Delivered,5,Not Returned
FLK10071,2023-05-23,Customer 71,Beauty,Product 71,Samsung,Seller 4,Karnataka,Bangalore,1,27101.08,0.28,16963.17,10137.91,Cash on Delivery,Delivered,3,Not Returned
FLK10072,2023-08-21,Customer 72,Beauty,Product 72,Nike,Seller 2,Tamil Nadu,Ahmedabad,5,46032.85,0.14,25649.48,101916.85,Cash on Delivery,Delivered,2,Not Returned
FLK10073,2023-11-22,Customer 73,Clothing,Product 73,Samsung,Seller 8,Gujarat,Ahmedabad,4,17644.13,0.26,16084.5,6238.52,Cash on Delivery,Delivered,4,Not Returned
FLK10074,2023-07-06,Customer 74,Beauty,Product 74,Sony,Seller 9,Karnataka,Chennai,1,17674.18,0.25,11186.34,6487.84,Cash on Delivery,Delivered,3,Not Returned
FLK10075,2023-03-25,Customer 75,Clothing,Product 75,Apple,Seller 2,Gujarat,Bangalore,4,37006.31,0.1,39363.91,-9430.4,UPI,Cancelled,3,Not Returned
FLK10076,2023-07-09,Customer 76,Electronics,Product 76,LG,Seller 1,Karnataka,Ahmedabad,2,22884.79,0.25,16550.56,12668.46,Cash on Delivery,Delivered,5,Returned
FLK10077,2023-07-01,Customer 77,Books,Product 77,Apple,Seller 9,Karnataka,Ahmedabad,3,11617.94,0.01,35795.74,-72533.4,UPI,Delivered,3,Not Returned
FLK10078,2023-04-18,Customer 78,Books,Product 78,Apple,Seller 1,Delhi,Bangalore,1,22895.76,0.18,9429.2,13466.56,UPI,Delivered,2,Not Returned
FLK10079,2023-12-10,Customer 79,Books,Product 79,LG,Seller 2,Karnataka,Bangalore,5,7472.42,0.07,8760.26,-6439.2,Debit Card,Shipped,2,Not Returned
FLK10080,2023-05-17,Customer 80,Beauty,Product 80,Nike,Seller 4,Maharashtra,Ahmedabad,2,9231.16,0.04,1536.02,15390.28,UPI,Delivered,1,Not Returned
FLK10081,2023-12-26,Customer 81,Electronics,Product 81,Sony,Seller 3,Tamil Nadu,Bangalore,4,25169.2,0.02,26171.17,-4007.88,Credit Card,Delivered,2,Not Returned
FLK10082,2023-12-16,Customer 82,Beauty,Product 82,Samsung,Seller 7,Tamil Nadu,Ahmedabad,2,21236.81,0.21,14930.5,12612.62,UPI,Delivered,3,Not Returned
FLK10083,2023-11-28,Customer 83,Beauty,Product 83,Puma,Seller 8,Gujarat,Ahmedabad,1,45784.87,0.1,34615.02,11169.85,Debit Card,Delivered,2,Not Returned
FLK10084,2023-02-06,Customer 84,Electronics,Product 84,Samsung,Seller 8,Karnataka,Chennai,4,18438.5,0.22,19086.43,-2591.72,UPI,Delivered,5,Pending
FLK10085,2023-11-08,Customer 85,Electronics,Product 85,Puma,Seller 4,Maharashtra,Mumbai,3,29239.12,0.02,38737.28,-28494.48,Credit Card,Delivered,1,Not Returned
FLK10086,2023-11-22,Customer 86,Electronics,Product 86,Samsung,Seller 7,Gujarat,Ahmedabad,2,31797.08,0.09,7665.36,48263.44,Credit Card,Delivered,3,Not Returned
FLK10087,2023-03-29,Customer 87,Electronics,Product 87,LG,Seller 1,Delhi,New Delhi,1,1148.18,0.16,34784.34,-33636.16,Credit Card,Shipped,1,Not Returned
FLK10088,2023-10-01,Customer 88,Books,Product 88,Sony,Seller 3,Gujarat,Mumbai,5,33345.1,0.24,31130.9,11071,Debit Card,Delivered,3,Not Returned
FLK10089,2023-05-06,Customer 89,Home & Kitchen,Product 89,Puma,Seller 7,Gujarat,Mumbai,4,9312.78,0.1,30905.6,-86371.28,Debit Card,Delivered,5,Not Returned
FLK10090,2023-03-25,Customer 90,Home & Kitchen,Product 90,Biba,Seller 1,Karnataka,Mumbai,2,48072.98,0.19,33837.89,28470.18,Cash on Delivery,Delivered,1,Not Returned
FLK10091,2023-08-25,Customer 91,Electronics,Product 91,Nike,Seller 7,Delhi,Chennai,2,7858.81,0.27,30512.65,-45307.68,Debit Card,Processing,4,Not Returned
FLK10092,2023-07-14,Customer 92,Home & Kitchen,Product 92,Samsung,Seller 5,Gujarat,Ahmedabad,3,21023.89,0.18,25160.95,-12411.18,Credit Card,Delivered,3,Not Returned
FLK10093,2023-05-19,Customer 93,Home & Kitchen,Product 93,Samsung,Seller 8,Maharashtra,Chennai,3,4724.81,0.07,5510.42,-2356.83,Credit Card,Cancelled,4,Not Returned
FLK10094,2023-11-24,Customer 94,Electronics,Product 94,Puma,Seller 5,Maharashtra,Ahmedabad,5,49845.28,0.01,1591.29,241269.95,Debit Card,Delivered,1,Not Returned
FLK10095,2023-12-19,Customer 95,Home & Kitchen,Product 95,Nike,Seller 7,Tamil Nadu,Chennai,5,25358.65,0.26,36857.66,-57495.05,UPI,Delivered,4,Not Returned
FLK10096,2023-10-13,Customer 96,Beauty,Product 96,Nike,Seller 9,Delhi,Chennai,1,29971.56,0.01,24781.02,5190.54,Debit Card,Delivered,4,Not Returned
FLK10097,2023-04-23,Customer 97,Clothing,Product 97,LG,Seller 8,Delhi,New Delhi,1,3820.29,0.26,31922.53,-28102.24,Debit Card,Processing,1,Not Returned
FLK10098,2023-12-17,Customer 98,Clothing,Product 98,Biba,Seller 3,Tamil Nadu,Chennai,5,37623.04,0.16,19416.44,91033,Credit Card,Delivered,5,Not Returned
FLK10099,2023-06-16,Customer 99,Electronics,Product 99,LG,Seller 4,Gujarat,Bangalore,5,10890.33,0.28,4957.14,29665.95,Cash on Delivery,Cancelled,4,Not Returned
FLK10100,2023-01-29,Customer 100,Books,Product 100,LG,Seller 5,Delhi,New Delhi,4,44953.69,0.24,5269.88,158735.24,Credit Card,Cancelled,4,Not Returned
FLK10101,2023-04-28,Customer 101,Electronics,Product 101,LG,Seller 4,Maharashtra,Chennai,3,10654.41,0.3,27516.94,-50587.59,Cash on Delivery,Delivered,5,Pending
FLK10102,2023-01-17,Customer 102,Books,Product 102,LG,Seller 1,Maharashtra,Mumbai,1,9939.04,0.11,17383.14,-7444.1,Credit Card,Delivered,4,Not Returned
FLK10103,2023-06-11,Customer 103,Clothing,Product 103,LG,Seller 10,Karnataka,Bangalore,3,2309.21,0.23,8260.83,-17854.86,Debit Card,Delivered,4,Not Returned
FLK10104,2023-07-25,Customer 104,Electronics,Product 104,Sony,Seller 9,Delhi,Bangalore,3,23867.31,0.12,19816.3,12153.03,Credit Card,Delivered,4,Not Returned
FLK10105,2023-05-18,Customer 105,Beauty,Product 105,Nike,Seller 1,Gujarat,Bangalore,5,28459.64,0.14,2849.09,128052.75,Credit Card,Cancelled,2,Not Returned
FLK10106,2023-02-03,Customer 106,Home & Kitchen,Product 106,LG,Seller 6,Tamil Nadu,New Delhi,4,3752.58,0.19,23404.26,-78606.72,Credit Card,Processing,5,Returned
FLK10107,2023-04-19,Customer 107,Books,Product 107,Nike,Seller 1,Tamil Nadu,Chennai,2,38888.62,0.26,10979.04,55819.16,Debit Card,Delivered,4,Pending
FLK10108,2023-10-18,Customer 108,Home & Kitchen,Product 108,Nike,Seller 1,Gujarat,Chennai,4,22937.8,0.3,31963.1,-36101.2,Debit Card,Delivered,5,Not Returned
FLK10109,2023-06-11,Customer 109,Home & Kitchen,Product 109,Apple,Seller 10,Karnataka,Mumbai,4,26457.32,0.23,12621.37,55343.8,Debit Card,Shipped,3,Not Returned
FLK10110,2023-04-19,Customer 110,Electronics,Product 110,Sony,Seller 8,Tamil Nadu,Mumbai,3,22317.76,0.13,18372.24,11836.56,Debit Card,Delivered,3,Not Returned
FLK10111,2023-12-02,Customer 111,Home & Kitchen,Product 111,LG,Seller 9,Delhi,Bangalore,4,20337.77,0.13,761.34,78305.72,Cash on Delivery,Cancelled,4,Returned
FLK10112,2023-09-13,Customer 112,Beauty,Product 112,Samsung,Seller 9,Karnataka,Mumbai,1,28202.2,0.22,3176.14,25026.06,Cash on Delivery,Delivered,5,Not Returned
FLK10113,2023-07-22,Customer 113,Home & Kitchen,Product 113,Puma,Seller 3,Delhi,New Delhi,3,8184.39,0.07,15881.99,-23092.8,UPI,Delivered,5,Not Returned
FLK10114,2023-11-26,Customer 114,Electronics,Product 114,Biba,Seller 1,Maharashtra,Chennai,1,9505.44,0.03,19353.57,-9848.13,Debit Card,Delivered,5,Not Returned
FLK10115,2023-08-23,Customer 115,Beauty,Product 115,Samsung,Seller 9,Karnataka,Bangalore,2,43158.39,0.11,24120.82,38075.14,Cash on Delivery,Delivered,2,Not Returned
FLK10116,2023-03-15,Customer 116,Clothing,Product 116,Sony,Seller 2,Tamil Nadu,Mumbai,3,47332.72,0.09,11879,106361.16,Credit Card,Delivered,3,Not Returned
FLK10117,2023-05-16,Customer 117,Home & Kitchen,Product 117,Puma,Seller 3,Karnataka,New Delhi,2,18978.81,0.09,27890.78,-17823.94,Debit Card,Delivered,5,Not Returned
FLK10118,2023-03-13,Customer 118,Electronics,Product 118,Sony,Seller 2,Karnataka,New Delhi,3,13901.86,0.07,34446.86,-61635,UPI,Delivered,5,Not Returned
FLK10119,2023-05-07,Customer 119,Clothing,Product 119,Nike,Seller 10,Karnataka,Mumbai,5,32377.98,0.01,31260.08,5589.5,UPI,Shipped,2,Not Returned
FLK10120,2023-10-15,Customer 120,Clothing,Product 120,Puma,Seller 2,Karnataka,Chennai,4,20732.34,0.01,1872.87,75437.88,UPI,Cancelled,2,Not Returned
FLK10121,2023-10-03,Customer 121,Books,Product 121,Nike,Seller 4,Delhi,Mumbai,5,1756.62,0.3,19376.13,-88097.55,Credit Card,Delivered,5,Not Returned
FLK10122,2023-05-15,Customer 122,Beauty,Product 122,Samsung,Seller 7,Maharashtra,Bangalore,2,8229.55,0.13,4465.73,7527.64,Cash on Delivery,Delivered,1,Not Returned
FLK10123,2023-10-27,Customer 123,Home & Kitchen,Product 123,Samsung,Seller 2,Gujarat,Mumbai,4,35940.63,0.12,9909.19,104125.76,Credit Card,Delivered,5,Not Returned
FLK10124,2023-08-08,Customer 124,Electronics,Product 124,Puma,Seller 10,Karnataka,New Delhi,3,33116.74,0.2,39470.5,-19061.28,Debit Card,Delivered,5,Not Returned
FLK10125,2023-10-26,Customer 125,Books,Product 125,Puma,Seller 4,Tamil Nadu,Mumbai,4,1841.25,0.07,5957.07,-16463.28,UPI,Delivered,2,Not Returned
FLK10126,2023-07-24,Customer 126,Beauty,Product 126,LG,Seller 10,Karnataka,Chennai,1,11487.62,0.28,20105.86,-8618.24,Credit Card,Delivered,2,Not Returned
FLK10127,2023-07-05,Customer 127,Books,Product 127,Sony,Seller 10,Tamil Nadu,Ahmedabad,4,11938.2,0.24,24840.78,-51610.32,Credit Card,Delivered,5,Not Returned
FLK10128,2023-04-23,Customer 128,Beauty,Product 128,LG,Seller 1,Delhi,Mumbai,1,33758.69,0.03,28187.86,5570.83,Cash on Delivery,Delivered,5,Not Returned
FLK10129,2023-03-12,Customer 129,Beauty,Product 129,Sony,Seller 10,Tamil Nadu,Chennai,4,1475.67,0.13,22518.05,-84169.52,Cash on Delivery,Delivered,5,Not Returned
FLK10130,2023-09-18,Customer 130,Home & Kitchen,Product 130,LG,Seller 2,Gujarat,Chennai,1,5653.37,0.26,687.9,4965.47,UPI,Delivered,2,Not Returned
FLK10131,2023-09-10,Customer 131,Beauty,Product 131,Nike,Seller 7,Maharashtra,New Delhi,2,40095.85,0.28,13260.51,53670.68,Credit Card,Processing,5,Not Returned
FLK10132,2023-02-16,Customer 132,Books,Product 132,Puma,Seller 10,Tamil Nadu,Chennai,5,9337.96,0.14,20853.15,-57575.95,Credit Card,Delivered,5,Not Returned
FLK10133,2023-01-25,Customer 133,Beauty,Product 133,Samsung,Seller 10,Tamil Nadu,Chennai,3,32810.93,0.18,3788.3,87067.89,Cash on Delivery,Delivered,4,Not Returned
FLK10134,2023-02-26,Customer 134,Home & Kitchen,Product 134,Sony,Seller 9,Maharashtra,Chennai,4,12290.05,0.05,14219.89,-7719.36,Credit Card,Delivered,1,Not Returned
FLK10135,2023-03-20,Customer 135,Home & Kitchen,Product 135,Sony,Seller 6,Gujarat,Chennai,5,5422.35,0.3,1618.16,19020.95,Credit Card,Delivered,3,Not Returned
FLK10136,2023-11-18,Customer 136,Books,Product 136,Samsung,Seller 5,Karnataka,Bangalore,3,12537.02,0.07,3419.57,27352.35,Credit Card,Shipped,1,Not Returned
FLK10137,2023-03-23,Customer 137,Clothing,Product 137,LG,Seller 4,Tamil Nadu,Bangalore,3,36252.21,0.28,16057.85,60583.08,Cash on Delivery,Delivered,4,Not Returned
FLK10138,2023-12-15,Customer 138,Clothing,Product 138,Sony,Seller 6,Maharashtra,New Delhi,1,42856.98,0.19,5568.82,37288.16,UPI,Processing,3,Not Returned
FLK10139,2023-08-05,Customer 139,Beauty,Product 139,Biba,Seller 4,Delhi,Mumbai,2,41595.88,0.18,22831.37,37529.02,Debit Card,Delivered,5,Not Returned
FLK10140,2023-11-02,Customer 140,Electronics,Product 140,Nike,Seller 5,Maharashtra,Chennai,2,20160.58,0.15,27671.76,-15022.36,UPI,Delivered,4,Not Returned
FLK10141,2023-02-02,Customer 141,Beauty,Product 141,Puma,Seller 7,Delhi,Mumbai,5,33570.21,0.07,32083.29,7434.6,Debit Card,Shipped,5,Not Returned
FLK10142,2023-07-17,Customer 142,Books,Product 142,Samsung,Seller 3,Gujarat,Mumbai,2,10646.72,0.05,8245.96,4801.52,Credit Card,Delivered,2,Not Returned
FLK10143,2023-07-15,Customer 143,Books,Product 143,Puma,Seller 5,Karnataka,New Delhi,4,15010.81,0.07,6949.06,32247,UPI,Delivered,4,Not Returned
FLK10144,2023-11-02,Customer 144,Books,Product 144,Biba,Seller 8,Maharashtra,Chennai,2,44868.62,0.06,4451.34,80834.56,Debit Card,Delivered,2,Not Returned
FLK10145,2023-08-28,Customer 145,Books,Product 145,Sony,Seller 6,Tamil Nadu,Chennai,5,1143.6,0.23,25566.28,-122113.4,Cash on Delivery,Delivered,4,Not Returned
FLK10146,2023-09-28,Customer 146,Books,Product 146,Sony,Seller 2,Gujarat,Ahmedabad,2,4732.67,0.11,28347.09,-47228.84,Cash on Delivery,Cancelled,4,Not Returned
FLK10147,2023-05-09,Customer 147,Home & Kitchen,Product 147,Biba,Seller 1,Maharashtra,Mumbai,4,10790.37,0.02,1553.97,36945.6,UPI,Delivered,2,Not Returned
FLK10148,2023-10-11,Customer 148,Clothing,Product 148,Samsung,Seller 8,Tamil Nadu,Mumbai,1,1813.34,0.29,37467.63,-35654.29,UPI,Delivered,3,Not Returned
FLK10149,2023-01-06,Customer 149,Books,Product 149,Nike,Seller 10,Maharashtra,Bangalore,5,9481.05,0.27,2363.26,35588.95,Credit Card,Delivered,1,Pending
FLK10150,2023-12-15,Customer 150,Electronics,Product 150,Apple,Seller 10,Delhi,Ahmedabad,1,29360.56,0.28,21789.46,7571.1,UPI,Delivered,5,Returned
FLK10151,2023-02-28,Customer 151,Electronics,Product 151,Samsung,Seller 2,Maharashtra,Bangalore,1,21360.52,0.3,28449.7,-7089.18,Credit Card,Delivered,4,Not Returned
FLK10152,2023-12-16,Customer 152,Electronics,Product 152,Apple,Seller 2,Maharashtra,Bangalore,1,44687.25,0.05,34877.47,9809.78,Credit Card,Delivered,5,Not Returned
FLK10153,2023-10-02,Customer 153,Electronics,Product 153,Biba,Seller 9,Maharashtra,Bangalore,3,40963.46,0.12,28649.25,36942.63,Cash on Delivery,Delivered,2,Not Returned
FLK10154,2023-05-17,Customer 154,Home & Kitchen,Product 154,LG,Seller 4,Gujarat,New Delhi,3,17419.96,0.23,32128.6,-44125.92,Cash on Delivery,Cancelled,5,Not Returned
FLK10155,2023-11-25,Customer 155,Electronics,Product 155,Apple,Seller 9,Maharashtra,New Delhi,1,13341.46,0.21,13776.17,-434.71,Debit Card,Delivered,2,Not Returned
FLK10156,2023-06-24,Customer 156,Books,Product 156,Nike,Seller 5,Tamil Nadu,Bangalore,5,19294.77,0.05,32648.56,-66768.95,Cash on Delivery,Delivered,5,Not Returned
FLK10157,2023-02-27,Customer 157,Beauty,Product 157,LG,Seller 3,Delhi,Ahmedabad,4,29719.6,0.24,3480.56,104956.16,Cash on Delivery,Cancelled,1,Not Returned
FLK10158,2023-05-31,Customer 158,Electronics,Product 158,Apple,Seller 6,Delhi,Mumbai,4,13769.15,0.07,35824.22,-88220.28,UPI,Delivered,1,Not Returned
FLK10159,2023-08-11,Customer 159,Home & Kitchen,Product 159,Biba,Seller 2,Maharashtra,Ahmedabad,2,31395.37,0.07,22039.42,18711.9,Cash on Delivery,Delivered,1,Not Returned
FLK10160,2023-03-22,Customer 160,Home & Kitchen,Product 160,LG,Seller 4,Gujarat,Chennai,5,20765.88,0.16,32746.72,-59904.2,Debit Card,Delivered,1,Not Returned
FLK10161,2023-08-21,Customer 161,Electronics,Product 161,Biba,Seller 6,Gujarat,New Delhi,3,27826.34,0.18,18257.04,28707.9,UPI,Delivered,1,Not Returned
FLK10162,2023-01-02,Customer 162,Beauty,Product 162,Apple,Seller 5,Tamil Nadu,Mumbai,1,22088.26,0.17,25850.03,-3761.77,Debit Card,Delivered,1,Not Returned
FLK10163,2023-05-15,Customer 163,Electronics,Product 163,Biba,Seller 3,Maharashtra,Mumbai,2,15076.06,0.03,21198.19,-12244.26,Cash on Delivery,Processing,2,Not Returned
FLK10164,2023-09-14,Customer 164,Home & Kitchen,Product 164,Nike,Seller 8,Delhi,Chennai,4,47448.44,0.26,29344.1,72417.36,Debit Card,Delivered,4,Not Returned
FLK10165,2023-04-02,Customer 165,Clothing,Product 165,Apple,Seller 9,Gujarat,Chennai,3,38298.49,0.08,3540.71,104273.34,UPI,Delivered,5,Not Returned
FLK10166,2023-09-17,Customer 166,Books,Product 166,Apple,Seller 5,Maharashtra,Bangalore,3,7435.6,0.04,2695.98,14218.86,Credit Card,Shipped,1,Not Returned
FLK10167,2023-02-24,Customer 167,Home & Kitchen,Product 167,Apple,Seller 10,Gujarat,New Delhi,1,43489.16,0.27,10110,33379.16,Debit Card,Delivered,2,Not Returned
FLK10168,2023-11-17,Customer 168,Electronics,Product 168,Samsung,Seller 9,Gujarat,New Delhi,4,24627.84,0.29,6633.92,71975.68,Debit Card,Delivered,2,Not Returned
FLK10169,2023-06-02,Customer 169,Books,Product 169,Samsung,Seller 1,Delhi,Ahmedabad,5,44780.34,0.26,34909.81,49352.65,UPI,Delivered,2,Not Returned
FLK10170,2023-11-24,Customer 170,Electronics,Product 170,Samsung,Seller 9,Karnataka,Bangalore,3,40092.84,0.24,9002.8,93270.12,UPI,Processing,4,Returned
FLK10171,2023-09-17,Customer 171,Electronics,Product 171,Nike,Seller 5,Tamil Nadu,Bangalore,1,21548.07,0.2,39041.85,-17493.78,Debit Card,Delivered,5,Not Returned
FLK10172,2023-11-08,Customer 172,Clothing,Product 172,LG,Seller 2,Tamil Nadu,Bangalore,5,1612.23,0.17,13674.76,-60312.65,Cash on Delivery,Delivered,4,Not Returned
FLK10173,2023-04-12,Customer 173,Books,Product 173,Biba,Seller 3,Delhi,Bangalore,4,13799.53,0.03,7530.08,25077.8,Debit Card,Delivered,3,Returned
FLK10174,2023-03-20,Customer 174,Books,Product 174,Sony,Seller 5,Gujarat,New Delhi,3,27310.89,0.12,31651.03,-13020.42,UPI,Delivered,2,Not Returned
FLK10175,2023-07-11,Customer 175,Clothing,Product 175,Apple,Seller 2,Maharashtra,New Delhi,5,31857.17,0.11,26450.7,27032.35,Credit Card,Delivered,3,Not Returned
FLK10176,2023-03-24,Customer 176,Home & Kitchen,Product 176,Biba,Seller 2,Gujarat,Bangalore,5,13265.44,0.08,20078.37,-34064.65,Credit Card,Delivered,1,Not Returned
FLK10177,2023-10-04,Customer 177,Electronics,Product 177,Apple,Seller 9,Delhi,Ahmedabad,5,7398.13,0.22,22347.93,-74749,Cash on Delivery,Shipped,1,Not Returned
FLK10178,2023-09-29,Customer 178,Beauty,Product 178,Nike,Seller 3,Tamil Nadu,Mumbai,3,41829.05,0.15,28852.31,38930.22,Debit Card,Delivered,4,Not Returned
FLK10179,2023-01-01,Customer 179,Electronics,Product 179,Apple,Seller 5,Gujarat,Mumbai,3,49227.91,0.02,9369.65,119574.78,Credit Card,Delivered,5,Not Returned
FLK10180,2023-11-03,Customer 180,Electronics,Product 180,Samsung,Seller 5,Tamil Nadu,Ahmedabad,2,26521.66,0.07,39854.46,-26665.6,Debit Card,Shipped,3,Not Returned
FLK10181,2023-06-15,Customer 181,Home & Kitchen,Product 181,Sony,Seller 10,Maharashtra,Bangalore,4,8998.12,0.2,38999.29,-120004.68,UPI,Processing,5,Not Returned
FLK10182,2023-09-08,Customer 182,Electronics,Product 182,Puma,Seller 4,Tamil Nadu,New Delhi,1,13979.21,0.02,26117.93,-12138.72,Credit Card,Delivered,4,Not Returned
FLK10183,2023-01-10,Customer 183,Clothing,Product 183,Apple,Seller 6,Tamil Nadu,Mumbai,5,1410.34,0.26,8221.84,-34057.5,Cash on Delivery,Delivered,1,Not Returned
FLK10184,2023-02-27,Customer 184,Clothing,Product 184,Biba,Seller 4,Karnataka,Chennai,2,45757.79,0.15,27305.06,36905.46,UPI,Delivered,5,Not Returned
FLK10185,2023-07-05,Customer 185,Books,Product 185,Samsung,Seller 5,Karnataka,Chennai,1,6328.68,0.14,3166.28,3162.4,Cash on Delivery,Processing,5,Not Returned
FLK10186,2023-06-07,Customer 186,Beauty,Product 186,Puma,Seller 9,Karnataka,Ahmedabad,2,29037.57,0.18,1516.9,55041.34,UPI,Processing,1,Not Returned
FLK10187,2023-05-03,Customer 187,Electronics,Product 187,Sony,Seller 8,Tamil Nadu,Bangalore,3,14065.73,0.25,10530.01,10607.16,Credit Card,Delivered,3,Not Returned
FLK10188,2023-01-30,Customer 188,Electronics,Product 188,Puma,Seller 5,Delhi,Mumbai,5,27931.81,0.1,18666.13,46328.4,Cash on Delivery,Cancelled,1,Not Returned
FLK10189,2023-05-04,Customer 189,Home & Kitchen,Product 189,Samsung,Seller 1,Tamil Nadu,Bangalore,1,32745.31,0.2,34770.42,-2025.11,Cash on Delivery,Delivered,5,Not Returned
FLK10190,2023-10-18,Customer 190,Clothing,Product 190,LG,Seller 2,Delhi,Mumbai,1,41572.22,0.17,29168.61,12403.61,UPI,Delivered,3,Not Returned
FLK10191,2023-02-10,Customer 191,Beauty,Product 191,LG,Seller 7,Delhi,Ahmedabad,1,10717.85,0.08,29785.45,-19067.6,Cash on Delivery,Delivered,3,Pending
FLK10192,2023-02-13,Customer 192,Books,Product 192,Puma,Seller 5,Karnataka,Ahmedabad,1,1044.29,0.26,17192.09,-16147.8,UPI,Shipped,1,Not Returned
FLK10193,2023-09-06,Customer 193,Clothing,Product 193,Nike,Seller 1,Gujarat,Chennai,1,7275.84,0.24,14033.62,-6757.78,UPI,Delivered,5,Not Returned
FLK10194,2023-02-05,Customer 194,Books,Product 194,Biba,Seller 1,Maharashtra,Bangalore,2,45050.92,0.2,15030.24,60041.36,UPI,Cancelled,4,Not Returned
FLK10195,2023-09-30,Customer 195,Home & Kitchen,Product 195,Biba,Seller 6,Karnataka,Chennai,5,43757.56,0.26,39509.69,21239.35,UPI,Shipped,5,Not Returned
FLK10196,2023-03-06,Customer 196,Home & Kitchen,Product 196,Puma,Seller 3,Karnataka,Bangalore,3,30071.95,0.26,1892.33,84538.86,Credit Card,Shipped,2,Not Returned
FLK10197,2023-03-07,Customer 197,Electronics,Product 197,Apple,Seller 5,Gujarat,Chennai,3,30225.58,0.21,34721.15,-13486.71,UPI,Delivered,4,Returned
FLK10198,2023-12-04,Customer 198,Beauty,Product 198,Apple,Seller 3,Maharashtra,New Delhi,3,33419.32,0.25,23273.41,30437.73,Debit Card,Delivered,3,Not Returned
FLK10199,2023-09-01,Customer 199,Books,Product 199,Biba,Seller 8,Tamil Nadu,New Delhi,3,9180.88,0.21,17713.03,-25596.45,Cash on Delivery,Delivered,4,Not Returned
FLK10200,2023-11-24,Customer 200,Books,Product 200,Apple,Seller 5,Maharashtra,Bangalore,1,5763.44,0.22,22004.05,-16240.61,Cash on Delivery,Delivered,1,Not Returned
FLK10201,2023-11-05,Customer 201,Books,Product 201,Samsung,Seller 4,Gujarat,New Delhi,2,29671.66,0.24,809.13,57725.06,UPI,Delivered,2,Not Returned
FLK10202,2023-06-22,Customer 202,Books,Product 202,Apple,Seller 7,Delhi,Mumbai,5,30381.89,0.24,29255.56,5631.65,Credit Card,Shipped,2,Not Returned
FLK10203,2023-11-18,Customer 203,Electronics,Product 203,Sony,Seller 6,Gujarat,Bangalore,4,2980,0.08,11935.82,-35823.28,Credit Card,Cancelled,5,Not Returned
FLK10204,2023-08-21,Customer 204,Home & Kitchen,Product 204,LG,Seller 6,Karnataka,Bangalore,4,35199.89,0.21,3361.95,127351.76,UPI,Delivered,2,Not Returned
FLK10205,2023-05-19,Customer 205,Electronics,Product 205,LG,Seller 6,Delhi,Bangalore,5,40269.91,0.13,3156.87,185565.2,Debit Card,Delivered,3,Not Returned
FLK10206,2023-11-26,Customer 206,Clothing,Product 206,LG,Seller 5,Maharashtra,Bangalore,4,27201.69,0.23,17404.82,39187.48,Cash on Delivery,Delivered,5,Not Returned
FLK10207,2023-09-10,Customer 207,Books,Product 207,Sony,Seller 1,Delhi,Bangalore,3,39633.05,0.13,3052.21,109742.52,Cash on Delivery,Delivered,3,Not Returned
FLK10208,2023-10-11,Customer 208,Books,Product 208,Puma,Seller 2,Gujarat,Mumbai,4,17437.35,0.1,6774.23,42652.48,Credit Card,Shipped,5,Not Returned
FLK10209,2023-09-14,Customer 209,Beauty,Product 209,Samsung,Seller 2,Karnataka,Ahmedabad,3,8236.14,0.23,21768.55,-40597.23,Credit Card,Delivered,3,Not Returned
FLK10210,2023-07-05,Customer 210,Home & Kitchen,Product 210,LG,Seller 1,Maharashtra,Ahmedabad,5,4936.24,0.15,3275.81,8302.15,UPI,Delivered,3,Not Returned
FLK10211,2023-05-16,Customer 211,Electronics,Product 211,Sony,Seller 10,Tamil Nadu,Bangalore,5,37824.89,0.21,28595.46,46147.15,Cash on Delivery,Shipped,4,Not Returned
FLK10212,2023-09-22,Customer 212,Clothing,Product 212,Apple,Seller 4,Maharashtra,Chennai,2,29624.66,0.08,9215.18,40818.96,Credit Card,Delivered,1,Not Returned
FLK10213,2023-01-17,Customer 213,Home & Kitchen,Product 213,Apple,Seller 9,Maharashtra,Mumbai,4,11251.74,0.05,37349.47,-104390.92,Cash on Delivery,Delivered,3,Not Returned
FLK10214,2023-02-18,Customer 214,Books,Product 214,Puma,Seller 7,Karnataka,New Delhi,3,43157.49,0.03,26255.44,50706.15,Credit Card,Delivered,4,Not Returned
FLK10215,2023-02-25,Customer 215,Beauty,Product 215,LG,Seller 4,Gujarat,New Delhi,1,9741.49,0.14,34949.08,-25207.59,Credit Card,Delivered,5,Not Returned
FLK10216,2023-01-26,Customer 216,Electronics,Product 216,Sony,Seller 1,Delhi,Bangalore,1,24582.03,0.07,16327.37,8254.66,Credit Card,Delivered,1,Not Returned
FLK10217,2023-08-21,Customer 217,Home & Kitchen,Product 217,Biba,Seller 9,Tamil Nadu,Bangalore,1,11421.89,0.03,29491.77,-18069.88,Credit Card,Processing,1,Not Returned
FLK10218,2023-09-15,Customer 218,Electronics,Product 218,LG,Seller 1,Gujarat,Chennai,5,4094.78,0.03,34450.87,-151780.45,Cash on Delivery,Delivered,5,Not Returned
FLK10219,2023-11-01,Customer 219,Books,Product 219,Samsung,Seller 2,Tamil Nadu,Ahmedabad,3,16268.11,0.09,26895.4,-31881.87,Debit Card,Delivered,3,Not Returned
FLK10220,2023-06-03,Customer 220,Clothing,Product 220,Nike,Seller 2,Delhi,New Delhi,3,28381.28,0.04,21699.93,20044.05,Debit Card,Delivered,2,Not Returned
FLK10221,2023-05-06,Customer 221,Home & Kitchen,Product 221,Nike,Seller 3,Tamil Nadu,Ahmedabad,4,30772.45,0.3,26275.93,17986.08,Credit Card,Delivered,4,Pending
FLK10222,2023-02-23,Customer 222,Beauty,Product 222,Nike,Seller 2,Delhi,Ahmedabad,1,14568.03,0.07,14039.8,528.23,Debit Card,Delivered,2,Pending
FLK10223,2023-01-27,Customer 223,Books,Product 223,Puma,Seller 7,Karnataka,Chennai,1,38603.57,0.19,10856.83,27746.74,Cash on Delivery,Delivered,3,Not Returned
FLK10224,2023-02-08,Customer 224,Beauty,Product 224,Samsung,Seller 1,Karnataka,Ahmedabad,3,21838.69,0.02,14896.11,20827.74,Credit Card,Cancelled,2,Not Returned
FLK10225,2023-02-22,Customer 225,Home & Kitchen,Product 225,Sony,Seller 9,Tamil Nadu,Ahmedabad,4,46199.1,0.08,6945.09,157016.04,UPI,Cancelled,1,Not Returned
FLK10226,2023-06-20,Customer 226,Clothing,Product 226,Sony,Seller 4,Karnataka,Bangalore,4,6038.51,0.26,34323.98,-113141.88,UPI,Delivered,5,Not Returned
FLK10227,2023-04-27,Customer 227,Beauty,Product 227,Apple,Seller 4,Tamil Nadu,Mumbai,2,4138.96,0.23,14364.91,-20451.9,Cash on Delivery,Delivered,5,Not Returned
FLK10228,2023-01-15,Customer 228,Books,Product 228,Nike,Seller 3,Gujarat,Mumbai,1,30030.48,0.11,31485.56,-1455.08,Cash on Delivery,Delivered,3,Not Returned
FLK10229,2023-10-23,Customer 229,Beauty,Product 229,Nike,Seller 1,Tamil Nadu,Chennai,3,40341.87,0.21,37536.25,8416.86,UPI,Delivered,1,Not Returned
FLK10230,2023-06-19,Customer 230,Electronics,Product 230,Nike,Seller 2,Karnataka,Ahmedabad,2,20787.91,0.13,12182.33,17211.16,UPI,Delivered,4,Not Returned
FLK10231,2023-03-31,Customer 231,Electronics,Product 231,Samsung,Seller 5,Tamil Nadu,Ahmedabad,5,15654.41,0.07,31459.24,-79024.15,Debit Card,Delivered,3,Not Returned
FLK10232,2023-08-31,Customer 232,Beauty,Product 232,Puma,Seller 2,Karnataka,Ahmedabad,4,31144.9,0.04,37997.88,-27411.92,UPI,Delivered,2,Not Returned
FLK10233,2023-01-13,Customer 233,Books,Product 233,LG,Seller 8,Gujarat,Chennai,3,44252.78,0.18,28807.73,46335.15,Cash on Delivery,Delivered,2,Not Returned
FLK10234,2023-01-03,Customer 234,Books,Product 234,Sony,Seller 7,Maharashtra,Bangalore,4,34909.69,0.14,22477.58,49728.44,Credit Card,Delivered,5,Not Returned
FLK10235,2023-10-14,Customer 235,Electronics,Product 235,Nike,Seller 8,Gujarat,Ahmedabad,3,45270.36,0.14,6813.57,115370.37,Cash on Delivery,Delivered,4,Not Returned
FLK10236,2023-05-22,Customer 236,Electronics,Product 236,Biba,Seller 4,Karnataka,New Delhi,1,14763.11,0.09,13128.44,1634.67,Credit Card,Delivered,2,Not Returned
FLK10237,2023-12-28,Customer 237,Beauty,Product 237,Apple,Seller 7,Tamil Nadu,Mumbai,3,21150.45,0.07,17078.74,12215.13,Credit Card,Cancelled,5,Not Returned
FLK10238,2023-01-04,Customer 238,Home & Kitchen,Product 238,Nike,Seller 7,Tamil Nadu,Ahmedabad,4,27553.12,0.18,9227.82,73301.2,UPI,Delivered,3,Not Returned
FLK10239,2023-12-09,Customer 239,Clothing,Product 239,Puma,Seller 3,Tamil Nadu,Bangalore,5,26963.3,0.27,23834.04,15646.3,Credit Card,Delivered,3,Not Returned
FLK10240,2023-04-04,Customer 240,Books,Product 240,Nike,Seller 7,Karnataka,Bangalore,3,17305.96,0.27,11498,17423.88,Cash on Delivery,Delivered,1,Not Returned
FLK10241,2023-10-04,Customer 241,Books,Product 241,Nike,Seller 4,Delhi,Chennai,4,47370.41,0.07,1355.11,184061.2,UPI,Delivered,3,Not Returned
FLK10242,2023-04-22,Customer 242,Clothing,Product 242,Puma,Seller 5,Karnataka,Bangalore,3,48064.08,0.22,31145.88,50754.6,UPI,Shipped,1,Not Returned
FLK10243,2023-06-09,Customer 243,Electronics,Product 243,Puma,Seller 7,Tamil Nadu,Bangalore,1,34649.5,0.19,4561.53,30087.97,Debit Card,Cancelled,4,Not Returned
FLK10244,2023-10-17,Customer 244,Books,Product 244,Nike,Seller 9,Tamil Nadu,Mumbai,1,32534.02,0.01,17075.4,15458.62,Cash on Delivery,Delivered,5,Not Returned
FLK10245,2023-08-24,Customer 245,Beauty,Product 245,Biba,Seller 3,Gujarat,Mumbai,3,45897.22,0.23,18838.08,81177.42,Debit Card,Delivered,2,Pending
FLK10246,2023-05-23,Customer 246,Clothing,Product 246,LG,Seller 8,Gujarat,Ahmedabad,4,17251.74,0.15,13337.08,15658.64,Cash on Delivery,Delivered,5,Not Returned
FLK10247,2023-11-02,Customer 247,Home & Kitchen,Product 247,Samsung,Seller 1,Gujarat,Bangalore,1,36096.47,0.15,30373.89,5722.58,Cash on Delivery,Delivered,3,Not Returned
FLK10248,2023-02-17,Customer 248,Home & Kitchen,Product 248,LG,Seller 7,Maharashtra,Mumbai,4,18854.09,0.17,14074.3,19119.16,Debit Card,Delivered,3,Not Returned
FLK10249,2023-04-29,Customer 249,Books,Product 249,Puma,Seller 4,Karnataka,Chennai,4,47432.58,0.21,8087.27,157381.24,Cash on Delivery,Delivered,4,Not Returned
FLK10250,2023-11-02,Customer 250,Home & Kitchen,Product 250,Apple,Seller 4,Karnataka,Bangalore,2,15575.46,0.22,5532.32,20086.28,Credit Card,Shipped,4,Not Returned
FLK10251,2023-03-06,Customer 251,Clothing,Product 251,Apple,Seller 1,Gujarat,Mumbai,3,22363.35,0.06,2574.29,59367.18,Cash on Delivery,Delivered,1,Not Returned
FLK10252,2023-10-23,Customer 252,Books,Product 252,LG,Seller 3,Gujarat,Mumbai,1,12919.43,0.17,16922.61,-4003.18,UPI,Processing,3,Pending
FLK10253,2023-06-02,Customer 253,Electronics,Product 253,Biba,Seller 5,Gujarat,Ahmedabad,1,47885.98,0.04,30553.74,17332.24,UPI,Delivered,1,Not Returned
FLK10254,2023-10-10,Customer 254,Books,Product 254,LG,Seller 1,Tamil Nadu,New Delhi,4,23809.51,0.02,11885.35,47696.64,Debit Card,Delivered,3,Not Returned
FLK10255,2023-05-16,Customer 255,Electronics,Product 255,Puma,Seller 4,Tamil Nadu,Chennai,3,32538.51,0.27,33066.84,-1584.99,Credit Card,Delivered,5,Not Returned
FLK10256,2023-10-19,Customer 256,Home & Kitchen,Product 256,Biba,Seller 2,Tamil Nadu,Mumbai,4,47029.77,0.16,19975.63,108216.56,Credit Card,Delivered,5,Not Returned
FLK10257,2023-11-06,Customer 257,Home & Kitchen,Product 257,Apple,Seller 2,Maharashtra,Ahmedabad,3,1748.22,0.23,32861.92,-93341.1,Credit Card,Processing,1,Not Returned
FLK10258,2023-08-15,Customer 258,Home & Kitchen,Product 258,LG,Seller 10,Tamil Nadu,New Delhi,5,23814.32,0.13,13181.49,53164.15,Credit Card,Cancelled,2,Not Returned
FLK10259,2023-05-28,Customer 259,Clothing,Product 259,Sony,Seller 9,Delhi,New Delhi,1,13126.11,0.04,30939.62,-17813.51,Credit Card,Delivered,3,Not Returned
FLK10260,2023-04-07,Customer 260,Electronics,Product 260,Nike,Seller 10,Tamil Nadu,New Delhi,4,10727.25,0.17,37041.04,-105255.16,Cash on Delivery,Cancelled,3,Not Returned
FLK10261,2023-11-19,Customer 261,Electronics,Product 261,Sony,Seller 4,Maharashtra,Mumbai,3,27853.66,0.04,39581.3,-35182.92,Credit Card,Delivered,1,Not Returned
FLK10262,2023-09-13,Customer 262,Home & Kitchen,Product 262,Samsung,Seller 5,Tamil Nadu,New Delhi,5,12700.37,0.17,15640.85,-14702.4,UPI,Cancelled,2,Not Returned
FLK10263,2023-08-01,Customer 263,Home & Kitchen,Product 263,Sony,Seller 9,Karnataka,Chennai,2,15393.16,0.18,39842.67,-48899.02,Cash on Delivery,Cancelled,3,Not Returned
FLK10264,2023-06-20,Customer 264,Electronics,Product 264,Sony,Seller 9,Tamil Nadu,New Delhi,5,43440.64,0.29,9946.3,167471.7,Cash on Delivery,Delivered,5,Not Returned
FLK10265,2023-08-31,Customer 265,Clothing,Product 265,Biba,Seller 3,Tamil Nadu,Chennai,1,48143.59,0.11,4501.09,43642.5,Cash on Delivery,Delivered,5,Not Returned
FLK10266,2023-03-15,Customer 266,Clothing,Product 266,Sony,Seller 3,Delhi,New Delhi,4,13746.15,0.19,16187.46,-9765.24,Credit Card,Cancelled,5,Not Returned
FLK10267,2023-07-14,Customer 267,Home & Kitchen,Product 267,Puma,Seller 8,Gujarat,Chennai,3,12260.26,0.21,11856.8,1210.38,UPI,Processing,3,Not Returned
FLK10268,2023-11-21,Customer 268,Books,Product 268,Biba,Seller 3,Karnataka,Chennai,1,39832.66,0.1,15296.89,24535.77,UPI,Delivered,3,Not Returned
FLK10269,2023-04-03,Customer 269,Beauty,Product 269,LG,Seller 2,Gujarat,New Delhi,3,12557.88,0.27,6182.67,19125.63,Cash on Delivery,Delivered,3,Not Returned
FLK10270,2023-08-27,Customer 270,Home & Kitchen,Product 270,Puma,Seller 9,Maharashtra,Chennai,3,17702.09,0.18,25684.46,-23947.11,Cash on Delivery,Delivered,3,Not Returned
FLK10271,2023-07-16,Customer 271,Clothing,Product 271,Apple,Seller 4,Tamil Nadu,Ahmedabad,2,15261.36,0.21,1416.46,27689.8,Cash on Delivery,Delivered,4,Not Returned
FLK10272,2023-01-26,Customer 272,Electronics,Product 272,Puma,Seller 8,Karnataka,Bangalore,3,18033.88,0.19,24974.61,-20822.19,UPI,Delivered,5,Not Returned
FLK10273,2023-06-08,Customer 273,Clothing,Product 273,Apple,Seller 10,Karnataka,Bangalore,1,15223.93,0.23,7461.85,7762.08,UPI,Processing,5,Not Returned
FLK10274,2023-09-14,Customer 274,Home & Kitchen,Product 274,Sony,Seller 3,Karnataka,New Delhi,5,15225.45,0.26,32185.85,-84802,Cash on Delivery,Shipped,1,Returned
FLK10275,2023-12-13,Customer 275,Clothing,Product 275,Sony,Seller 9,Karnataka,Chennai,4,1412.92,0.17,18441.31,-68113.56,Debit Card,Delivered,5,Returned
FLK10276,2023-02-25,Customer 276,Beauty,Product 276,Biba,Seller 1,Gujarat,Ahmedabad,2,30694.08,0.2,25545.43,10297.3,Cash on Delivery,Cancelled,2,Not Returned
FLK10277,2023-03-13,Customer 277,Books,Product 277,Apple,Seller 5,Tamil Nadu,Chennai,1,44307.91,0.05,18396.38,25911.53,Cash on Delivery,Delivered,4,Not Returned
FLK10278,2023-12-02,Customer 278,Books,Product 278,Sony,Seller 8,Gujarat,New Delhi,5,14469,0.21,9099.24,26848.8,Cash on Delivery,Shipped,5,Not Returned
FLK10279,2023-12-18,Customer 279,Home & Kitchen,Product 279,Samsung,Seller 6,Delhi,New Delhi,2,48283.73,0.29,32970.87,30625.72,Credit Card,Delivered,4,Not Returned
FLK10280,2023-01-11,Customer 280,Books,Product 280,Sony,Seller 6,Maharashtra,Bangalore,4,10808.16,0.25,22351.8,-46174.56,UPI,Processing,2,Not Returned
FLK10281,2023-11-02,Customer 281,Books,Product 281,Nike,Seller 3,Maharashtra,Ahmedabad,2,9299.89,0.2,1567.51,15464.76,Credit Card,Delivered,5,Not Returned
FLK10282,2023-01-09,Customer 282,Beauty,Product 282,Nike,Seller 1,Maharashtra,New Delhi,3,37353.38,0.15,31154.74,18595.92,Credit Card,Delivered,2,Not Returned
FLK10283,2023-12-04,Customer 283,Electronics,Product 283,Nike,Seller 8,Delhi,Chennai,5,42345.2,0.13,4799.91,187726.45,Cash on Delivery,Delivered,1,Not Returned
FLK10284,2023-02-03,Customer 284,Beauty,Product 284,Nike,Seller 10,Gujarat,Ahmedabad,4,19437.79,0.18,12152.53,29141.04,Cash on Delivery,Delivered,4,Not Returned
FLK10285,2023-11-30,Customer 285,Electronics,Product 285,Puma,Seller 4,Tamil Nadu,New Delhi,5,21054.15,0.25,16236.5,24088.25,Credit Card,Delivered,2,Not Returned
FLK10286,2023-03-20,Customer 286,Clothing,Product 286,Apple,Seller 2,Delhi,Chennai,3,37300.51,0.12,5671.26,94887.75,Credit Card,Delivered,4,Not Returned
FLK10287,2023-03-04,Customer 287,Clothing,Product 287,Nike,Seller 7,Delhi,Mumbai,3,18000.74,0.18,8921.03,27239.13,Cash on Delivery,Delivered,1,Not Returned
FLK10288,2023-07-08,Customer 288,Books,Product 288,Sony,Seller 5,Gujarat,Bangalore,4,42239.92,0.29,32744.15,37983.08,Credit Card,Delivered,4,Not Returned
FLK10289,2023-01-15,Customer 289,Beauty,Product 289,Nike,Seller 5,Karnataka,Mumbai,1,43453.46,0.17,16317.3,27136.16,UPI,Processing,5,Not Returned
FLK10290,2023-09-29,Customer 290,Beauty,Product 290,Biba,Seller 7,Tamil Nadu,Mumbai,1,16035.67,0.1,37581.26,-21545.59,Credit Card,Cancelled,1,Not Returned
FLK10291,2023-01-26,Customer 291,Books,Product 291,Nike,Seller 8,Tamil Nadu,New Delhi,3,21072.33,0.07,20705.29,1101.12,Debit Card,Delivered,2,Not Returned
FLK10292,2023-09-07,Customer 292,Electronics,Product 292,Puma,Seller 5,Delhi,Bangalore,2,30165.73,0.01,12409.04,35513.38,UPI,Processing,5,Not Returned
FLK10293,2023-03-03,Customer 293,Books,Product 293,Biba,Seller 7,Maharashtra,Bangalore,2,35290.8,0.16,33331.27,3919.06,Debit Card,Delivered,5,Not Returned
FLK10294,2023-01-10,Customer 294,Clothing,Product 294,Apple,Seller 6,Gujarat,New Delhi,3,35577.03,0.13,5083.56,91480.41,Credit Card,Shipped,1,Returned
FLK10295,2023-08-24,Customer 295,Home & Kitchen,Product 295,Apple,Seller 7,Delhi,Bangalore,3,20397.78,0.03,34793.26,-43186.44,Debit Card,Delivered,5,Not Returned
FLK10296,2023-11-21,Customer 296,Books,Product 296,Samsung,Seller 9,Maharashtra,Mumbai,2,47793.38,0.2,6362.5,82861.76,Credit Card,Delivered,2,Not Returned
FLK10297,2023-12-02,Customer 297,Books,Product 297,LG,Seller 8,Tamil Nadu,Ahmedabad,4,22777.72,0.28,22756.29,85.72,Debit Card,Cancelled,4,Not Returned
FLK10298,2023-02-04,Customer 298,Clothing,Product 298,Biba,Seller 5,Karnataka,Ahmedabad,1,25647.64,0.1,18328.34,7319.3,Credit Card,Delivered,2,Not Returned
FLK10299,2023-02-16,Customer 299,Electronics,Product 299,Samsung,Seller 9,Tamil Nadu,New Delhi,3,47597.31,0.22,2167.04,136290.81,UPI,Delivered,3,Not Returned
FLK10300,2023-02-01,Customer 300,Clothing,Product 300,Apple,Seller 6,Delhi,Ahmedabad,4,2651.79,0.22,39531.3,-147518.04,UPI,Delivered,5,Not Returned
FLK10301,2023-06-23,Customer 301,Electronics,Product 301,Apple,Seller 6,Delhi,Mumbai,1,34048.56,0.09,29019.64,5028.92,UPI,Delivered,4,Not Returned
FLK10302,2023-06-29,Customer 302,Home & Kitchen,Product 302,Puma,Seller 7,Maharashtra,Ahmedabad,4,4890.35,0.17,25863.6,-83893,Debit Card,Processing,4,Not Returned
FLK10303,2023-12-17,Customer 303,Electronics,Product 303,Apple,Seller 7,Gujarat,Mumbai,1,15899.55,0.29,13994.65,1904.9,Cash on Delivery,Delivered,5,Not Returned
FLK10304,2023-06-01,Customer 304,Books,Product 304,Samsung,Seller 9,Gujarat,Chennai,4,43774.19,0.19,24044.61,78918.32,UPI,Delivered,5,Not Returned
FLK10305,2023-03-26,Customer 305,Clothing,Product 305,Apple,Seller 7,Karnataka,Bangalore,5,30719.29,0.23,31382.21,-3314.6,UPI,Delivered,2,Not Returned
FLK10306,2023-08-29,Customer 306,Beauty,Product 306,Nike,Seller 10,Tamil Nadu,New Delhi,4,38947.62,0.16,17020.42,87708.8,UPI,Cancelled,5,Not Returned
FLK10307,2023-05-09,Customer 307,Books,Product 307,Puma,Seller 8,Karnataka,Ahmedabad,5,35670.45,0.16,5457.39,151065.3,Credit Card,Processing,2,Pending
FLK10308,2023-03-17,Customer 308,Clothing,Product 308,Apple,Seller 4,Tamil Nadu,Mumbai,5,21107.36,0.12,15262.29,29225.35,Cash on Delivery,Shipped,2,Not Returned
FLK10309,2023-02-20,Customer 309,Home & Kitchen,Product 309,Sony,Seller 3,Maharashtra,Chennai,2,41483.85,0.21,6012.56,70942.58,Cash on Delivery,Delivered,1,Not Returned
FLK10310,2023-05-12,Customer 310,Beauty,Product 310,Sony,Seller 3,Gujarat,Ahmedabad,3,6190.34,0.09,12398.5,-18624.48,Credit Card,Delivered,4,Not Returned
FLK10311,2023-02-02,Customer 311,Books,Product 311,Sony,Seller 8,Gujarat,Ahmedabad,1,26042.48,0.08,6200.73,19841.75,Cash on Delivery,Delivered,2,Not Returned
FLK10312,2023-04-06,Customer 312,Books,Product 312,Samsung,Seller 6,Delhi,Ahmedabad,3,39354.71,0.16,1353.32,114004.17,Cash on Delivery,Delivered,3,Not Returned
FLK10313,2023-01-09,Customer 313,Home & Kitchen,Product 313,Sony,Seller 2,Karnataka,Bangalore,4,31586.75,0.23,29470.13,8466.48,Debit Card,Delivered,2,Not Returned
FLK10314,2023-11-26,Customer 314,Beauty,Product 314,Sony,Seller 8,Tamil Nadu,Bangalore,5,3828.54,0.24,18555.12,-73632.9,Debit Card,Delivered,5,Not Returned
FLK10315,2023-06-11,Customer 315,Home & Kitchen,Product 315,Samsung,Seller 7,Gujarat,New Delhi,2,37727.92,0.07,14594.14,46267.56,Credit Card,Cancelled,2,Not Returned
FLK10316,2023-07-08,Customer 316,Clothing,Product 316,Biba,Seller 8,Tamil Nadu,Mumbai,5,25100.8,0.15,36908.8,-59040,Debit Card,Processing,4,Not Returned
FLK10317,2023-11-05,Customer 317,Beauty,Product 317,Samsung,Seller 5,Karnataka,Chennai,1,33190.99,0.1,24256.03,8934.96,Cash on Delivery,Delivered,3,Not Returned
FLK10318,2023-06-30,Customer 318,Electronics,Product 318,Biba,Seller 5,Delhi,Chennai,4,20680.71,0.16,30048.75,-37472.16,UPI,Shipped,1,Not Returned
FLK10319,2023-08-13,Customer 319,Books,Product 319,LG,Seller 2,Maharashtra,Mumbai,2,47363.31,0.02,6588.6,81549.42,Cash on Delivery,Shipped,2,Not Returned
FLK10320,2023-10-21,Customer 320,Beauty,Product 320,Samsung,Seller 6,Tamil Nadu,Mumbai,4,12989.21,0.04,29489.32,-66000.44,Cash on Delivery,Delivered,5,Not Returned
FLK10321,2023-05-14,Customer 321,Clothing,Product 321,LG,Seller 10,Karnataka,New Delhi,1,7395.73,0.03,7344.5,51.23,Cash on Delivery,Shipped,5,Returned
FLK10322,2023-06-13,Customer 322,Home & Kitchen,Product 322,Puma,Seller 2,Gujarat,Ahmedabad,2,15461.96,0.06,28462.31,-26000.7,UPI,Processing,3,Not Returned
FLK10323,2023-04-13,Customer 323,Beauty,Product 323,LG,Seller 8,Delhi,Mumbai,3,18848.73,0.24,22251.07,-10207.02,Credit Card,Delivered,3,Not Returned
FLK10324,2023-09-03,Customer 324,Electronics,Product 324,Biba,Seller 7,Gujarat,Chennai,1,16300.42,0.03,18875.82,-2575.4,Debit Card,Delivered,5,Not Returned
FLK10325,2023-10-28,Customer 325,Beauty,Product 325,Sony,Seller 3,Tamil Nadu,Ahmedabad,5,3450.95,0.05,6571.97,-15605.1,UPI,Delivered,5,Not Returned
FLK10326,2023-09-23,Customer 326,Home & Kitchen,Product 326,Sony,Seller 2,Karnataka,Bangalore,3,27784.41,0.05,12464.31,45960.3,Credit Card,Delivered,1,Returned
FLK10327,2023-03-20,Customer 327,Beauty,Product 327,Puma,Seller 10,Gujarat,Mumbai,5,28411.95,0.25,1669.52,133712.15,Credit Card,Shipped,5,Not Returned
FLK10328,2023-04-18,Customer 328,Electronics,Product 328,Biba,Seller 10,Delhi,New Delhi,5,27525.87,0.2,12435.58,75451.45,UPI,Processing,4,Not Returned
FLK10329,2023-02-07,Customer 329,Books,Product 329,LG,Seller 8,Tamil Nadu,New Delhi,3,17438.18,0.05,34437.73,-50998.65,Debit Card,Delivered,5,Returned
FLK10330,2023-03-08,Customer 330,Home & Kitchen,Product 330,Samsung,Seller 9,Delhi,Mumbai,2,6747.07,0.14,6094.56,1305.02,Credit Card,Delivered,3,Not Returned
FLK10331,2023-05-08,Customer 331,Beauty,Product 331,Sony,Seller 6,Gujarat,Mumbai,1,8555.55,0.3,18914.44,-10358.89,Debit Card,Delivered,1,Not Returned
FLK10332,2023-08-23,Customer 332,Beauty,Product 332,LG,Seller 10,Karnataka,Chennai,1,25036.51,0.27,26287.09,-1250.58,Cash on Delivery,Delivered,1,Not Returned
FLK10333,2023-03-10,Customer 333,Home & Kitchen,Product 333,Puma,Seller 6,Tamil Nadu,Mumbai,1,3241.95,0.17,14812.42,-11570.47,Debit Card,Delivered,3,Not Returned
FLK10334,2023-05-24,Customer 334,Electronics,Product 334,Puma,Seller 10,Delhi,Bangalore,5,20076.26,0.24,13890.53,30928.65,Debit Card,Processing,2,Not Returned
FLK10335,2023-09-14,Customer 335,Books,Product 335,Apple,Seller 1,Maharashtra,Mumbai,4,26236.83,0.05,35682.46,-37782.52,UPI,Delivered,4,Not Returned
FLK10336,2023-11-12,Customer 336,Home & Kitchen,Product 336,Samsung,Seller 6,Gujarat,Ahmedabad,3,35539.75,0.1,32638.81,8702.82,Debit Card,Delivered,1,Not Returned
FLK10337,2023-06-07,Customer 337,Books,Product 337,Samsung,Seller 8,Karnataka,Ahmedabad,3,36161.57,0.18,7260.15,86704.26,Cash on Delivery,Delivered,4,Not Returned
FLK10338,2023-12-25,Customer 338,Books,Product 338,LG,Seller 1,Tamil Nadu,Mumbai,3,21012.23,0.07,20291.25,2162.94,Cash on Delivery,Cancelled,4,Not Returned
FLK10339,2023-03-12,Customer 339,Electronics,Product 339,LG,Seller 9,Karnataka,New Delhi,3,16139.56,0.06,36429.48,-60869.76,Debit Card,Delivered,4,Not Returned
FLK10340,2023-12-15,Customer 340,Home & Kitchen,Product 340,Samsung,Seller 8,Maharashtra,Bangalore,2,15390.37,0.28,39188.1,-47595.46,Debit Card,Delivered,4,Not Returned
FLK10341,2023-09-03,Customer 341,Home & Kitchen,Product 341,Samsung,Seller 5,Karnataka,Chennai,3,27408.65,0.27,16071.4,34011.75,Debit Card,Shipped,5,Not Returned
FLK10342,2023-05-28,Customer 342,Books,Product 342,Nike,Seller 8,Karnataka,New Delhi,1,41394.96,0.09,22658.99,18735.97,Debit Card,Delivered,4,Not Returned
FLK10343,2023-05-05,Customer 343,Books,Product 343,Puma,Seller 9,Maharashtra,Bangalore,1,21029,0.22,4508.18,16520.82,UPI,Delivered,4,Pending
FLK10344,2023-07-28,Customer 344,Clothing,Product 344,Biba,Seller 4,Karnataka,Mumbai,2,3635.12,0.23,26209.94,-45149.64,UPI,Delivered,4,Returned
FLK10345,2023-03-31,Customer 345,Clothing,Product 345,Sony,Seller 3,Delhi,New Delhi,4,9880.17,0.23,34862.74,-99930.28,Debit Card,Cancelled,1,Not Returned
FLK10346,2023-02-24,Customer 346,Home & Kitchen,Product 346,Nike,Seller 8,Gujarat,Ahmedabad,3,46827.62,0.26,18961.86,83597.28,UPI,Processing,2,Not Returned
FLK10347,2023-11-28,Customer 347,Home & Kitchen,Product 347,Puma,Seller 3,Delhi,Mumbai,4,28616.43,0.23,7456.14,84641.16,Cash on Delivery,Cancelled,3,Not Returned
FLK10348,2023-12-09,Customer 348,Books,Product 348,LG,Seller 3,Tamil Nadu,Mumbai,5,1064.76,0.12,18124.66,-85299.5,Debit Card,Shipped,2,Not Returned
FLK10349,2023-01-06,Customer 349,Home & Kitchen,Product 349,Puma,Seller 6,Maharashtra,Chennai,4,23587.63,0.06,27538.39,-15803.04,Debit Card,Delivered,4,Returned
FLK10350,2023-07-08,Customer 350,Electronics,Product 350,LG,Seller 4,Maharashtra,New Delhi,1,37455.03,0.19,16909.69,20545.34,Cash on Delivery,Processing,5,Not Returned
FLK10351,2023-05-07,Customer 351,Electronics,Product 351,Sony,Seller 2,Gujarat,New Delhi,3,18498.71,0.28,4966.95,40595.28,UPI,Delivered,1,Not Returned
FLK10352,2023-09-24,Customer 352,Clothing,Product 352,Apple,Seller 4,Gujarat,New Delhi,1,25796.88,0.24,18388.06,7408.82,Cash on Delivery,Delivered,1,Not Returned
FLK10353,2023-06-07,Customer 353,Books,Product 353,Biba,Seller 5,Delhi,Bangalore,3,2953.74,0.11,3061.35,-322.83,Credit Card,Shipped,1,Pending
FLK10354,2023-01-17,Customer 354,Home & Kitchen,Product 354,Biba,Seller 3,Maharashtra,New Delhi,2,44508.02,0.14,36625.78,15764.48,Cash on Delivery,Delivered,4,Not Returned
FLK10355,2023-10-04,Customer 355,Beauty,Product 355,Puma,Seller 6,Delhi,Bangalore,5,20034.75,0.05,39049.02,-95071.35,Credit Card,Processing,5,Not Returned
FLK10356,2023-10-06,Customer 356,Clothing,Product 356,Samsung,Seller 7,Maharashtra,Bangalore,3,8348.23,0.06,34977.49,-79887.78,Credit Card,Delivered,4,Not Returned
FLK10357,2023-01-09,Customer 357,Beauty,Product 357,LG,Seller 2,Delhi,Ahmedabad,1,30090.09,0.21,2468.07,27622.02,Credit Card,Delivered,2,Not Returned
FLK10358,2023-01-29,Customer 358,Beauty,Product 358,Samsung,Seller 5,Maharashtra,Ahmedabad,2,30096.61,0.21,13166.02,33861.18,Debit Card,Cancelled,5,Not Returned
FLK10359,2023-07-31,Customer 359,Home & Kitchen,Product 359,Nike,Seller 1,Gujarat,Ahmedabad,5,45502.33,0.19,17356.31,140730.1,Cash on Delivery,Delivered,2,Not Returned
FLK10360,2023-07-15,Customer 360,Electronics,Product 360,Nike,Seller 7,Tamil Nadu,Bangalore,2,9760.69,0.17,10031.36,-541.34,UPI,Delivered,4,Not Returned
FLK10361,2023-01-30,Customer 361,Electronics,Product 361,Biba,Seller 7,Gujarat,Ahmedabad,1,12657.53,0.07,25989.96,-13332.43,Cash on Delivery,Cancelled,1,Not Returned
FLK10362,2023-04-08,Customer 362,Books,Product 362,Nike,Seller 7,Gujarat,Ahmedabad,1,4304.16,0.24,23664.55,-19360.39,UPI,Delivered,5,Not Returned
FLK10363,2023-01-08,Customer 363,Beauty,Product 363,LG,Seller 2,Tamil Nadu,Bangalore,4,35295.58,0.13,9966.96,101314.48,Debit Card,Processing,3,Not Returned
FLK10364,2023-07-03,Customer 364,Home & Kitchen,Product 364,Nike,Seller 6,Gujarat,New Delhi,3,40160.42,0.22,30510.15,28950.81,Debit Card,Shipped,2,Not Returned
FLK10365,2023-10-16,Customer 365,Beauty,Product 365,Puma,Seller 3,Delhi,Mumbai,3,29414.59,0.22,12164.12,51751.41,UPI,Delivered,2,Not Returned
FLK10366,2023-09-13,Customer 366,Electronics,Product 366,Puma,Seller 6,Karnataka,New Delhi,5,32246.75,0.15,7170.54,125381.05,Debit Card,Delivered,4,Not Returned
FLK10367,2023-10-05,Customer 367,Books,Product 367,Samsung,Seller 1,Delhi,Chennai,4,20984.34,0.25,9656.33,45312.04,UPI,Delivered,3,Not Returned
FLK10368,2023-11-13,Customer 368,Electronics,Product 368,Biba,Seller 8,Delhi,Chennai,3,20932.59,0.01,28959.04,-24079.35,Debit Card,Delivered,5,Not Returned
FLK10369,2023-04-02,Customer 369,Books,Product 369,Apple,Seller 9,Maharashtra,Bangalore,1,26586.7,0.25,11068.02,15518.68,Cash on Delivery,Delivered,5,Not Returned
FLK10370,2023-05-05,Customer 370,Beauty,Product 370,Nike,Seller 2,Delhi,Chennai,2,19254.35,0.15,25598.3,-12687.9,UPI,Delivered,5,Not Returned
FLK10371,2023-06-19,Customer 371,Electronics,Product 371,Sony,Seller 2,Gujarat,Chennai,2,44996.2,0.21,22846.46,44299.48,Debit Card,Delivered,1,Pending
FLK10372,2023-10-06,Customer 372,Electronics,Product 372,Puma,Seller 1,Maharashtra,Mumbai,1,10904.07,0.05,32833.19,-21929.12,Cash on Delivery,Shipped,2,Not Returned
FLK10373,2023-10-18,Customer 373,Clothing,Product 373,Puma,Seller 9,Karnataka,New Delhi,4,7603.1,0.3,29036.55,-85733.8,Debit Card,Delivered,3,Not Returned
FLK10374,2023-06-24,Customer 374,Electronics,Product 374,Sony,Seller 10,Gujarat,New Delhi,5,16759.6,0.19,31372.29,-73063.45,Cash on Delivery,Delivered,2,Returned
FLK10375,2023-08-10,Customer 375,Beauty,Product 375,Puma,Seller 10,Tamil Nadu,Chennai,4,15237.15,0.08,3444.71,47169.76,Debit Card,Delivered,4,Not Returned
FLK10376,2023-07-19,Customer 376,Home & Kitchen,Product 376,Nike,Seller 2,Delhi,Chennai,5,22572.93,0.23,4574.52,89992.05,Credit Card,Delivered,3,Not Returned
FLK10377,2023-07-28,Customer 377,Books,Product 377,Apple,Seller 2,Karnataka,Ahmedabad,1,30102.8,0.1,15705.82,14396.98,Debit Card,Delivered,5,Not Returned
FLK10378,2023-10-14,Customer 378,Beauty,Product 378,Samsung,Seller 9,Maharashtra,New Delhi,1,13937.51,0.09,6293.48,7644.03,UPI,Delivered,3,Not Returned
FLK10379,2023-02-09,Customer 379,Home & Kitchen,Product 379,Nike,Seller 4,Tamil Nadu,Ahmedabad,3,23217.62,0.05,819.7,67193.76,Cash on Delivery,Delivered,4,Not Returned
FLK10380,2023-06-18,Customer 380,Clothing,Product 380,Nike,Seller 7,Gujarat,Bangalore,2,30356.61,0.21,19394.08,21925.06,UPI,Shipped,5,Not Returned
FLK10381,2023-12-22,Customer 381,Clothing,Product 381,Samsung,Seller 4,Karnataka,New Delhi,2,39327.9,0.12,37213.88,4228.04,UPI,Delivered,4,Not Returned
FLK10382,2023-10-09,Customer 382,Books,Product 382,Puma,Seller 8,Maharashtra,New Delhi,4,41558.52,0.03,33898.99,30638.12,Cash on Delivery,Delivered,1,Not Returned
FLK10383,2023-05-10,Customer 383,Beauty,Product 383,Puma,Seller 7,Tamil Nadu,Chennai,3,30097.4,0.18,21571.43,25577.91,Cash on Delivery,Delivered,5,Not Returned
FLK10384,2023-10-02,Customer 384,Electronics,Product 384,Puma,Seller 2,Delhi,Bangalore,4,18165.9,0.2,2295.81,63480.36,Cash on Delivery,Shipped,2,Not Returned
FLK10385,2023-02-24,Customer 385,Books,Product 385,Apple,Seller 5,Maharashtra,Ahmedabad,4,28135.69,0.21,9247.21,75553.92,Debit Card,Delivered,5,Not Returned
FLK10386,2023-09-14,Customer 386,Beauty,Product 386,Nike,Seller 1,Tamil Nadu,Chennai,2,45942.89,0.03,33251.18,25383.42,UPI,Delivered,2,Not Returned
FLK10387,2023-09-24,Customer 387,Clothing,Product 387,Nike,Seller 8,Delhi,New Delhi,4,22951.68,0.03,2311.01,82562.68,Credit Card,Delivered,2,Not Returned
FLK10388,2023-03-26,Customer 388,Beauty,Product 388,Samsung,Seller 3,Gujarat,Bangalore,2,21670.84,0.14,31931.11,-20520.54,UPI,Delivered,4,Not Returned
FLK10389,2023-11-11,Customer 389,Beauty,Product 389,Biba,Seller 10,Tamil Nadu,New Delhi,1,11279.21,0.09,28234.02,-16954.81,Credit Card,Delivered,5,Not Returned
FLK10390,2023-07-07,Customer 390,Home & Kitchen,Product 390,LG,Seller 8,Delhi,Mumbai,4,24770.78,0.29,12880.43,47561.4,Cash on Delivery,Delivered,4,Not Returned
FLK10391,2023-08-23,Customer 391,Electronics,Product 391,LG,Seller 5,Gujarat,Ahmedabad,1,7308.27,0.04,12564.82,-5256.55,UPI,Delivered,1,Not Returned
FLK10392,2023-11-02,Customer 392,Beauty,Product 392,Samsung,Seller 7,Tamil Nadu,Bangalore,3,27123.2,0.28,37159.91,-30110.13,UPI,Delivered,3,Not Returned
FLK10393,2023-06-11,Customer 393,Clothing,Product 393,Samsung,Seller 1,Karnataka,Chennai,3,10313.22,0.12,22641.85,-36985.89,Cash on Delivery,Delivered,3,Not Returned
FLK10394,2023-08-16,Customer 394,Clothing,Product 394,LG,Seller 2,Gujarat,Chennai,4,11560.82,0.02,9397.13,8654.76,Debit Card,Delivered,3,Not Returned
FLK10395,2023-09-11,Customer 395,Electronics,Product 395,Samsung,Seller 2,Gujarat,Chennai,2,27404.49,0.3,21873.34,11062.3,Credit Card,Processing,3,Not Returned
FLK10396,2023-08-06,Customer 396,Books,Product 396,Puma,Seller 4,Karnataka,Chennai,3,17849.99,0.25,17823.16,80.49,Credit Card,Processing,2,Not Returned
FLK10397,2023-10-29,Customer 397,Home & Kitchen,Product 397,Sony,Seller 10,Tamil Nadu,Bangalore,3,39277.94,0.25,32233.36,21133.74,Debit Card,Delivered,4,Not Returned
FLK10398,2023-12-27,Customer 398,Home & Kitchen,Product 398,Nike,Seller 10,Karnataka,Ahmedabad,5,34093.75,0.04,38421.58,-21639.15,Cash on Delivery,Shipped,5,Not Returned
FLK10399,2023-03-06,Customer 399,Beauty,Product 399,LG,Seller 3,Karnataka,Bangalore,4,33943.22,0.15,23265.01,42712.84,Debit Card,Delivered,2,Not Returned
FLK10400,2023-02-17,Customer 400,Clothing,Product 400,Samsung,Seller 5,Karnataka,New Delhi,5,16804.43,0.01,31002.06,-70988.15,Credit Card,Delivered,3,Not Returned
FLK10401,2023-07-03,Customer 401,Books,Product 401,Sony,Seller 9,Tamil Nadu,Bangalore,5,41242.5,0.15,13252.56,139949.7,Debit Card,Delivered,4,Not Returned
FLK10402,2023-09-06,Customer 402,Home & Kitchen,Product 402,Puma,Seller 1,Delhi,Chennai,3,41824.75,0.01,37110.27,14143.44,UPI,Delivered,1,Returned
FLK10403,2023-04-14,Customer 403,Beauty,Product 403,Puma,Seller 5,Maharashtra,Mumbai,1,18432.43,0.03,26690.19,-8257.76,UPI,Delivered,4,Not Returned
FLK10404,2023-04-30,Customer 404,Clothing,Product 404,Puma,Seller 2,Delhi,Chennai,1,4557.33,0.18,20984.47,-16427.14,Cash on Delivery,Delivered,4,Not Returned
FLK10405,2023-08-05,Customer 405,Beauty,Product 405,Biba,Seller 2,Maharashtra,New Delhi,1,40314.66,0.04,15010.57,25304.09,Debit Card,Delivered,5,Not Returned
FLK10406,2023-03-10,Customer 406,Beauty,Product 406,Apple,Seller 9,Gujarat,Chennai,3,8790.04,0.11,8933.49,-430.35,UPI,Shipped,4,Not Returned
FLK10407,2023-04-22,Customer 407,Books,Product 407,Apple,Seller 3,Delhi,Ahmedabad,4,17995.31,0.13,31668.4,-54692.36,UPI,Delivered,1,Not Returned
FLK10408,2023-11-04,Customer 408,Electronics,Product 408,Nike,Seller 1,Karnataka,Bangalore,3,25755,0.23,12177.87,40731.39,Credit Card,Processing,5,Not Returned
FLK10409,2023-07-17,Customer 409,Books,Product 409,LG,Seller 8,Gujarat,Chennai,3,48749.84,0.3,37286.93,34388.73,UPI,Delivered,5,Not Returned
FLK10410,2023-10-07,Customer 410,Beauty,Product 410,Sony,Seller 8,Delhi,Chennai,3,1406.77,0.07,36840.7,-106301.79,Cash on Delivery,Delivered,4,Not Returned
FLK10411,2023-08-01,Customer 411,Clothing,Product 411,Puma,Seller 7,Delhi,Ahmedabad,3,8228.34,0.03,3661.62,13700.16,UPI,Shipped,1,Not Returned
FLK10412,2023-10-28,Customer 412,Books,Product 412,Nike,Seller 7,Maharashtra,Chennai,2,46143.3,0.04,24636.57,43013.46,Credit Card,Delivered,4,Not Returned
FLK10413,2023-03-03,Customer 413,Books,Product 413,Puma,Seller 3,Delhi,Bangalore,3,17758.06,0.16,32904.62,-45439.68,Debit Card,Delivered,1,Not Returned
FLK10414,2023-05-18,Customer 414,Books,Product 414,Sony,Seller 1,Karnataka,New Delhi,2,3866.43,0.22,23234.57,-38736.28,Credit Card,Delivered,3,Not Returned
FLK10415,2023-10-18,Customer 415,Beauty,Product 415,Nike,Seller 3,Karnataka,Chennai,5,33839.38,0.04,29690.11,20746.35,Credit Card,Delivered,5,Not Returned
FLK10416,2023-08-30,Customer 416,Home & Kitchen,Product 416,Biba,Seller 3,Maharashtra,Chennai,3,45618.73,0.22,17048.29,85711.32,Debit Card,Delivered,5,Not Returned
FLK10417,2023-02-09,Customer 417,Electronics,Product 417,Nike,Seller 2,Gujarat,Chennai,1,40235.15,0.29,38079.68,2155.47,Credit Card,Cancelled,5,Not Returned
FLK10418,2023-06-09,Customer 418,Home & Kitchen,Product 418,Apple,Seller 9,Tamil Nadu,Chennai,2,15051.27,0.24,29642.76,-29182.98,UPI,Delivered,4,Not Returned
FLK10419,2023-04-11,Customer 419,Electronics,Product 419,Sony,Seller 4,Maharashtra,Chennai,5,1903.67,0.17,25566.59,-118314.6,Credit Card,Shipped,1,Not Returned
FLK10420,2023-06-07,Customer 420,Books,Product 420,LG,Seller 9,Maharashtra,New Delhi,3,3671.1,0.3,28544.46,-74620.08,Credit Card,Delivered,2,Not Returned
FLK10421,2023-07-31,Customer 421,Home & Kitchen,Product 421,Biba,Seller 2,Gujarat,Chennai,3,32026.77,0.12,23834.15,24577.86,Credit Card,Delivered,5,Not Returned
FLK10422,2023-05-14,Customer 422,Home & Kitchen,Product 422,Sony,Seller 7,Karnataka,Mumbai,3,12203.34,0.28,5907.11,18888.69,Credit Card,Delivered,1,Not Returned
FLK10423,2023-07-28,Customer 423,Books,Product 423,Samsung,Seller 6,Maharashtra,New Delhi,2,13745.42,0.04,6752.9,13985.04,Debit Card,Cancelled,4,Not Returned
FLK10424,2023-06-17,Customer 424,Beauty,Product 424,Apple,Seller 4,Karnataka,New Delhi,3,33989.82,0.09,39519.13,-16587.93,Credit Card,Shipped,5,Not Returned
FLK10425,2023-10-09,Customer 425,Beauty,Product 425,Apple,Seller 8,Delhi,Bangalore,1,3758.23,0.24,9296.63,-5538.4,UPI,Cancelled,2,Not Returned
FLK10426,2023-11-27,Customer 426,Books,Product 426,Samsung,Seller 10,Karnataka,Chennai,1,3895.9,0.27,17994.7,-14098.8,UPI,Delivered,5,Not Returned
FLK10427,2023-03-04,Customer 427,Books,Product 427,Biba,Seller 1,Maharashtra,Ahmedabad,3,36310.43,0.15,15607.16,62109.81,Cash on Delivery,Delivered,2,Not Returned
FLK10428,2023-05-24,Customer 428,Clothing,Product 428,LG,Seller 1,Gujarat,Ahmedabad,3,32521.01,0.15,35275.25,-8262.72,Cash on Delivery,Delivered,2,Not Returned
FLK10429,2023-04-13,Customer 429,Electronics,Product 429,LG,Seller 9,Delhi,New Delhi,4,18367.44,0.17,19617.09,-4998.6,Debit Card,Delivered,1,Not Returned
FLK10430,2023-04-23,Customer 430,Books,Product 430,Sony,Seller 5,Delhi,New Delhi,3,38393.5,0.3,38862.41,-1406.73,Credit Card,Delivered,2,Not Returned
FLK10431,2023-01-29,Customer 431,Beauty,Product 431,Samsung,Seller 7,Karnataka,Bangalore,1,29831.47,0.24,27992.79,1838.68,Credit Card,Delivered,2,Not Returned
FLK10432,2023-03-14,Customer 432,Electronics,Product 432,LG,Seller 8,Gujarat,Mumbai,1,2593.92,0.03,24218.31,-21624.39,Credit Card,Delivered,1,Pending
FLK10433,2023-04-14,Customer 433,Beauty,Product 433,Nike,Seller 3,Karnataka,Chennai,1,29541.18,0.28,31011.15,-1469.97,Debit Card,Shipped,2,Returned
FLK10434,2023-07-22,Customer 434,Electronics,Product 434,Apple,Seller 6,Karnataka,Mumbai,1,8465.25,0.29,31698.52,-23233.27,Cash on Delivery,Delivered,1,Returned
FLK10435,2023-12-22,Customer 435,Electronics,Product 435,Sony,Seller 6,Maharashtra,Ahmedabad,5,19314,0.22,12137.57,35882.15,UPI,Delivered,5,Returned
FLK10436,2023-07-20,Customer 436,Electronics,Product 436,Apple,Seller 3,Gujarat,Mumbai,5,48250.57,0.07,22797.92,127263.25,Cash on Delivery,Delivered,4,Not Returned
FLK10437,2023-06-13,Customer 437,Beauty,Product 437,Puma,Seller 2,Karnataka,New Delhi,1,11028.14,0.21,14338.76,-3310.62,Credit Card,Delivered,1,Not Returned
FLK10438,2023-08-03,Customer 438,Beauty,Product 438,Biba,Seller 8,Tamil Nadu,Mumbai,3,5711.05,0.15,34538.64,-86482.77,UPI,Delivered,1,Not Returned
FLK10439,2023-05-31,Customer 439,Books,Product 439,Nike,Seller 5,Delhi,Chennai,2,44340.91,0.06,3503.54,81674.74,Credit Card,Delivered,5,Pending
FLK10440,2023-12-27,Customer 440,Books,Product 440,Biba,Seller 3,Gujarat,New Delhi,1,5702.67,0.07,8026.04,-2323.37,Debit Card,Delivered,2,Not Returned
FLK10441,2023-07-21,Customer 441,Electronics,Product 441,Samsung,Seller 8,Maharashtra,Chennai,2,21731.58,0.1,26592.31,-9721.46,Cash on Delivery,Delivered,1,Not Returned
FLK10442,2023-05-30,Customer 442,Books,Product 442,Biba,Seller 2,Karnataka,New Delhi,3,44682.08,0.09,25799.61,56647.41,Cash on Delivery,Delivered,5,Not Returned
FLK10443,2023-08-17,Customer 443,Books,Product 443,Nike,Seller 8,Tamil Nadu,Mumbai,2,13919.98,0.03,30140.67,-32441.38,Credit Card,Delivered,2,Not Returned
FLK10444,2023-10-29,Customer 444,Beauty,Product 444,Samsung,Seller 1,Tamil Nadu,Ahmedabad,3,27031.61,0.26,19229.46,23406.45,UPI,Delivered,1,Pending
FLK10445,2023-01-18,Customer 445,Electronics,Product 445,Samsung,Seller 9,Gujarat,Ahmedabad,1,47352.88,0.14,37882.31,9470.57,UPI,Shipped,5,Not Returned
FLK10446,2023-08-05,Customer 446,Books,Product 446,Puma,Seller 7,Maharashtra,Bangalore,5,13395.63,0.27,36510.1,-115572.35,Credit Card,Delivered,4,Not Returned
FLK10447,2023-05-22,Customer 447,Electronics,Product 447,Biba,Seller 1,Gujarat,Ahmedabad,3,21338.06,0.13,6382.56,44866.5,Credit Card,Shipped,4,Not Returned
FLK10448,2023-05-27,Customer 448,Electronics,Product 448,Nike,Seller 7,Karnataka,New Delhi,4,28824.78,0.15,7326.53,85993,Cash on Delivery,Delivered,4,Not Returned
FLK10449,2023-01-20,Customer 449,Clothing,Product 449,Nike,Seller 4,Delhi,New Delhi,5,44787.87,0.02,32703.2,60423.35,Debit Card,Delivered,5,Not Returned
FLK10450,2023-12-17,Customer 450,Books,Product 450,Sony,Seller 4,Maharashtra,Mumbai,5,22493.11,0.25,11150.43,56713.4,Cash on Delivery,Delivered,1,Not Returned
FLK10451,2023-07-28,Customer 451,Clothing,Product 451,Sony,Seller 9,Karnataka,Chennai,3,8537.38,0.1,20486.95,-35848.71,UPI,Processing,3,Not Returned
FLK10452,2023-03-30,Customer 452,Beauty,Product 452,Sony,Seller 4,Delhi,Bangalore,1,3212.56,0.11,8384.97,-5172.41,Debit Card,Cancelled,3,Not Returned
FLK10453,2023-03-05,Customer 453,Books,Product 453,LG,Seller 6,Tamil Nadu,Ahmedabad,3,47906.2,0.15,22238.75,77002.35,Debit Card,Delivered,5,Not Returned
FLK10454,2023-12-19,Customer 454,Books,Product 454,Nike,Seller 1,Tamil Nadu,Chennai,1,28836.31,0.29,34265.69,-5429.38,UPI,Delivered,2,Not Returned
FLK10455,2023-01-11,Customer 455,Books,Product 455,Biba,Seller 3,Maharashtra,Ahmedabad,4,11719.98,0.19,37644.09,-103696.44,Debit Card,Delivered,2,Not Returned
FLK10456,2023-05-10,Customer 456,Beauty,Product 456,Biba,Seller 5,Gujarat,Ahmedabad,2,5754.45,0.16,26605.5,-41702.1,Debit Card,Delivered,4,Not Returned
FLK10457,2023-12-17,Customer 457,Books,Product 457,Biba,Seller 2,Karnataka,Mumbai,4,43042.3,0.09,28522.49,58079.24,Debit Card,Delivered,3,Not Returned
FLK10458,2023-01-30,Customer 458,Electronics,Product 458,Biba,Seller 6,Maharashtra,Chennai,4,49720.97,0.09,17016.68,130817.16,Cash on Delivery,Processing,4,Returned
FLK10459,2023-04-08,Customer 459,Home & Kitchen,Product 459,Puma,Seller 4,Gujarat,New Delhi,5,33728.78,0.16,33805.82,-385.2,UPI,Delivered,3,Not Returned
FLK10460,2023-10-14,Customer 460,Beauty,Product 460,Puma,Seller 6,Delhi,Bangalore,2,37281.9,0.1,31550.95,11461.9,Debit Card,Delivered,4,Not Returned
FLK10461,2023-03-02,Customer 461,Clothing,Product 461,Apple,Seller 10,Gujarat,Ahmedabad,1,44414.33,0.16,34674.22,9740.11,Cash on Delivery,Delivered,3,Not Returned
FLK10462,2023-03-19,Customer 462,Beauty,Product 462,LG,Seller 6,Tamil Nadu,Ahmedabad,5,49189.54,0.05,34473.47,73580.35,UPI,Processing,3,Not Returned
FLK10463,2023-04-01,Customer 463,Home & Kitchen,Product 463,Puma,Seller 1,Delhi,New Delhi,2,38116.05,0.06,30622.44,14987.22,Cash on Delivery,Processing,5,Not Returned
FLK10464,2023-08-11,Customer 464,Clothing,Product 464,Biba,Seller 7,Tamil Nadu,New Delhi,1,26946.55,0.22,37921.92,-10975.37,Debit Card,Processing,3,Not Returned
FLK10465,2023-01-03,Customer 465,Beauty,Product 465,LG,Seller 6,Karnataka,Bangalore,1,25451.16,0.1,3121.41,22329.75,Credit Card,Delivered,2,Not Returned
FLK10466,2023-11-02,Customer 466,Electronics,Product 466,Nike,Seller 7,Maharashtra,Mumbai,5,24804.9,0.23,7038.77,88830.65,Cash on Delivery,Delivered,2,Returned
FLK10467,2023-04-19,Customer 467,Books,Product 467,Samsung,Seller 9,Maharashtra,Chennai,2,32681.22,0.02,35030.03,-4697.62,Debit Card,Processing,4,Not Returned
FLK10468,2023-01-25,Customer 468,Books,Product 468,Puma,Seller 1,Delhi,Chennai,3,19405.83,0.17,19212.63,579.6,UPI,Delivered,4,Not Returned
FLK10469,2023-08-04,Customer 469,Books,Product 469,Puma,Seller 9,Karnataka,Ahmedabad,3,7466.21,0.25,4680.04,8358.51,Credit Card,Delivered,5,Not Returned
FLK10470,2023-11-08,Customer 470,Beauty,Product 470,Sony,Seller 5,Gujarat,Bangalore,2,20854.87,0.06,22113.09,-2516.44,UPI,Delivered,3,Not Returned
FLK10471,2023-01-07,Customer 471,Books,Product 471,Apple,Seller 10,Tamil Nadu,Bangalore,5,39016.49,0.03,29013.45,50015.2,Debit Card,Delivered,3,Returned
FLK10472,2023-05-16,Customer 472,Clothing,Product 472,Apple,Seller 2,Maharashtra,Chennai,5,18421.59,0.21,17308.9,5563.45,Credit Card,Delivered,4,Not Returned
FLK10473,2023-03-12,Customer 473,Beauty,Product 473,Nike,Seller 6,Tamil Nadu,Ahmedabad,2,36734.65,0.12,14033.6,45402.1,Credit Card,Delivered,5,Not Returned
FLK10474,2023-07-17,Customer 474,Clothing,Product 474,Sony,Seller 7,Maharashtra,Chennai,1,36407.69,0.29,33763.76,2643.93,Credit Card,Delivered,4,Not Returned
FLK10475,2023-12-14,Customer 475,Clothing,Product 475,LG,Seller 10,Tamil Nadu,Mumbai,3,43095.55,0.27,29159.08,41809.41,UPI,Delivered,3,Not Returned
FLK10476,2023-08-14,Customer 476,Books,Product 476,Apple,Seller 5,Karnataka,Chennai,4,34026.44,0.23,23234.46,43167.92,UPI,Shipped,4,Not Returned
FLK10477,2023-09-25,Customer 477,Electronics,Product 477,Apple,Seller 7,Maharashtra,New Delhi,2,33946.22,0.12,33554.64,783.16,Credit Card,Delivered,5,Not Returned
FLK10478,2023-08-29,Customer 478,Clothing,Product 478,Sony,Seller 3,Delhi,New Delhi,2,16981.52,0.09,20492.23,-7021.42,Cash on Delivery,Delivered,2,Not Returned
FLK10479,2023-10-21,Customer 479,Clothing,Product 479,Apple,Seller 8,Tamil Nadu,Mumbai,1,25158.27,0.2,4590.72,20567.55,Cash on Delivery,Delivered,4,Not Returned
FLK10480,2023-11-06,Customer 480,Electronics,Product 480,Puma,Seller 5,Gujarat,Ahmedabad,1,33709.42,0.29,14844.62,18864.8,Credit Card,Cancelled,5,Not Returned
FLK10481,2023-11-14,Customer 481,Electronics,Product 481,Biba,Seller 6,Tamil Nadu,Chennai,1,33092.32,0.01,14521.96,18570.36,Debit Card,Delivered,2,Not Returned
FLK10482,2023-03-26,Customer 482,Clothing,Product 482,LG,Seller 7,Delhi,Mumbai,3,9940.67,0.28,16007.05,-18199.14,Cash on Delivery,Cancelled,2,Not Returned
FLK10483,2023-08-01,Customer 483,Books,Product 483,Puma,Seller 10,Delhi,New Delhi,3,29674.14,0.16,38464.16,-26370.06,Credit Card,Delivered,1,Returned
FLK10484,2023-10-27,Customer 484,Clothing,Product 484,Samsung,Seller 3,Gujarat,Bangalore,4,7034.89,0.12,24174.39,-68558,Debit Card,Delivered,3,Returned
FLK10485,2023-12-21,Customer 485,Beauty,Product 485,Nike,Seller 7,Karnataka,Mumbai,3,7279.98,0.13,28086.71,-62420.19,Debit Card,Cancelled,4,Not Returned
FLK10486,2023-10-11,Customer 486,Beauty,Product 486,LG,Seller 4,Gujarat,Mumbai,4,45974.54,0.05,28495.06,69917.92,UPI,Delivered,4,Not Returned
FLK10487,2023-03-01,Customer 487,Home & Kitchen,Product 487,Samsung,Seller 8,Gujarat,Ahmedabad,5,35607.72,0.21,35711.34,-518.1,Debit Card,Cancelled,3,Not Returned
FLK10488,2023-02-24,Customer 488,Books,Product 488,Biba,Seller 3,Delhi,Chennai,1,37575.37,0.06,11826.77,25748.6,Debit Card,Delivered,1,Not Returned
FLK10489,2023-04-15,Customer 489,Electronics,Product 489,Apple,Seller 6,Tamil Nadu,Chennai,3,33908.42,0.17,9376.05,73597.11,Cash on Delivery,Delivered,5,Not Returned
FLK10490,2023-05-28,Customer 490,Books,Product 490,Biba,Seller 7,Tamil Nadu,Mumbai,5,3371.84,0.23,8541.41,-25847.85,Cash on Delivery,Cancelled,5,Not Returned
FLK10491,2023-11-28,Customer 491,Home & Kitchen,Product 491,Sony,Seller 10,Gujarat,Ahmedabad,1,36334.18,0.07,18206.45,18127.73,Credit Card,Delivered,1,Not Returned
FLK10492,2023-07-13,Customer 492,Books,Product 492,Biba,Seller 5,Gujarat,Mumbai,1,29412.34,0.08,13555.32,15857.02,UPI,Delivered,5,Not Returned
FLK10493,2023-11-17,Customer 493,Electronics,Product 493,Sony,Seller 5,Tamil Nadu,Ahmedabad,3,4308.9,0.22,21218.53,-50728.89,UPI,Delivered,5,Not Returned
FLK10494,2023-10-06,Customer 494,Electronics,Product 494,Biba,Seller 2,Karnataka,Bangalore,5,33309.62,0.11,12100.48,106045.7,Cash on Delivery,Shipped,5,Returned
FLK10495,2023-01-05,Customer 495,Books,Product 495,Puma,Seller 6,Tamil Nadu,Bangalore,5,30871.83,0.19,38269.16,-36986.65,Debit Card,Delivered,5,Not Returned
FLK10496,2023-05-12,Customer 496,Electronics,Product 496,Puma,Seller 5,Delhi,Ahmedabad,5,19145.73,0.24,18078.31,5337.1,Credit Card,Delivered,4,Not Returned
FLK10497,2023-02-12,Customer 497,Books,Product 497,LG,Seller 9,Gujarat,Chennai,3,11082.03,0.19,8938.19,6431.52,Cash on Delivery,Cancelled,2,Not Returned
FLK10498,2023-08-11,Customer 498,Books,Product 498,Puma,Seller 3,Delhi,New Delhi,4,2590.11,0.03,7554.36,-19857,Debit Card,Delivered,4,Not Returned
FLK10499,2023-05-13,Customer 499,Clothing,Product 499,Biba,Seller 8,Tamil Nadu,New Delhi,2,19860.06,0.04,785.54,38149.04,Credit Card,Processing,4,Not Returned
FLK10500,2023-02-07,Customer 500,Home & Kitchen,Product 500,Samsung,Seller 2,Karnataka,Mumbai,3,14556.3,0.28,15555.4,-2997.3,Credit Card,Delivered,3,Not Returned
FLK10501,2023-07-20,Customer 501,Electronics,Product 501,Nike,Seller 3,Karnataka,Mumbai,5,1276.94,0.26,6114.08,-24185.7,Credit Card,Delivered,4,Not Returned
FLK10502,2023-02-13,Customer 502,Home & Kitchen,Product 502,LG,Seller 6,Maharashtra,New Delhi,5,42549.53,0.05,7790.38,173795.75,Debit Card,Delivered,2,Not Returned
FLK10503,2023-01-28,Customer 503,Electronics,Product 503,Biba,Seller 9,Delhi,Mumbai,4,13042.06,0.07,23389.69,-41390.52,Debit Card,Delivered,4,Not Returned
FLK10504,2023-05-26,Customer 504,Electronics,Product 504,Apple,Seller 4,Karnataka,New Delhi,3,31001.56,0.1,23530.28,22413.84,Debit Card,Processing,5,Not Returned
FLK10505,2023-06-10,Customer 505,Beauty,Product 505,Sony,Seller 4,Tamil Nadu,Mumbai,5,7325.85,0.22,35082.81,-138784.8,Cash on Delivery,Delivered,5,Not Returned
FLK10506,2023-02-25,Customer 506,Beauty,Product 506,Puma,Seller 10,Delhi,Mumbai,5,7605.61,0.17,10907.15,-16507.7,Credit Card,Delivered,5,Not Returned
FLK10507,2023-11-20,Customer 507,Books,Product 507,Sony,Seller 10,Gujarat,New Delhi,4,11179.24,0.02,10804.16,1500.32,Cash on Delivery,Delivered,1,Not Returned
FLK10508,2023-10-29,Customer 508,Home & Kitchen,Product 508,LG,Seller 8,Gujarat,Ahmedabad,1,18600.91,0.01,9949.26,8651.65,UPI,Processing,1,Not Returned
FLK10509,2023-10-17,Customer 509,Electronics,Product 509,Puma,Seller 3,Tamil Nadu,Mumbai,1,38129.76,0.08,10951.3,27178.46,UPI,Delivered,2,Pending
FLK10510,2023-07-04,Customer 510,Clothing,Product 510,Biba,Seller 8,Delhi,Chennai,5,16646.36,0.21,21060.33,-22069.85,Debit Card,Cancelled,2,Not Returned
FLK10511,2023-03-31,Customer 511,Clothing,Product 511,Puma,Seller 7,Karnataka,Ahmedabad,4,41764.18,0.16,15355.4,105635.12,UPI,Delivered,2,Not Returned
FLK10512,2023-09-07,Customer 512,Clothing,Product 512,Samsung,Seller 1,Gujarat,Bangalore,3,12025.51,0.16,11598.41,1281.3,UPI,Delivered,2,Not Returned
FLK10513,2023-03-02,Customer 513,Beauty,Product 513,Biba,Seller 6,Delhi,New Delhi,4,24256.89,0.18,26011.73,-7019.36,Cash on Delivery,Delivered,1,Not Returned
FLK10514,2023-03-24,Customer 514,Beauty,Product 514,Puma,Seller 9,Delhi,Ahmedabad,1,8899.31,0.28,20874.2,-11974.89,Cash on Delivery,Delivered,4,Not Returned
FLK10515,2023-12-05,Customer 515,Home & Kitchen,Product 515,Apple,Seller 4,Tamil Nadu,Ahmedabad,5,43327.71,0.06,33213.65,50570.3,UPI,Processing,5,Not Returned
FLK10516,2023-12-04,Customer 516,Electronics,Product 516,Nike,Seller 3,Karnataka,New Delhi,3,4110.58,0.12,5753.77,-4929.57,Credit Card,Delivered,5,Not Returned
FLK10517,2023-08-03,Customer 517,Beauty,Product 517,Samsung,Seller 2,Maharashtra,New Delhi,5,30189.74,0.26,21455.89,43669.25,Credit Card,Delivered,4,Pending
FLK10518,2023-10-04,Customer 518,Books,Product 518,Sony,Seller 7,Gujarat,New Delhi,2,2862.8,0.16,9579.75,-13433.9,Cash on Delivery,Processing,3,Not Returned
FLK10519,2023-12-23,Customer 519,Electronics,Product 519,Apple,Seller 7,Maharashtra,Mumbai,3,12149.39,0.26,11695.06,1362.99,Cash on Delivery,Delivered,1,Not Returned
FLK10520,2023-01-04,Customer 520,Electronics,Product 520,Samsung,Seller 2,Gujarat,Chennai,2,10818.63,0.24,16634.35,-11631.44,Credit Card,Delivered,4,Not Returned
FLK10521,2023-10-02,Customer 521,Clothing,Product 521,Samsung,Seller 6,Gujarat,Mumbai,5,20250.64,0.07,22269.09,-10092.25,Cash on Delivery,Delivered,4,Not Returned
FLK10522,2023-06-07,Customer 522,Electronics,Product 522,Nike,Seller 7,Maharashtra,Chennai,4,22664.24,0.21,6917.3,62987.76,UPI,Delivered,5,Not Returned
FLK10523,2023-11-11,Customer 523,Books,Product 523,LG,Seller 7,Delhi,Chennai,5,23895.76,0.18,4020.3,99377.3,Debit Card,Delivered,1,Not Returned
FLK10524,2023-07-16,Customer 524,Clothing,Product 524,Samsung,Seller 9,Karnataka,Ahmedabad,1,38725.84,0.06,19998.18,18727.66,Credit Card,Delivered,4,Not Returned
FLK10525,2023-05-27,Customer 525,Beauty,Product 525,Apple,Seller 10,Gujarat,Ahmedabad,4,30944.96,0.21,14702.93,64968.12,Credit Card,Shipped,1,Not Returned
FLK10526,2023-07-24,Customer 526,Home & Kitchen,Product 526,Puma,Seller 7,Tamil Nadu,Ahmedabad,1,1484.03,0.21,36706.9,-35222.87,Debit Card,Delivered,4,Not Returned
FLK10527,2023-06-27,Customer 527,Home & Kitchen,Product 527,LG,Seller 10,Maharashtra,New Delhi,5,28966.4,0.09,16567.07,61996.65,Credit Card,Delivered,3,Not Returned
FLK10528,2023-03-01,Customer 528,Electronics,Product 528,Nike,Seller 9,Gujarat,Mumbai,4,48178.06,0.17,30838.12,69359.76,Debit Card,Shipped,3,Not Returned
FLK10529,2023-10-28,Customer 529,Books,Product 529,Biba,Seller 2,Karnataka,Chennai,2,39464.91,0.07,28132.4,22665.02,Debit Card,Delivered,2,Not Returned
FLK10530,2023-12-25,Customer 530,Home & Kitchen,Product 530,LG,Seller 5,Delhi,New Delhi,4,41057.19,0.03,37187.49,15478.8,Cash on Delivery,Delivered,2,Not Returned
FLK10531,2023-04-04,Customer 531,Beauty,Product 531,Biba,Seller 4,Maharashtra,Bangalore,5,10885.43,0.07,10374.62,2554.05,Debit Card,Delivered,1,Pending
FLK10532,2023-12-13,Customer 532,Clothing,Product 532,Samsung,Seller 1,Gujarat,Chennai,5,18960.98,0.1,35878.71,-84588.65,Debit Card,Delivered,5,Pending
FLK10533,2023-05-24,Customer 533,Clothing,Product 533,LG,Seller 10,Maharashtra,Chennai,3,21513.99,0.28,1834.28,59039.13,Debit Card,Delivered,4,Not Returned
FLK10534,2023-03-03,Customer 534,Electronics,Product 534,Biba,Seller 6,Delhi,Chennai,4,19365.27,0.04,14776.18,18356.36,Debit Card,Delivered,2,Not Returned
FLK10535,2023-11-10,Customer 535,Home & Kitchen,Product 535,Nike,Seller 3,Tamil Nadu,New Delhi,1,35145.48,0.12,34156.15,989.33,Debit Card,Delivered,4,Returned
FLK10536,2023-12-18,Customer 536,Beauty,Product 536,Sony,Seller 2,Karnataka,Bangalore,3,42787.74,0.07,32020.85,32300.67,UPI,Delivered,1,Not Returned
FLK10537,2023-03-10,Customer 537,Electronics,Product 537,Samsung,Seller 6,Tamil Nadu,Mumbai,2,42895.46,0.02,4446.43,76898.06,UPI,Delivered,5,Not Returned
FLK10538,2023-11-19,Customer 538,Books,Product 538,Biba,Seller 6,Karnataka,Mumbai,2,28111.04,0.24,14089.36,28043.36,Cash on Delivery,Delivered,5,Returned
FLK10539,2023-04-12,Customer 539,Electronics,Product 539,Samsung,Seller 9,Maharashtra,Mumbai,2,33793.82,0.15,29522.8,8542.04,Credit Card,Delivered,2,Not Returned
FLK10540,2023-03-16,Customer 540,Beauty,Product 540,Puma,Seller 6,Tamil Nadu,Ahmedabad,3,42423.89,0.03,6925.34,106495.65,UPI,Delivered,4,Not Returned
FLK10541,2023-11-06,Customer 541,Clothing,Product 541,Nike,Seller 8,Karnataka,Ahmedabad,3,22845.66,0.06,34151.65,-33917.97,UPI,Delivered,4,Returned
FLK10542,2023-12-25,Customer 542,Books,Product 542,LG,Seller 3,Tamil Nadu,Chennai,1,46740.84,0.15,2670.6,44070.24,Cash on Delivery,Delivered,5,Not Returned
FLK10543,2023-11-13,Customer 543,Beauty,Product 543,Apple,Seller 7,Karnataka,Bangalore,2,14686.84,0.19,5716.95,17939.78,UPI,Delivered,4,Not Returned
FLK10544,2023-06-16,Customer 544,Clothing,Product 544,Biba,Seller 9,Karnataka,Ahmedabad,3,48349.32,0.21,7516.78,122497.62,Cash on Delivery,Delivered,4,Not Returned
FLK10545,2023-09-26,Customer 545,Electronics,Product 545,Nike,Seller 6,Tamil Nadu,Ahmedabad,2,5127.82,0.1,16766.45,-23277.26,UPI,Delivered,1,Not Returned
FLK10546,2023-03-11,Customer 546,Home & Kitchen,Product 546,Nike,Seller 8,Gujarat,Chennai,4,24891,0.23,12337.9,50212.4,Cash on Delivery,Processing,4,Not Returned
FLK10547,2023-10-08,Customer 547,Home & Kitchen,Product 547,LG,Seller 7,Gujarat,New Delhi,2,8748.43,0.22,15882.24,-14267.62,Cash on Delivery,Delivered,1,Not Returned
FLK10548,2023-09-22,Customer 548,Electronics,Product 548,Sony,Seller 5,Karnataka,Ahmedabad,4,21009.47,0.26,7728.02,53125.8,Debit Card,Delivered,3,Not Returned
FLK10549,2023-12-25,Customer 549,Electronics,Product 549,Biba,Seller 4,Karnataka,Chennai,1,48357.86,0.02,38797.62,9560.24,Debit Card,Delivered,4,Not Returned
FLK10550,2023-04-30,Customer 550,Books,Product 550,LG,Seller 1,Tamil Nadu,Bangalore,2,16032.69,0.24,39805.74,-47546.1,Cash on Delivery,Delivered,1,Not Returned
FLK10551,2023-03-16,Customer 551,Books,Product 551,Nike,Seller 7,Delhi,Ahmedabad,3,10169,0.25,32697.89,-67586.67,Credit Card,Delivered,5,Not Returned
FLK10552,2023-08-15,Customer 552,Beauty,Product 552,Puma,Seller 1,Maharashtra,New Delhi,4,5344.24,0.2,8752.23,-13631.96,Cash on Delivery,Delivered,2,Not Returned
FLK10553,2023-11-19,Customer 553,Books,Product 553,Puma,Seller 9,Gujarat,Chennai,2,32090.83,0.07,35461.72,-6741.78,UPI,Shipped,2,Not Returned
FLK10554,2023-01-08,Customer 554,Beauty,Product 554,Sony,Seller 5,Gujarat,Chennai,2,12668.86,0.29,23408.63,-21479.54,Cash on Delivery,Delivered,1,Not Returned
FLK10555,2023-05-08,Customer 555,Beauty,Product 555,Biba,Seller 2,Gujarat,Mumbai,5,49696.61,0.19,2904.61,233960,UPI,Delivered,5,Not Returned
FLK10556,2023-04-30,Customer 556,Home & Kitchen,Product 556,Samsung,Seller 6,Tamil Nadu,Bangalore,1,19283.79,0.22,10413.98,8869.81,Credit Card,Delivered,3,Not Returned
FLK10557,2023-12-23,Customer 557,Clothing,Product 557,LG,Seller 10,Maharashtra,Ahmedabad,2,36701.96,0.09,33252.43,6899.06,UPI,Delivered,1,Not Returned
FLK10558,2023-05-15,Customer 558,Electronics,Product 558,Nike,Seller 8,Delhi,Ahmedabad,2,9841.99,0.02,34254.6,-48825.22,UPI,Delivered,1,Returned
FLK10559,2023-07-18,Customer 559,Beauty,Product 559,Samsung,Seller 8,Gujarat,Bangalore,3,16574.11,0.2,4898.33,35027.34,Credit Card,Delivered,5,Not Returned
FLK10560,2023-01-17,Customer 560,Beauty,Product 560,Apple,Seller 8,Maharashtra,Chennai,1,32249.56,0.12,19822.8,12426.76,Debit Card,Delivered,2,Not Returned
FLK10561,2023-01-07,Customer 561,Beauty,Product 561,Puma,Seller 8,Delhi,New Delhi,4,3710.64,0.17,37456.83,-134984.76,Cash on Delivery,Cancelled,5,Not Returned
FLK10562,2023-11-12,Customer 562,Home & Kitchen,Product 562,Samsung,Seller 1,Delhi,Mumbai,1,11333.44,0.16,4534.94,6798.5,UPI,Delivered,2,Not Returned
FLK10563,2023-05-08,Customer 563,Electronics,Product 563,Puma,Seller 3,Gujarat,Ahmedabad,3,5911.72,0.2,14633.05,-26163.99,Cash on Delivery,Delivered,3,Not Returned
FLK10564,2023-04-03,Customer 564,Electronics,Product 564,Biba,Seller 9,Karnataka,Bangalore,3,30194.75,0.28,36050.35,-17566.8,Debit Card,Cancelled,3,Not Returned
FLK10565,2023-06-15,Customer 565,Electronics,Product 565,LG,Seller 10,Gujarat,Bangalore,2,27754.81,0.23,14713.49,26082.64,Cash on Delivery,Delivered,3,Not Returned
FLK10566,2023-05-26,Customer 566,Electronics,Product 566,Apple,Seller 9,Maharashtra,Mumbai,1,49078.8,0.07,12939.45,36139.35,Debit Card,Shipped,3,Not Returned
FLK10567,2023-10-20,Customer 567,Beauty,Product 567,Apple,Seller 1,Tamil Nadu,Mumbai,1,13744.45,0.27,10380.97,3363.48,Debit Card,Processing,1,Not Returned
FLK10568,2023-04-22,Customer 568,Books,Product 568,Puma,Seller 6,Tamil Nadu,Bangalore,3,44885.75,0.21,32786.96,36296.37,Credit Card,Delivered,2,Not Returned
FLK10569,2023-10-23,Customer 569,Clothing,Product 569,Apple,Seller 1,Karnataka,Mumbai,5,22060.58,0.28,5294.66,83829.6,UPI,Processing,5,Pending
FLK10570,2023-11-21,Customer 570,Clothing,Product 570,Apple,Seller 5,Gujarat,Chennai,2,28475.55,0.1,27998.38,954.34,UPI,Delivered,4,Not Returned
FLK10571,2023-08-17,Customer 571,Electronics,Product 571,Samsung,Seller 9,Delhi,Bangalore,3,39352.55,0.05,13775.79,76730.28,Cash on Delivery,Delivered,1,Not Returned
FLK10572,2023-02-13,Customer 572,Clothing,Product 572,Samsung,Seller 7,Maharashtra,Bangalore,3,10459.59,0.12,23025.28,-37697.07,UPI,Delivered,2,Not Returned
FLK10573,2023-12-17,Customer 573,Electronics,Product 573,Apple,Seller 2,Tamil Nadu,New Delhi,2,10085.38,0.11,26332.31,-32493.86,Debit Card,Delivered,2,Not Returned
FLK10574,2023-08-15,Customer 574,Electronics,Product 574,LG,Seller 8,Delhi,Bangalore,1,19089.87,0.23,34094.71,-15004.84,Credit Card,Processing,2,Not Returned
FLK10575,2023-03-17,Customer 575,Home & Kitchen,Product 575,Apple,Seller 6,Delhi,Mumbai,3,1846.59,0.07,21714.52,-59603.79,UPI,Delivered,4,Not Returned
FLK10576,2023-11-15,Customer 576,Beauty,Product 576,Puma,Seller 1,Tamil Nadu,Ahmedabad,5,26603.55,0.08,2917.79,118428.8,UPI,Processing,4,Not Returned
FLK10577,2023-12-02,Customer 577,Books,Product 577,Apple,Seller 7,Karnataka,Mumbai,5,1666.34,0.26,26096.37,-122150.15,UPI,Shipped,3,Not Returned
FLK10578,2023-06-11,Customer 578,Clothing,Product 578,Sony,Seller 10,Gujarat,Chennai,1,25319.25,0.14,36989.01,-11669.76,Credit Card,Delivered,5,Not Returned
FLK10579,2023-09-08,Customer 579,Clothing,Product 579,Puma,Seller 3,Delhi,Mumbai,4,18184.04,0.1,39728.29,-86177,Debit Card,Processing,4,Not Returned
FLK10580,2023-01-16,Customer 580,Electronics,Product 580,Nike,Seller 4,Maharashtra,Mumbai,5,32995.14,0.04,15586.61,87042.65,UPI,Delivered,4,Not Returned
FLK10581,2023-06-09,Customer 581,Electronics,Product 581,Nike,Seller 8,Gujarat,Bangalore,1,7535.61,0.17,32023.51,-24487.9,UPI,Delivered,4,Not Returned
FLK10582,2023-03-11,Customer 582,Clothing,Product 582,Sony,Seller 3,Gujarat,Bangalore,2,28103.61,0.29,5209.97,45787.28,Debit Card,Cancelled,1,Not Returned
FLK10583,2023-06-13,Customer 583,Clothing,Product 583,Biba,Seller 5,Tamil Nadu,Mumbai,1,9959.83,0.05,1583.96,8375.87,Debit Card,Delivered,4,Not Returned
FLK10584,2023-04-29,Customer 584,Books,Product 584,Nike,Seller 2,Tamil Nadu,Bangalore,3,30430.31,0.22,15262.21,45504.3,Cash on Delivery,Delivered,1,Not Returned
FLK10585,2023-01-17,Customer 585,Clothing,Product 585,Sony,Seller 1,Karnataka,New Delhi,2,33702.77,0.07,8599.42,50206.7,UPI,Shipped,5,Not Returned
FLK10586,2023-09-08,Customer 586,Home & Kitchen,Product 586,Sony,Seller 8,Maharashtra,New Delhi,2,2783.63,0.22,15514.52,-25461.78,Debit Card,Delivered,5,Not Returned
FLK10587,2023-10-02,Customer 587,Electronics,Product 587,Puma,Seller 1,Gujarat,Chennai,3,41348.71,0.02,39722.07,4879.92,Cash on Delivery,Shipped,1,Not Returned
FLK10588,2023-11-19,Customer 588,Books,Product 588,LG,Seller 5,Tamil Nadu,New Delhi,5,38729.2,0.09,7101.82,158136.9,Debit Card,Delivered,1,Not Returned
FLK10589,2023-03-14,Customer 589,Clothing,Product 589,Sony,Seller 8,Delhi,Ahmedabad,1,38977.44,0.28,27933.3,11044.14,UPI,Delivered,2,Not Returned
FLK10590,2023-08-21,Customer 590,Electronics,Product 590,Puma,Seller 4,Tamil Nadu,Chennai,2,34703.68,0.27,31881.17,5645.02,Credit Card,Delivered,4,Not Returned
FLK10591,2023-02-13,Customer 591,Electronics,Product 591,Puma,Seller 7,Gujarat,Ahmedabad,5,19328.47,0.12,30770.98,-57212.55,Debit Card,Delivered,4,Not Returned
FLK10592,2023-03-16,Customer 592,Beauty,Product 592,Sony,Seller 1,Tamil Nadu,Mumbai,2,38481.33,0.14,25193.36,26575.94,Credit Card,Cancelled,5,Not Returned
FLK10593,2023-05-10,Customer 593,Books,Product 593,Biba,Seller 8,Tamil Nadu,Ahmedabad,4,30591.02,0.15,9083.67,86029.4,Cash on Delivery,Delivered,3,Not Returned
FLK10594,2023-01-04,Customer 594,Beauty,Product 594,Samsung,Seller 5,Gujarat,Ahmedabad,5,10927.62,0.06,2719.31,41041.55,Debit Card,Delivered,5,Not Returned
FLK10595,2023-11-05,Customer 595,Home & Kitchen,Product 595,Nike,Seller 2,Delhi,Chennai,3,9484.14,0.2,24589.1,-45314.88,UPI,Shipped,4,Not Returned
FLK10596,2023-01-19,Customer 596,Books,Product 596,Sony,Seller 5,Karnataka,Mumbai,5,41017.4,0.23,33722.84,36472.8,Credit Card,Delivered,1,Not Returned
FLK10597,2023-05-21,Customer 597,Home & Kitchen,Product 597,Samsung,Seller 7,Gujarat,Bangalore,4,30790.92,0.04,29255.44,6141.92,Credit Card,Delivered,4,Pending
FLK10598,2023-12-28,Customer 598,Home & Kitchen,Product 598,Biba,Seller 10,Karnataka,Mumbai,3,49600.9,0.11,5655.44,131836.38,Cash on Delivery,Delivered,4,Not Returned
FLK10599,2023-04-03,Customer 599,Electronics,Product 599,LG,Seller 5,Maharashtra,Chennai,1,23562.61,0.24,29559.86,-5997.25,UPI,Processing,5,Not Returned
FLK10600,2023-06-20,Customer 600,Home & Kitchen,Product 600,Samsung,Seller 4,Delhi,Bangalore,4,13225.26,0.03,12364.39,3443.48,Debit Card,Processing,1,Not Returned
FLK10601,2023-07-22,Customer 601,Electronics,Product 601,Samsung,Seller 1,Maharashtra,Bangalore,2,17327.39,0.21,36588.34,-38521.9,Credit Card,Delivered,3,Not Returned
FLK10602,2023-10-02,Customer 602,Home & Kitchen,Product 602,Biba,Seller 7,Delhi,Ahmedabad,2,36336.62,0.1,21631.14,29410.96,UPI,Delivered,2,Pending
FLK10603,2023-07-01,Customer 603,Books,Product 603,LG,Seller 5,Delhi,Mumbai,5,31500.99,0.25,23011.55,42447.2,Cash on Delivery,Delivered,1,Not Returned
FLK10604,2023-06-07,Customer 604,Home & Kitchen,Product 604,Puma,Seller 1,Karnataka,New Delhi,1,43806.41,0.12,33178.01,10628.4,Debit Card,Delivered,2,Not Returned
FLK10605,2023-01-20,Customer 605,Beauty,Product 605,Apple,Seller 8,Gujarat,Chennai,4,45177.09,0.05,13931.07,124984.08,Cash on Delivery,Delivered,3,Not Returned
FLK10606,2023-03-15,Customer 606,Books,Product 606,Sony,Seller 9,Maharashtra,Bangalore,4,23291.62,0.22,21098.56,8772.24,Credit Card,Delivered,1,Not Returned
FLK10607,2023-02-14,Customer 607,Home & Kitchen,Product 607,Biba,Seller 1,Delhi,Ahmedabad,4,37347.95,0.02,30386.84,27844.44,UPI,Delivered,2,Not Returned
FLK10608,2023-06-13,Customer 608,Clothing,Product 608,Puma,Seller 2,Karnataka,Bangalore,1,6351.13,0.29,22564.9,-16213.77,Credit Card,Delivered,2,Not Returned
FLK10609,2023-03-14,Customer 609,Home & Kitchen,Product 609,Samsung,Seller 4,Maharashtra,Chennai,2,44552.69,0.17,2548.7,84007.98,Credit Card,Delivered,4,Not Returned
FLK10610,2023-01-28,Customer 610,Books,Product 610,Biba,Seller 7,Maharashtra,Ahmedabad,5,31646.37,0.21,18089.29,67785.4,Debit Card,Delivered,5,Not Returned
FLK10611,2023-12-10,Customer 611,Electronics,Product 611,Apple,Seller 8,Gujarat,Bangalore,1,40137.53,0.21,4379.1,35758.43,Debit Card,Delivered,4,Not Returned
FLK10612,2023-04-29,Customer 612,Beauty,Product 612,LG,Seller 10,Karnataka,Mumbai,2,35091.55,0.2,31578.02,7027.06,Debit Card,Delivered,1,Not Returned
FLK10613,2023-06-29,Customer 613,Clothing,Product 613,Biba,Seller 3,Karnataka,Mumbai,3,6986.37,0.04,32709.77,-77170.2,Credit Card,Delivered,4,Not Returned
FLK10614,2023-09-30,Customer 614,Clothing,Product 614,Biba,Seller 10,Tamil Nadu,Bangalore,3,27642.35,0.29,15649.91,35977.32,Debit Card,Delivered,4,Not Returned
FLK10615,2023-08-11,Customer 615,Electronics,Product 615,Sony,Seller 6,Gujarat,Bangalore,1,33617.61,0.22,28554.55,5063.06,Cash on Delivery,Delivered,4,Not Returned
FLK10616,2023-02-19,Customer 616,Clothing,Product 616,LG,Seller 5,Tamil Nadu,Chennai,3,34398.73,0.18,32800.74,4793.97,Debit Card,Delivered,4,Not Returned
FLK10617,2023-03-13,Customer 617,Electronics,Product 617,Sony,Seller 1,Maharashtra,Bangalore,3,15046.76,0.19,18141.35,-9283.77,UPI,Delivered,2,Not Returned
FLK10618,2023-12-14,Customer 618,Home & Kitchen,Product 618,Biba,Seller 6,Delhi,Ahmedabad,1,49178.37,0.13,5570.58,43607.79,Debit Card,Delivered,5,Returned
FLK10619,2023-01-01,Customer 619,Electronics,Product 619,Sony,Seller 6,Delhi,Mumbai,5,12283.39,0.21,16061.01,-18888.1,Debit Card,Delivered,3,Not Returned
FLK10620,2023-04-19,Customer 620,Beauty,Product 620,Biba,Seller 3,Maharashtra,Ahmedabad,2,46136.14,0.25,6621.21,79029.86,UPI,Delivered,1,Not Returned
FLK10621,2023-09-07,Customer 621,Clothing,Product 621,LG,Seller 2,Maharashtra,New Delhi,5,44618.48,0.21,37144.81,37368.35,UPI,Delivered,3,Not Returned
FLK10622,2023-07-16,Customer 622,Home & Kitchen,Product 622,LG,Seller 3,Tamil Nadu,Ahmedabad,1,25196.76,0.22,28563.25,-3366.49,Debit Card,Delivered,4,Not Returned
FLK10623,2023-01-20,Customer 623,Electronics,Product 623,Biba,Seller 6,Delhi,Ahmedabad,3,34643.75,0.05,29316.98,15980.31,Debit Card,Delivered,1,Not Returned
FLK10624,2023-02-15,Customer 624,Beauty,Product 624,Biba,Seller 2,Gujarat,Ahmedabad,2,3321.35,0.11,31174.8,-55706.9,Cash on Delivery,Delivered,5,Not Returned
FLK10625,2023-06-19,Customer 625,Clothing,Product 625,Nike,Seller 5,Karnataka,Bangalore,1,46056.69,0.23,29147,16909.69,Debit Card,Delivered,3,Not Returned
FLK10626,2023-01-27,Customer 626,Home & Kitchen,Product 626,Sony,Seller 10,Delhi,Mumbai,3,6958.25,0.03,31380.73,-73267.44,Debit Card,Delivered,2,Not Returned
FLK10627,2023-01-08,Customer 627,Books,Product 627,Samsung,Seller 3,Gujarat,Bangalore,4,18890.75,0.06,31332.15,-49765.6,UPI,Delivered,5,Not Returned
FLK10628,2023-06-25,Customer 628,Books,Product 628,LG,Seller 10,Maharashtra,New Delhi,4,21011.63,0.12,26539.1,-22109.88,UPI,Delivered,4,Not Returned
FLK10629,2023-11-25,Customer 629,Home & Kitchen,Product 629,Sony,Seller 2,Delhi,Bangalore,3,24119.89,0.15,37850.46,-41191.71,UPI,Delivered,4,Not Returned
FLK10630,2023-03-16,Customer 630,Electronics,Product 630,Sony,Seller 7,Delhi,Mumbai,5,22773.56,0.21,38381.88,-78041.6,Credit Card,Delivered,3,Not Returned
FLK10631,2023-08-10,Customer 631,Electronics,Product 631,Puma,Seller 5,Karnataka,Mumbai,2,5556.25,0.2,15938.51,-20764.52,UPI,Delivered,4,Not Returned
FLK10632,2023-06-22,Customer 632,Beauty,Product 632,Nike,Seller 9,Delhi,Chennai,5,1316.79,0.04,4640.43,-16618.2,Cash on Delivery,Delivered,4,Not Returned
FLK10633,2023-01-18,Customer 633,Books,Product 633,Samsung,Seller 2,Delhi,Ahmedabad,4,41763.69,0.29,25650.8,64451.56,Credit Card,Delivered,4,Not Returned
FLK10634,2023-11-28,Customer 634,Electronics,Product 634,Sony,Seller 3,Delhi,Bangalore,2,23664.28,0.28,25678.24,-4027.92,Debit Card,Processing,4,Not Returned
FLK10635,2023-06-15,Customer 635,Home & Kitchen,Product 635,LG,Seller 2,Karnataka,Chennai,2,17067.96,0.03,38139.71,-42143.5,Debit Card,Delivered,1,Returned
FLK10636,2023-04-13,Customer 636,Electronics,Product 636,Biba,Seller 3,Tamil Nadu,Chennai,1,38485.11,0.07,25857.5,12627.61,Cash on Delivery,Delivered,1,Not Returned
FLK10637,2023-10-20,Customer 637,Home & Kitchen,Product 637,Sony,Seller 8,Delhi,New Delhi,1,32179.99,0.28,26694.01,5485.98,Debit Card,Delivered,2,Not Returned
FLK10638,2023-01-02,Customer 638,Electronics,Product 638,Puma,Seller 8,Tamil Nadu,New Delhi,2,36474.31,0.25,3310.7,66327.22,UPI,Delivered,5,Not Returned
FLK10639,2023-09-04,Customer 639,Books,Product 639,Samsung,Seller 9,Karnataka,Mumbai,4,20405.88,0.19,38266.29,-71441.64,Credit Card,Delivered,5,Not Returned
FLK10640,2023-08-24,Customer 640,Home & Kitchen,Product 640,Puma,Seller 4,Maharashtra,Ahmedabad,1,19597.87,0.07,27924.18,-8326.31,Credit Card,Delivered,2,Not Returned
FLK10641,2023-11-20,Customer 641,Clothing,Product 641,Puma,Seller 4,Maharashtra,Chennai,1,36079.99,0.18,19796.17,16283.82,Credit Card,Processing,4,Not Returned
FLK10642,2023-08-19,Customer 642,Books,Product 642,Apple,Seller 6,Delhi,Mumbai,4,2832.17,0.04,32298.78,-117866.44,Cash on Delivery,Shipped,5,Not Returned
FLK10643,2023-10-24,Customer 643,Beauty,Product 643,Apple,Seller 1,Maharashtra,New Delhi,4,23873.71,0.28,2355.01,86074.8,UPI,Delivered,4,Pending
FLK10644,2023-02-19,Customer 644,Clothing,Product 644,Samsung,Seller 3,Gujarat,Chennai,5,5951.85,0.15,31986.94,-130175.45,UPI,Delivered,2,Not Returned
FLK10645,2023-12-14,Customer 645,Clothing,Product 645,Nike,Seller 2,Gujarat,Ahmedabad,1,41811.23,0.24,30612.38,11198.85,UPI,Delivered,1,Not Returned
FLK10646,2023-08-01,Customer 646,Beauty,Product 646,Puma,Seller 6,Gujarat,Bangalore,3,46194.76,0.02,4485.49,125127.81,Cash on Delivery,Processing,1,Not Returned
FLK10647,2023-01-04,Customer 647,Books,Product 647,LG,Seller 2,Gujarat,Mumbai,3,40386.12,0.23,27785.58,37801.62,UPI,Delivered,2,Not Returned
FLK10648,2023-05-03,Customer 648,Beauty,Product 648,Samsung,Seller 1,Gujarat,Bangalore,4,30790.72,0.04,33061.04,-9081.28,Debit Card,Delivered,1,Not Returned
FLK10649,2023-03-02,Customer 649,Electronics,Product 649,Apple,Seller 10,Karnataka,Ahmedabad,3,23529.72,0.19,8738.92,44372.4,Credit Card,Delivered,5,Not Returned
FLK10650,2023-08-31,Customer 650,Clothing,Product 650,LG,Seller 3,Delhi,Chennai,4,14730.52,0.14,13702.1,4113.68,Cash on Delivery,Delivered,4,Pending
FLK10651,2023-04-01,Customer 651,Beauty,Product 651,Sony,Seller 1,Tamil Nadu,Ahmedabad,1,44691.99,0.22,23866.05,20825.94,Debit Card,Delivered,4,Pending
FLK10652,2023-04-28,Customer 652,Books,Product 652,Nike,Seller 4,Delhi,Bangalore,4,43454.62,0.12,9232.7,136887.68,Cash on Delivery,Delivered,1,Not Returned
FLK10653,2023-04-21,Customer 653,Electronics,Product 653,Biba,Seller 3,Tamil Nadu,Mumbai,1,36084.02,0.19,38924.4,-2840.38,UPI,Delivered,1,Not Returned
FLK10654,2023-05-24,Customer 654,Beauty,Product 654,Apple,Seller 8,Tamil Nadu,New Delhi,1,17604.37,0.27,24295.92,-6691.55,UPI,Delivered,4,Not Returned
FLK10655,2023-07-30,Customer 655,Electronics,Product 655,Biba,Seller 4,Gujarat,New Delhi,5,14441.04,0.22,29509.14,-75340.5,UPI,Delivered,3,Not Returned
FLK10656,2023-10-30,Customer 656,Beauty,Product 656,Samsung,Seller 1,Tamil Nadu,Chennai,1,23845.86,0.23,1875.89,21969.97,Cash on Delivery,Delivered,5,Not Returned
FLK10657,2023-08-20,Customer 657,Clothing,Product 657,LG,Seller 2,Gujarat,Chennai,4,20700.74,0.07,14650.45,24201.16,UPI,Delivered,1,Not Returned
FLK10658,2023-06-06,Customer 658,Beauty,Product 658,Puma,Seller 8,Gujarat,Ahmedabad,1,23069.25,0.23,34937.8,-11868.55,Cash on Delivery,Delivered,5,Not Returned
FLK10659,2023-12-27,Customer 659,Books,Product 659,Sony,Seller 2,Tamil Nadu,Mumbai,3,15296.6,0.23,28009.64,-38139.12,UPI,Processing,1,Not Returned
FLK10660,2023-01-29,Customer 660,Electronics,Product 660,Puma,Seller 6,Delhi,Chennai,2,23585.56,0.02,14966.18,17238.76,Credit Card,Delivered,5,Not Returned
FLK10661,2023-06-21,Customer 661,Beauty,Product 661,Samsung,Seller 2,Tamil Nadu,Ahmedabad,5,35250.15,0.23,30480.93,23846.1,Debit Card,Delivered,2,Not Returned
FLK10662,2023-05-22,Customer 662,Books,Product 662,Apple,Seller 6,Karnataka,New Delhi,3,26597.83,0.05,28472.6,-5624.31,Debit Card,Delivered,2,Not Returned
FLK10663,2023-12-21,Customer 663,Books,Product 663,LG,Seller 8,Delhi,Chennai,2,9511.81,0.29,3580.04,11863.54,UPI,Delivered,4,Not Returned
FLK10664,2023-04-15,Customer 664,Electronics,Product 664,Puma,Seller 1,Karnataka,New Delhi,5,27322.4,0.05,14190.05,65661.75,Cash on Delivery,Processing,1,Not Returned
FLK10665,2023-01-12,Customer 665,Beauty,Product 665,Sony,Seller 9,Karnataka,New Delhi,3,32937.62,0.24,19674.86,39788.28,Cash on Delivery,Delivered,4,Pending
FLK10666,2023-06-06,Customer 666,Beauty,Product 666,Sony,Seller 5,Maharashtra,New Delhi,2,14881.88,0.26,6388.01,16987.74,Debit Card,Delivered,1,Pending
FLK10667,2023-12-31,Customer 667,Electronics,Product 667,Nike,Seller 3,Maharashtra,Bangalore,1,6471.8,0.3,23150.93,-16679.13,Cash on Delivery,Delivered,2,Not Returned
FLK10668,2023-01-18,Customer 668,Home & Kitchen,Product 668,Nike,Seller 3,Karnataka,New Delhi,3,8715.43,0.1,36756.32,-84122.67,Cash on Delivery,Shipped,5,Returned
FLK10669,2023-06-13,Customer 669,Beauty,Product 669,Apple,Seller 9,Gujarat,Mumbai,4,15245.86,0.27,38690.36,-93778,UPI,Processing,4,Pending
FLK10670,2023-06-23,Customer 670,Books,Product 670,Puma,Seller 8,Delhi,Bangalore,4,6469.78,0.02,24842.09,-73489.24,UPI,Delivered,1,Not Returned
FLK10671,2023-11-25,Customer 671,Beauty,Product 671,Samsung,Seller 9,Maharashtra,Mumbai,1,4834.87,0.26,27183.99,-22349.12,Credit Card,Shipped,3,Not Returned
FLK10672,2023-11-05,Customer 672,Electronics,Product 672,Samsung,Seller 1,Karnataka,New Delhi,1,42664.72,0.12,15217.83,27446.89,Debit Card,Delivered,2,Not Returned
FLK10673,2023-10-15,Customer 673,Books,Product 673,LG,Seller 8,Tamil Nadu,New Delhi,2,40300.71,0.29,17223.82,46153.78,Cash on Delivery,Delivered,4,Not Returned
FLK10674,2023-04-17,Customer 674,Home & Kitchen,Product 674,Biba,Seller 9,Karnataka,Chennai,5,29741.07,0.12,813.86,144636.05,Debit Card,Delivered,4,Not Returned
FLK10675,2023-03-12,Customer 675,Beauty,Product 675,LG,Seller 7,Karnataka,Ahmedabad,3,41141.89,0.1,23571.12,52712.31,Cash on Delivery,Delivered,3,Not Returned
FLK10676,2023-01-02,Customer 676,Beauty,Product 676,Nike,Seller 5,Tamil Nadu,Chennai,4,44574.47,0.13,19900.56,98695.64,UPI,Delivered,5,Not Returned
FLK10677,2023-02-04,Customer 677,Electronics,Product 677,Puma,Seller 6,Gujarat,New Delhi,3,43378.96,0.19,19277.31,72304.95,Credit Card,Delivered,4,Not Returned
FLK10678,2023-05-13,Customer 678,Beauty,Product 678,Samsung,Seller 1,Maharashtra,Mumbai,3,34780.57,0.11,2633.74,96440.49,Debit Card,Delivered,5,Not Returned
FLK10679,2023-05-29,Customer 679,Home & Kitchen,Product 679,Samsung,Seller 2,Gujarat,Bangalore,4,9729.67,0.04,30156.15,-81705.92,Debit Card,Cancelled,5,Not Returned
FLK10680,2023-06-04,Customer 680,Home & Kitchen,Product 680,Puma,Seller 6,Delhi,Ahmedabad,3,41167.21,0.01,20934.38,60698.49,Debit Card,Processing,3,Pending
FLK10681,2023-03-25,Customer 681,Books,Product 681,LG,Seller 3,Gujarat,Bangalore,5,39781.74,0.17,27679.17,60512.85,Credit Card,Delivered,5,Not Returned
FLK10682,2023-03-09,Customer 682,Books,Product 682,Biba,Seller 6,Karnataka,Mumbai,1,22435.51,0.3,21129.09,1306.42,Debit Card,Delivered,2,Not Returned
FLK10683,2023-03-02,Customer 683,Beauty,Product 683,LG,Seller 3,Maharashtra,Mumbai,1,7125.09,0.03,27725,-20599.91,Credit Card,Delivered,5,Not Returned
FLK10684,2023-01-22,Customer 684,Beauty,Product 684,Apple,Seller 1,Gujarat,Ahmedabad,1,6570.27,0.08,3159.18,3411.09,Credit Card,Processing,5,Pending
FLK10685,2023-04-16,Customer 685,Electronics,Product 685,LG,Seller 3,Karnataka,Chennai,1,42274.62,0.28,37871.7,4402.92,Debit Card,Delivered,5,Not Returned
FLK10686,2023-11-10,Customer 686,Beauty,Product 686,Samsung,Seller 10,Delhi,Chennai,5,38216.78,0.16,28708.05,47543.65,Debit Card,Delivered,4,Not Returned
FLK10687,2023-02-20,Customer 687,Beauty,Product 687,Samsung,Seller 8,Karnataka,Ahmedabad,1,33810.17,0.04,33385.87,424.3,Cash on Delivery,Delivered,3,Not Returned
FLK10688,2023-06-10,Customer 688,Books,Product 688,Biba,Seller 2,Gujarat,Bangalore,3,18472.46,0.09,28956.83,-31453.11,Credit Card,Delivered,1,Not Returned
FLK10689,2023-11-04,Customer 689,Home & Kitchen,Product 689,Puma,Seller 8,Maharashtra,Ahmedabad,2,49106.69,0.13,34252.42,29708.54,Cash on Delivery,Shipped,2,Not Returned
FLK10690,2023-12-12,Customer 690,Clothing,Product 690,Puma,Seller 2,Tamil Nadu,New Delhi,3,33957.17,0.04,16082.37,53624.4,Credit Card,Processing,5,Not Returned
FLK10691,2023-07-06,Customer 691,Beauty,Product 691,Nike,Seller 4,Gujarat,New Delhi,1,41893.85,0.22,11508.29,30385.56,Debit Card,Processing,5,Returned
FLK10692,2023-07-02,Customer 692,Clothing,Product 692,Puma,Seller 10,Tamil Nadu,New Delhi,3,7967.71,0.14,5359.54,7824.51,Cash on Delivery,Delivered,4,Not Returned
FLK10693,2023-02-20,Customer 693,Books,Product 693,Sony,Seller 2,Tamil Nadu,Chennai,5,19522.69,0.21,6561.01,64808.4,Credit Card,Processing,4,Not Returned
FLK10694,2023-09-10,Customer 694,Clothing,Product 694,LG,Seller 5,Tamil Nadu,New Delhi,3,27371.68,0.24,21813.78,16673.7,Credit Card,Shipped,1,Not Returned
FLK10695,2023-03-02,Customer 695,Clothing,Product 695,Biba,Seller 6,Tamil Nadu,New Delhi,3,2343.23,0.17,34393.5,-96150.81,Debit Card,Cancelled,1,Not Returned
FLK10696,2023-06-09,Customer 696,Clothing,Product 696,Biba,Seller 2,Gujarat,New Delhi,4,34392.12,0.18,19272.21,60479.64,UPI,Delivered,3,Not Returned
FLK10697,2023-07-13,Customer 697,Electronics,Product 697,Puma,Seller 6,Karnataka,Mumbai,1,29730.49,0.05,14965.28,14765.21,Credit Card,Processing,4,Not Returned
FLK10698,2023-08-08,Customer 698,Home & Kitchen,Product 698,Nike,Seller 7,Karnataka,Chennai,4,12891.09,0.2,23859.17,-43872.32,Credit Card,Cancelled,1,Not Returned
FLK10699,2023-10-03,Customer 699,Home & Kitchen,Product 699,Apple,Seller 8,Tamil Nadu,Ahmedabad,3,21415.6,0.02,19027.91,7163.07,Credit Card,Shipped,2,Not Returned
FLK10700,2023-10-21,Customer 700,Books,Product 700,Sony,Seller 8,Delhi,Bangalore,2,25423.26,0.23,13908.39,23029.74,Debit Card,Delivered,3,Not Returned
FLK10701,2023-02-08,Customer 701,Electronics,Product 701,LG,Seller 5,Karnataka,Chennai,2,28898.33,0.24,25119.4,7557.86,Credit Card,Delivered,4,Not Returned
FLK10702,2023-05-20,Customer 702,Books,Product 702,Samsung,Seller 9,Tamil Nadu,New Delhi,1,39808.51,0.2,12425.86,27382.65,Debit Card,Delivered,3,Not Returned
FLK10703,2023-07-25,Customer 703,Home & Kitchen,Product 703,Samsung,Seller 9,Tamil Nadu,Ahmedabad,1,1643.01,0.21,34485.9,-32842.89,Cash on Delivery,Delivered,5,Not Returned
FLK10704,2023-08-28,Customer 704,Home & Kitchen,Product 704,Puma,Seller 9,Gujarat,New Delhi,5,36417.71,0.03,8445.47,139861.2,Cash on Delivery,Delivered,1,Not Returned
FLK10705,2023-06-03,Customer 705,Clothing,Product 705,Biba,Seller 6,Delhi,Bangalore,5,13840.05,0.09,6869.67,34851.9,UPI,Delivered,1,Not Returned
FLK10706,2023-05-06,Customer 706,Home & Kitchen,Product 706,Biba,Seller 8,Gujarat,New Delhi,3,45211.46,0.07,11279.91,101794.65,Credit Card,Delivered,5,Not Returned
FLK10707,2023-04-01,Customer 707,Books,Product 707,Puma,Seller 8,Delhi,Chennai,5,4851.57,0.18,34661.4,-149049.15,Cash on Delivery,Cancelled,4,Not Returned
FLK10708,2023-07-23,Customer 708,Beauty,Product 708,LG,Seller 2,Gujarat,Ahmedabad,5,26365.75,0.25,37906.42,-57703.35,Debit Card,Delivered,1,Not Returned
FLK10709,2023-06-10,Customer 709,Home & Kitchen,Product 709,Sony,Seller 10,Tamil Nadu,Bangalore,5,11436.99,0.04,8974.91,12310.4,Debit Card,Delivered,2,Not Returned
FLK10710,2023-09-09,Customer 710,Electronics,Product 710,Nike,Seller 2,Karnataka,Ahmedabad,3,34262.66,0.29,35143.68,-2643.06,UPI,Delivered,4,Not Returned
FLK10711,2023-01-11,Customer 711,Electronics,Product 711,Apple,Seller 1,Maharashtra,Mumbai,3,15919.32,0.29,14825.45,3281.61,Credit Card,Delivered,2,Not Returned
FLK10712,2023-01-05,Customer 712,Clothing,Product 712,Nike,Seller 5,Delhi,Bangalore,2,42940.39,0.06,17814.35,50252.08,Debit Card,Cancelled,5,Not Returned
FLK10713,2023-01-18,Customer 713,Home & Kitchen,Product 713,Sony,Seller 2,Tamil Nadu,New Delhi,4,46235.12,0.11,17166.15,116275.88,Credit Card,Cancelled,4,Not Returned
FLK10714,2023-06-30,Customer 714,Clothing,Product 714,Samsung,Seller 9,Karnataka,New Delhi,4,38154.47,0.2,7780.43,121496.16,Cash on Delivery,Processing,1,Not Returned
FLK10715,2023-11-18,Customer 715,Home & Kitchen,Product 715,Nike,Seller 10,Delhi,Chennai,1,26091.11,0.29,33223.79,-7132.68,UPI,Cancelled,4,Not Returned
FLK10716,2023-06-13,Customer 716,Clothing,Product 716,Biba,Seller 3,Karnataka,Bangalore,4,41336.85,0.24,8367.42,131877.72,Cash on Delivery,Delivered,3,Not Returned
FLK10717,2023-10-20,Customer 717,Beauty,Product 717,Apple,Seller 1,Gujarat,Ahmedabad,3,45269.87,0.29,8351.79,110754.24,UPI,Delivered,4,Not Returned
FLK10718,2023-03-18,Customer 718,Books,Product 718,Nike,Seller 3,Gujarat,Chennai,1,26556.33,0.23,37065.12,-10508.79,Cash on Delivery,Delivered,4,Not Returned
FLK10719,2023-05-17,Customer 719,Home & Kitchen,Product 719,Puma,Seller 8,Tamil Nadu,Bangalore,3,10876.95,0.07,32966.85,-66269.7,UPI,Delivered,3,Not Returned
FLK10720,2023-05-29,Customer 720,Home & Kitchen,Product 720,LG,Seller 10,Tamil Nadu,Bangalore,2,34337.75,0.14,959.44,66756.62,UPI,Cancelled,5,Not Returned
FLK10721,2023-04-19,Customer 721,Clothing,Product 721,Puma,Seller 7,Gujarat,Mumbai,1,28086.9,0.03,37174.45,-9087.55,Cash on Delivery,Cancelled,5,Returned
FLK10722,2023-11-03,Customer 722,Books,Product 722,Apple,Seller 5,Gujarat,Ahmedabad,2,48741.34,0.2,5754.76,85973.16,Credit Card,Delivered,2,Not Returned
FLK10723,2023-06-23,Customer 723,Clothing,Product 723,LG,Seller 2,Karnataka,Ahmedabad,3,13519.39,0.1,39040.85,-76564.38,Cash on Delivery,Cancelled,5,Not Returned
FLK10724,2023-08-09,Customer 724,Home & Kitchen,Product 724,Nike,Seller 10,Karnataka,Ahmedabad,2,44573.75,0.1,39672.07,9803.36,UPI,Delivered,5,Not Returned
FLK10725,2023-08-14,Customer 725,Books,Product 725,LG,Seller 3,Delhi,Bangalore,1,23825.96,0.06,18926.94,4899.02,Credit Card,Shipped,5,Not Returned
FLK10726,2023-07-02,Customer 726,Electronics,Product 726,Biba,Seller 8,Tamil Nadu,Chennai,5,43306.93,0.05,4234.16,195363.85,Debit Card,Delivered,1,Not Returned
FLK10727,2023-05-20,Customer 727,Electronics,Product 727,Puma,Seller 10,Maharashtra,Ahmedabad,5,931.93,0.23,7655.71,-33618.9,Credit Card,Delivered,3,Not Returned
FLK10728,2023-06-18,Customer 728,Books,Product 728,Nike,Seller 2,Tamil Nadu,Mumbai,3,47449.39,0.25,6601.87,122542.56,Credit Card,Delivered,4,Not Returned
FLK10729,2023-11-18,Customer 729,Home & Kitchen,Product 729,Samsung,Seller 1,Karnataka,Chennai,4,47433.49,0.1,29326.89,72426.4,UPI,Delivered,1,Not Returned
FLK10730,2023-06-15,Customer 730,Books,Product 730,Puma,Seller 2,Gujarat,Ahmedabad,2,20319.62,0.06,38511.15,-36383.06,Cash on Delivery,Delivered,5,Not Returned
FLK10731,2023-07-26,Customer 731,Home & Kitchen,Product 731,Puma,Seller 3,Delhi,Mumbai,3,21965,0.24,12750.52,27643.44,UPI,Delivered,1,Not Returned
FLK10732,2023-04-13,Customer 732,Clothing,Product 732,Biba,Seller 7,Tamil Nadu,Mumbai,3,21508.82,0.23,32451.81,-32828.97,UPI,Delivered,3,Not Returned
FLK10733,2023-06-24,Customer 733,Clothing,Product 733,Puma,Seller 4,Maharashtra,New Delhi,3,32518.41,0.03,18969.67,40646.22,Credit Card,Cancelled,3,Not Returned
FLK10734,2023-03-07,Customer 734,Home & Kitchen,Product 734,Sony,Seller 4,Gujarat,New Delhi,2,3073.51,0.03,2327.21,1492.6,Credit Card,Delivered,3,Not Returned
FLK10735,2023-10-19,Customer 735,Home & Kitchen,Product 735,Nike,Seller 5,Gujarat,Chennai,4,1528.34,0.22,18759.62,-68925.12,UPI,Cancelled,1,Not Returned
FLK10736,2023-12-27,Customer 736,Home & Kitchen,Product 736,Nike,Seller 10,Tamil Nadu,New Delhi,3,13748.68,0.29,34825.53,-63230.55,UPI,Delivered,1,Returned
FLK10737,2023-05-13,Customer 737,Books,Product 737,Biba,Seller 9,Delhi,Chennai,2,1382.76,0.2,18652.8,-34540.08,Cash on Delivery,Cancelled,5,Not Returned
FLK10738,2023-09-07,Customer 738,Home & Kitchen,Product 738,Samsung,Seller 10,Karnataka,New Delhi,4,5033.58,0.05,8058.21,-12098.52,Credit Card,Delivered,2,Not Returned
FLK10739,2023-09-04,Customer 739,Beauty,Product 739,Puma,Seller 4,Tamil Nadu,Ahmedabad,1,15509.17,0.14,19196.61,-3687.44,Credit Card,Delivered,5,Not Returned
FLK10740,2023-08-16,Customer 740,Clothing,Product 740,Biba,Seller 1,Tamil Nadu,Ahmedabad,2,15210.23,0.25,15961.3,-1502.14,Debit Card,Delivered,4,Not Returned
FLK10741,2023-08-01,Customer 741,Clothing,Product 741,Puma,Seller 10,Gujarat,Ahmedabad,5,2547.43,0.13,20744.99,-90987.8,Cash on Delivery,Delivered,1,Not Returned
FLK10742,2023-10-23,Customer 742,Home & Kitchen,Product 742,Samsung,Seller 2,Karnataka,New Delhi,5,6472.95,0.19,25969.27,-97481.6,Cash on Delivery,Delivered,1,Not Returned
FLK10743,2023-04-09,Customer 743,Clothing,Product 743,Nike,Seller 8,Maharashtra,Ahmedabad,1,45379.17,0.11,24235.52,21143.65,Cash on Delivery,Delivered,2,Not Returned
FLK10744,2023-08-02,Customer 744,Home & Kitchen,Product 744,Sony,Seller 8,Maharashtra,Ahmedabad,1,34653.58,0.03,19546.69,15106.89,UPI,Delivered,4,Not Returned
FLK10745,2023-08-01,Customer 745,Clothing,Product 745,Nike,Seller 4,Maharashtra,Ahmedabad,1,1619.79,0.27,14596.88,-12977.09,UPI,Delivered,5,Not Returned
FLK10746,2023-02-02,Customer 746,Home & Kitchen,Product 746,Biba,Seller 2,Gujarat,Bangalore,1,11735.97,0.08,13939.26,-2203.29,Debit Card,Processing,5,Not Returned
FLK10747,2023-03-19,Customer 747,Electronics,Product 747,Samsung,Seller 2,Delhi,New Delhi,4,48010.66,0.23,38889.15,36486.04,Credit Card,Cancelled,1,Not Returned
FLK10748,2023-11-19,Customer 748,Books,Product 748,Sony,Seller 4,Karnataka,Bangalore,4,35511.43,0.23,20156.39,61420.16,Credit Card,Delivered,2,Not Returned
FLK10749,2023-03-04,Customer 749,Beauty,Product 749,Biba,Seller 7,Delhi,Bangalore,5,23993.73,0.09,7289.64,83520.45,Debit Card,Delivered,4,Not Returned
FLK10750,2023-12-07,Customer 750,Beauty,Product 750,LG,Seller 9,Tamil Nadu,Bangalore,1,21791.35,0.28,35876.51,-14085.16,Debit Card,Shipped,3,Not Returned
FLK10751,2023-09-22,Customer 751,Books,Product 751,Apple,Seller 6,Karnataka,New Delhi,5,8800.26,0.03,30414.32,-108070.3,UPI,Cancelled,1,Not Returned
FLK10752,2023-12-05,Customer 752,Electronics,Product 752,Nike,Seller 7,Tamil Nadu,Ahmedabad,5,36168.98,0.1,14090.03,110394.75,Debit Card,Cancelled,4,Not Returned
FLK10753,2023-07-26,Customer 753,Clothing,Product 753,Puma,Seller 4,Gujarat,Ahmedabad,4,32754.74,0.21,35467.83,-10852.36,Cash on Delivery,Processing,5,Not Returned
FLK10754,2023-10-03,Customer 754,Home & Kitchen,Product 754,Biba,Seller 3,Gujarat,Ahmedabad,2,5288.21,0.17,21058.87,-31541.32,UPI,Delivered,5,Not Returned
FLK10755,2023-05-13,Customer 755,Beauty,Product 755,Sony,Seller 5,Tamil Nadu,Ahmedabad,1,3673.58,0.12,25214.47,-21540.89,Debit Card,Delivered,4,Returned
FLK10756,2023-08-18,Customer 756,Home & Kitchen,Product 756,Samsung,Seller 1,Tamil Nadu,Mumbai,5,40286.7,0.3,22799.77,87434.65,UPI,Delivered,2,Not Returned
FLK10757,2023-10-21,Customer 757,Beauty,Product 757,Puma,Seller 7,Gujarat,Bangalore,1,26095.33,0.07,31175.68,-5080.35,Cash on Delivery,Delivered,4,Not Returned
FLK10758,2023-02-11,Customer 758,Books,Product 758,Apple,Seller 7,Maharashtra,New Delhi,1,4563.91,0.21,16394.76,-11830.85,Cash on Delivery,Cancelled,4,Not Returned
FLK10759,2023-08-14,Customer 759,Clothing,Product 759,Puma,Seller 7,Maharashtra,Bangalore,3,24538.97,0.14,38628.46,-42268.47,Credit Card,Delivered,3,Not Returned
FLK10760,2023-03-22,Customer 760,Electronics,Product 760,Nike,Seller 2,Gujarat,New Delhi,1,18881.87,0.09,21115.57,-2233.7,Credit Card,Delivered,5,Not Returned
FLK10761,2023-09-06,Customer 761,Books,Product 761,Sony,Seller 3,Maharashtra,Ahmedabad,3,46742.16,0.1,11703.54,105115.86,UPI,Cancelled,3,Not Returned
FLK10762,2023-06-28,Customer 762,Books,Product 762,Sony,Seller 1,Tamil Nadu,New Delhi,3,28517.35,0.27,31285.8,-8305.35,Cash on Delivery,Cancelled,5,Not Returned
FLK10763,2023-03-12,Customer 763,Electronics,Product 763,Puma,Seller 8,Tamil Nadu,New Delhi,1,36479.06,0.04,25127.19,11351.87,Cash on Delivery,Delivered,5,Not Returned
FLK10764,2023-01-24,Customer 764,Clothing,Product 764,Puma,Seller 5,Delhi,Bangalore,4,28823.38,0.24,28377.16,1784.88,Credit Card,Delivered,1,Returned
FLK10765,2023-10-05,Customer 765,Electronics,Product 765,Sony,Seller 1,Gujarat,Ahmedabad,1,24100.43,0.27,5284.54,18815.89,UPI,Shipped,2,Not Returned
FLK10766,2023-12-28,Customer 766,Electronics,Product 766,Biba,Seller 2,Gujarat,Ahmedabad,2,29653.35,0.15,37283.96,-15261.22,Debit Card,Delivered,3,Not Returned
FLK10767,2023-06-12,Customer 767,Clothing,Product 767,Nike,Seller 2,Delhi,Chennai,3,14744.62,0.06,30772.73,-48084.33,UPI,Delivered,3,Not Returned
FLK10768,2023-11-11,Customer 768,Home & Kitchen,Product 768,LG,Seller 1,Delhi,Mumbai,2,16448.44,0.13,13305.76,6285.36,Cash on Delivery,Shipped,5,Not Returned
FLK10769,2023-05-03,Customer 769,Electronics,Product 769,Samsung,Seller 4,Tamil Nadu,Ahmedabad,4,19641.34,0.04,2938.32,66812.08,Cash on Delivery,Delivered,1,Not Returned
FLK10770,2023-11-21,Customer 770,Beauty,Product 770,Apple,Seller 5,Gujarat,Ahmedabad,4,12827.35,0.17,31437.82,-74441.88,Debit Card,Delivered,3,Not Returned
FLK10771,2023-09-14,Customer 771,Beauty,Product 771,Sony,Seller 3,Karnataka,Ahmedabad,5,39139.16,0.17,17220.69,109592.35,Cash on Delivery,Delivered,5,Returned
FLK10772,2023-11-14,Customer 772,Home & Kitchen,Product 772,Puma,Seller 3,Delhi,Chennai,5,24412.35,0.18,33572.52,-45800.85,Cash on Delivery,Shipped,5,Not Returned
FLK10773,2023-09-19,Customer 773,Home & Kitchen,Product 773,Apple,Seller 3,Gujarat,Ahmedabad,1,5135.74,0.21,33218.94,-28083.2,Debit Card,Cancelled,2,Not Returned
FLK10774,2023-06-12,Customer 774,Home & Kitchen,Product 774,Puma,Seller 5,Tamil Nadu,Mumbai,2,49011.39,0.11,18638.49,60745.8,Debit Card,Delivered,4,Not Returned
FLK10775,2023-01-02,Customer 775,Electronics,Product 775,Biba,Seller 1,Delhi,Bangalore,3,44701.27,0.21,30543.05,42474.66,Credit Card,Processing,4,Not Returned
FLK10776,2023-01-16,Customer 776,Clothing,Product 776,Puma,Seller 2,Karnataka,New Delhi,5,18311.13,0.06,30759.4,-62241.35,Credit Card,Delivered,2,Not Returned
FLK10777,2023-01-05,Customer 777,Beauty,Product 777,Puma,Seller 1,Karnataka,Mumbai,1,40821.73,0.19,32350.34,8471.39,UPI,Delivered,3,Not Returned
FLK10778,2023-05-24,Customer 778,Clothing,Product 778,Puma,Seller 10,Maharashtra,Chennai,1,41059.58,0.12,34769.34,6290.24,Cash on Delivery,Delivered,2,Not Returned
FLK10779,2023-12-11,Customer 779,Electronics,Product 779,Samsung,Seller 3,Delhi,Ahmedabad,1,3924.25,0.09,22969.14,-19044.89,UPI,Cancelled,4,Not Returned
FLK10780,2023-12-14,Customer 780,Books,Product 780,Puma,Seller 9,Gujarat,Mumbai,4,44103.72,0.01,17352.92,107003.2,Credit Card,Cancelled,2,Not Returned
FLK10781,2023-07-28,Customer 781,Home & Kitchen,Product 781,Apple,Seller 9,Tamil Nadu,New Delhi,2,38009.39,0.27,9385.52,57247.74,Debit Card,Shipped,3,Not Returned
FLK10782,2023-07-20,Customer 782,Beauty,Product 782,Nike,Seller 2,Gujarat,Chennai,5,11811.23,0.21,38225.06,-132069.15,UPI,Delivered,2,Not Returned
FLK10783,2023-11-17,Customer 783,Books,Product 783,Apple,Seller 8,Tamil Nadu,Chennai,3,31490.49,0.11,10402.71,63263.34,Credit Card,Delivered,5,Not Returned
FLK10784,2023-06-20,Customer 784,Electronics,Product 784,Sony,Seller 4,Delhi,Ahmedabad,3,38258.75,0.19,23324.36,44803.17,Credit Card,Shipped,5,Not Returned
FLK10785,2023-12-22,Customer 785,Books,Product 785,Sony,Seller 3,Delhi,New Delhi,1,30726.32,0.14,4558.64,26167.68,Credit Card,Delivered,2,Not Returned
FLK10786,2023-02-19,Customer 786,Electronics,Product 786,Sony,Seller 7,Maharashtra,Ahmedabad,4,31378.07,0.14,18811.94,50264.52,Cash on Delivery,Cancelled,4,Not Returned
FLK10787,2023-12-12,Customer 787,Books,Product 787,Biba,Seller 9,Karnataka,Ahmedabad,1,5772.99,0.18,3210.2,2562.79,UPI,Cancelled,1,Not Returned
FLK10788,2023-07-01,Customer 788,Clothing,Product 788,Biba,Seller 10,Tamil Nadu,Bangalore,2,39875.99,0.03,12812.1,54127.78,Cash on Delivery,Delivered,4,Not Returned
FLK10789,2023-10-26,Customer 789,Electronics,Product 789,Sony,Seller 3,Maharashtra,New Delhi,2,17571.18,0.12,871.4,33399.56,UPI,Delivered,3,Not Returned
FLK10790,2023-01-28,Customer 790,Clothing,Product 790,Nike,Seller 4,Maharashtra,Bangalore,4,17504.95,0.2,27880.89,-41503.76,Cash on Delivery,Delivered,2,Not Returned
FLK10791,2023-06-21,Customer 791,Electronics,Product 791,Nike,Seller 7,Karnataka,Bangalore,1,43760.08,0.27,20059.62,23700.46,Credit Card,Delivered,4,Not Returned
FLK10792,2023-04-20,Customer 792,Beauty,Product 792,Biba,Seller 6,Tamil Nadu,Bangalore,2,41303.24,0.01,942.6,80721.28,Debit Card,Delivered,1,Not Returned
FLK10793,2023-04-10,Customer 793,Electronics,Product 793,Sony,Seller 6,Delhi,Chennai,1,14683.19,0.07,10858.54,3824.65,UPI,Delivered,4,Not Returned
FLK10794,2023-01-12,Customer 794,Beauty,Product 794,Sony,Seller 5,Delhi,Chennai,5,7470.14,0.2,35363.08,-139464.7,Debit Card,Shipped,2,Not Returned
FLK10795,2023-07-10,Customer 795,Beauty,Product 795,Samsung,Seller 10,Tamil Nadu,Chennai,1,44085.11,0.05,8012.55,36072.56,Cash on Delivery,Delivered,2,Not Returned
FLK10796,2023-11-22,Customer 796,Beauty,Product 796,Apple,Seller 10,Gujarat,Bangalore,5,15178.37,0.05,10275.35,24515.1,Debit Card,Cancelled,5,Returned
FLK10797,2023-09-08,Customer 797,Beauty,Product 797,Puma,Seller 2,Tamil Nadu,Ahmedabad,1,25710.36,0.23,25925.68,-215.32,Debit Card,Delivered,3,Not Returned
FLK10798,2023-07-11,Customer 798,Electronics,Product 798,Puma,Seller 8,Tamil Nadu,New Delhi,2,20422.15,0.28,23522.91,-6201.52,Credit Card,Delivered,5,Not Returned
FLK10799,2023-05-01,Customer 799,Clothing,Product 799,LG,Seller 5,Tamil Nadu,New Delhi,3,46677.24,0.12,22208.01,73407.69,UPI,Processing,2,Not Returned
FLK10800,2023-04-28,Customer 800,Electronics,Product 800,Apple,Seller 8,Gujarat,Ahmedabad,2,22888.03,0.14,15008.62,15758.82,Cash on Delivery,Delivered,3,Not Returned
FLK10801,2023-04-30,Customer 801,Home & Kitchen,Product 801,Puma,Seller 2,Karnataka,Chennai,2,25373.97,0.17,3627.7,43492.54,Debit Card,Shipped,1,Not Returned
FLK10802,2023-01-20,Customer 802,Electronics,Product 802,LG,Seller 6,Maharashtra,Mumbai,2,37331.08,0.23,33806.96,7048.24,UPI,Delivered,5,Returned
FLK10803,2023-10-06,Customer 803,Home & Kitchen,Product 803,Apple,Seller 5,Karnataka,Mumbai,4,20562.87,0.13,23364.45,-11206.32,Credit Card,Delivered,3,Not Returned
FLK10804,2023-03-18,Customer 804,Clothing,Product 804,LG,Seller 4,Maharashtra,New Delhi,2,29560.55,0.17,18990.09,21140.92,Cash on Delivery,Delivered,1,Not Returned
FLK10805,2023-08-08,Customer 805,Clothing,Product 805,LG,Seller 8,Tamil Nadu,Ahmedabad,1,7553.97,0.26,12572.37,-5018.4,Credit Card,Delivered,4,Not Returned
FLK10806,2023-04-26,Customer 806,Clothing,Product 806,Biba,Seller 7,Gujarat,Mumbai,2,1870.74,0.24,36823.59,-69905.7,UPI,Shipped,5,Not Returned
FLK10807,2023-11-05,Customer 807,Electronics,Product 807,Samsung,Seller 7,Tamil Nadu,Bangalore,5,3858.43,0.12,19227.63,-76846,Debit Card,Delivered,3,Pending
FLK10808,2023-02-17,Customer 808,Beauty,Product 808,Apple,Seller 9,Maharashtra,Chennai,5,30364.11,0.02,8380.6,109917.55,Cash on Delivery,Delivered,2,Not Returned
FLK10809,2023-02-05,Customer 809,Clothing,Product 809,Apple,Seller 6,Gujarat,Chennai,1,42954.67,0.13,6730.09,36224.58,Credit Card,Delivered,3,Not Returned
FLK10810,2023-07-19,Customer 810,Beauty,Product 810,LG,Seller 4,Karnataka,New Delhi,5,33381.24,0.06,23173.2,51040.2,Debit Card,Delivered,3,Not Returned
FLK10811,2023-05-22,Customer 811,Beauty,Product 811,Apple,Seller 3,Tamil Nadu,Chennai,5,30437.03,0.08,13489.58,84737.25,Cash on Delivery,Delivered,4,Not Returned
FLK10812,2023-05-28,Customer 812,Clothing,Product 812,Nike,Seller 5,Tamil Nadu,Ahmedabad,5,42470.21,0.13,7616.74,174267.35,Cash on Delivery,Delivered,5,Not Returned
FLK10813,2023-10-19,Customer 813,Books,Product 813,Biba,Seller 1,Maharashtra,Bangalore,2,31578.22,0.09,36593.58,-10030.72,UPI,Cancelled,3,Not Returned
FLK10814,2023-03-04,Customer 814,Home & Kitchen,Product 814,Apple,Seller 2,Gujarat,Mumbai,3,8825.53,0.07,2309.12,19549.23,Credit Card,Delivered,4,Not Returned
FLK10815,2023-07-15,Customer 815,Home & Kitchen,Product 815,Puma,Seller 7,Maharashtra,New Delhi,1,13038.04,0.22,5921.62,7116.42,Cash on Delivery,Delivered,1,Not Returned
FLK10816,2023-05-05,Customer 816,Clothing,Product 816,LG,Seller 8,Karnataka,Bangalore,1,1616.63,0.04,12122.91,-10506.28,Cash on Delivery,Delivered,4,Not Returned
FLK10817,2023-05-20,Customer 817,Beauty,Product 817,Biba,Seller 6,Maharashtra,Bangalore,4,44574.53,0.16,17940.69,106535.36,Credit Card,Cancelled,5,Not Returned
FLK10818,2023-12-04,Customer 818,Books,Product 818,Biba,Seller 5,Tamil Nadu,Chennai,3,3119.5,0.12,8488.35,-16106.55,UPI,Delivered,2,Not Returned
FLK10819,2023-08-04,Customer 819,Books,Product 819,Apple,Seller 6,Maharashtra,Chennai,2,44063.64,0.24,33217.07,21693.14,UPI,Delivered,1,Not Returned
FLK10820,2023-06-17,Customer 820,Home & Kitchen,Product 820,Samsung,Seller 4,Gujarat,Bangalore,5,20133.25,0.13,9694.67,52192.9,Credit Card,Delivered,1,Not Returned
FLK10821,2023-06-11,Customer 821,Books,Product 821,Biba,Seller 4,Tamil Nadu,Bangalore,1,40762.99,0.2,15066.36,25696.63,Credit Card,Cancelled,3,Not Returned
FLK10822,2023-09-13,Customer 822,Books,Product 822,Puma,Seller 9,Gujarat,Bangalore,2,5382.76,0.1,25367.26,-39969,Cash on Delivery,Delivered,5,Not Returned
FLK10823,2023-06-20,Customer 823,Beauty,Product 823,Puma,Seller 6,Tamil Nadu,Chennai,2,30618.01,0.18,15593.07,30049.88,UPI,Delivered,4,Not Returned
FLK10824,2023-01-11,Customer 824,Electronics,Product 824,Sony,Seller 2,Karnataka,Bangalore,4,37922.16,0.19,2910.43,140046.92,Debit Card,Delivered,2,Not Returned
FLK10825,2023-11-25,Customer 825,Books,Product 825,LG,Seller 10,Tamil Nadu,Mumbai,1,16325.52,0.24,2111.37,14214.15,Cash on Delivery,Delivered,2,Not Returned
FLK10826,2023-06-19,Customer 826,Home & Kitchen,Product 826,LG,Seller 4,Gujarat,Chennai,5,33391.72,0.08,27588.58,29015.7,UPI,Delivered,3,Not Returned
FLK10827,2023-08-15,Customer 827,Books,Product 827,Apple,Seller 8,Delhi,Bangalore,1,49452.97,0.28,5492.13,43960.84,UPI,Delivered,5,Pending
FLK10828,2023-05-01,Customer 828,Electronics,Product 828,Apple,Seller 7,Tamil Nadu,Mumbai,1,10431.48,0.13,24383.05,-13951.57,Debit Card,Delivered,3,Not Returned
FLK10829,2023-05-20,Customer 829,Clothing,Product 829,Apple,Seller 6,Tamil Nadu,New Delhi,1,22407.91,0.16,29459.95,-7052.04,UPI,Cancelled,5,Not Returned
FLK10830,2023-07-15,Customer 830,Clothing,Product 830,Sony,Seller 2,Karnataka,Ahmedabad,3,27883.17,0.06,15517.51,37096.98,Debit Card,Delivered,2,Not Returned
FLK10831,2023-02-06,Customer 831,Home & Kitchen,Product 831,LG,Seller 8,Maharashtra,Bangalore,5,934.62,0.26,29280.61,-141729.95,Debit Card,Delivered,5,Returned
FLK10832,2023-07-11,Customer 832,Clothing,Product 832,Biba,Seller 5,Gujarat,Chennai,2,2636.31,0.28,15689.62,-26106.62,UPI,Delivered,3,Not Returned
FLK10833,2023-06-28,Customer 833,Electronics,Product 833,Puma,Seller 8,Karnataka,Chennai,4,46236.18,0.22,10085.82,144601.44,Credit Card,Shipped,2,Not Returned
FLK10834,2023-01-15,Customer 834,Beauty,Product 834,Nike,Seller 10,Tamil Nadu,Bangalore,2,30304.45,0.29,33652.29,-6695.68,Credit Card,Delivered,1,Not Returned
FLK10835,2023-07-16,Customer 835,Clothing,Product 835,Puma,Seller 10,Delhi,Ahmedabad,5,43755.2,0.06,17343.37,132059.15,Debit Card,Delivered,3,Not Returned
FLK10836,2023-10-28,Customer 836,Home & Kitchen,Product 836,Puma,Seller 7,Delhi,Chennai,3,38877.24,0.11,6166.77,98131.41,UPI,Shipped,3,Not Returned
FLK10837,2023-03-28,Customer 837,Clothing,Product 837,Apple,Seller 2,Delhi,New Delhi,3,32876.75,0.22,7264.96,76835.37,Debit Card,Delivered,1,Not Returned
FLK10838,2023-09-15,Customer 838,Books,Product 838,Biba,Seller 10,Maharashtra,Bangalore,1,37562.14,0.24,8100.8,29461.34,Cash on Delivery,Delivered,5,Not Returned
FLK10839,2023-11-22,Customer 839,Beauty,Product 839,Apple,Seller 5,Delhi,New Delhi,1,3885.6,0.02,9787.97,-5902.37,Cash on Delivery,Delivered,1,Not Returned
FLK10840,2023-01-04,Customer 840,Electronics,Product 840,Sony,Seller 1,Delhi,Bangalore,3,1085.97,0.18,39370.46,-114853.47,Debit Card,Shipped,3,Not Returned
FLK10841,2023-08-08,Customer 841,Home & Kitchen,Product 841,Nike,Seller 6,Karnataka,Bangalore,5,33395.27,0.12,2804.96,152951.55,Debit Card,Cancelled,5,Not Returned
FLK10842,2023-12-24,Customer 842,Clothing,Product 842,Puma,Seller 3,Delhi,Ahmedabad,1,26791.68,0.29,30109.39,-3317.71,UPI,Delivered,4,Not Returned
FLK10843,2023-09-01,Customer 843,Electronics,Product 843,Biba,Seller 4,Delhi,Mumbai,1,18421.15,0.02,32316.64,-13895.49,Debit Card,Delivered,2,Not Returned
FLK10844,2023-11-10,Customer 844,Books,Product 844,Nike,Seller 7,Tamil Nadu,Chennai,4,15162.66,0.07,6184.39,35913.08,Credit Card,Delivered,5,Not Returned
FLK10845,2023-12-11,Customer 845,Electronics,Product 845,Sony,Seller 8,Maharashtra,New Delhi,5,24411.48,0.17,10125.28,71431,UPI,Processing,4,Not Returned
FLK10846,2023-08-11,Customer 846,Books,Product 846,LG,Seller 6,Tamil Nadu,Mumbai,2,13382.97,0.15,35854.71,-44943.48,Credit Card,Delivered,5,Not Returned
FLK10847,2023-09-09,Customer 847,Books,Product 847,Sony,Seller 6,Maharashtra,Ahmedabad,4,30232.25,0.2,15382.21,59400.16,Cash on Delivery,Delivered,5,Returned
FLK10848,2023-08-12,Customer 848,Beauty,Product 848,LG,Seller 5,Delhi,Mumbai,1,5107.46,0.22,37416.19,-32308.73,Credit Card,Delivered,1,Not Returned
FLK10849,2023-07-14,Customer 849,Electronics,Product 849,Puma,Seller 1,Karnataka,Chennai,3,10054.34,0.12,17218.56,-21492.66,Debit Card,Processing,5,Not Returned
FLK10850,2023-12-06,Customer 850,Electronics,Product 850,Samsung,Seller 4,Delhi,New Delhi,1,42593.89,0.1,32654.51,9939.38,Debit Card,Cancelled,3,Not Returned
FLK10851,2023-11-04,Customer 851,Home & Kitchen,Product 851,LG,Seller 1,Gujarat,Mumbai,2,49370.58,0.05,39761.89,19217.38,Cash on Delivery,Delivered,2,Not Returned
FLK10852,2023-07-12,Customer 852,Books,Product 852,Sony,Seller 6,Maharashtra,Bangalore,5,46624.89,0.08,29491.31,85667.9,UPI,Cancelled,4,Not Returned
FLK10853,2023-12-04,Customer 853,Beauty,Product 853,Apple,Seller 9,Tamil Nadu,Mumbai,3,23981.86,0.11,15946.72,24105.42,Credit Card,Delivered,2,Not Returned
FLK10854,2023-04-10,Customer 854,Electronics,Product 854,Biba,Seller 2,Maharashtra,Mumbai,4,29235.41,0.24,33978.51,-18972.4,Debit Card,Delivered,1,Not Returned
FLK10855,2023-12-23,Customer 855,Clothing,Product 855,Nike,Seller 3,Maharashtra,Bangalore,4,10339.08,0.2,14800.7,-17846.48,Credit Card,Delivered,5,Not Returned
FLK10856,2023-08-07,Customer 856,Beauty,Product 856,Apple,Seller 2,Karnataka,New Delhi,1,3306.51,0.29,26123.37,-22816.86,Cash on Delivery,Shipped,4,Not Returned
FLK10857,2023-01-18,Customer 857,Books,Product 857,LG,Seller 7,Tamil Nadu,Mumbai,4,47613.22,0.2,15317.76,129181.84,Credit Card,Processing,5,Not Returned
FLK10858,2023-05-21,Customer 858,Clothing,Product 858,Nike,Seller 1,Delhi,Chennai,1,24757.74,0.2,20603.11,4154.63,Credit Card,Delivered,5,Not Returned
FLK10859,2023-12-22,Customer 859,Books,Product 859,Sony,Seller 10,Maharashtra,New Delhi,3,32389.29,0.14,23028.92,28081.11,Credit Card,Delivered,4,Not Returned
FLK10860,2023-10-03,Customer 860,Beauty,Product 860,Biba,Seller 1,Tamil Nadu,Ahmedabad,5,39210.42,0.16,3068.1,180711.6,Credit Card,Processing,2,Not Returned
FLK10861,2023-03-02,Customer 861,Beauty,Product 861,Sony,Seller 10,Maharashtra,Chennai,3,40047.28,0.05,5620.15,103281.39,UPI,Delivered,1,Not Returned
FLK10862,2023-01-18,Customer 862,Books,Product 862,Apple,Seller 9,Karnataka,Mumbai,5,9157.75,0.29,26440.45,-86413.5,UPI,Delivered,5,Not Returned
FLK10863,2023-05-31,Customer 863,Electronics,Product 863,Biba,Seller 3,Gujarat,New Delhi,4,26400.56,0.3,14403.1,47989.84,UPI,Delivered,4,Not Returned
FLK10864,2023-01-19,Customer 864,Beauty,Product 864,LG,Seller 5,Maharashtra,Bangalore,3,11340.31,0.11,5607.41,17198.7,Cash on Delivery,Delivered,2,Not Returned
FLK10865,2023-03-25,Customer 865,Clothing,Product 865,Biba,Seller 2,Karnataka,New Delhi,5,7764.86,0.07,25315.9,-87755.2,Debit Card,Shipped,4,Not Returned
FLK10866,2023-07-10,Customer 866,Electronics,Product 866,Puma,Seller 9,Gujarat,Bangalore,3,8268.17,0.3,17609.08,-28022.73,Credit Card,Shipped,2,Not Returned
FLK10867,2023-09-30,Customer 867,Books,Product 867,Puma,Seller 9,Tamil Nadu,Chennai,2,5099.34,0.27,31156.86,-52115.04,UPI,Cancelled,2,Not Returned
FLK10868,2023-07-13,Customer 868,Beauty,Product 868,Biba,Seller 2,Delhi,Bangalore,3,43730.92,0.18,32286.76,34332.48,Credit Card,Delivered,4,Not Returned
FLK10869,2023-10-10,Customer 869,Home & Kitchen,Product 869,Samsung,Seller 2,Delhi,Bangalore,2,37658.27,0.06,32258.71,10799.12,Cash on Delivery,Delivered,1,Not Returned
FLK10870,2023-09-20,Customer 870,Beauty,Product 870,Puma,Seller 3,Maharashtra,New Delhi,3,13861.43,0.28,25694.48,-35499.15,Debit Card,Delivered,2,Not Returned
FLK10871,2023-12-28,Customer 871,Clothing,Product 871,LG,Seller 8,Karnataka,New Delhi,3,14276.61,0.13,37591.86,-69945.75,UPI,Delivered,5,Returned
FLK10872,2023-07-28,Customer 872,Home & Kitchen,Product 872,Sony,Seller 2,Delhi,Chennai,4,47137.37,0.06,2811.65,177302.88,Debit Card,Delivered,3,Not Returned
FLK10873,2023-08-06,Customer 873,Electronics,Product 873,Puma,Seller 3,Tamil Nadu,New Delhi,3,49744.81,0.27,28002.84,65225.91,Cash on Delivery,Delivered,2,Not Returned
FLK10874,2023-01-04,Customer 874,Clothing,Product 874,Puma,Seller 9,Karnataka,Bangalore,5,33203.51,0.28,39853.11,-33248,Credit Card,Delivered,5,Not Returned
FLK10875,2023-09-26,Customer 875,Beauty,Product 875,LG,Seller 2,Karnataka,Bangalore,3,47511.47,0.13,15464.2,96141.81,Debit Card,Shipped,2,Not Returned
FLK10876,2023-10-04,Customer 876,Books,Product 876,Nike,Seller 5,Tamil Nadu,Mumbai,2,839.03,0.19,16035.57,-30393.08,Debit Card,Shipped,5,Not Returned
FLK10877,2023-01-19,Customer 877,Clothing,Product 877,Samsung,Seller 8,Delhi,Mumbai,1,23340.03,0.1,4768.53,18571.5,Debit Card,Cancelled,2,Not Returned
FLK10878,2023-02-21,Customer 878,Clothing,Product 878,Biba,Seller 4,Delhi,Ahmedabad,3,8278.94,0.05,19724.57,-34336.89,UPI,Processing,2,Not Returned
FLK10879,2023-07-11,Customer 879,Home & Kitchen,Product 879,Nike,Seller 7,Maharashtra,Ahmedabad,5,6067.95,0.14,33567.4,-137497.25,UPI,Delivered,4,Not Returned
FLK10880,2023-12-30,Customer 880,Beauty,Product 880,Apple,Seller 4,Karnataka,Chennai,1,21409.86,0.11,1796.68,19613.18,UPI,Shipped,5,Returned
FLK10881,2023-03-02,Customer 881,Clothing,Product 881,Biba,Seller 9,Tamil Nadu,Bangalore,2,38273.19,0.27,20292.78,35960.82,Cash on Delivery,Delivered,5,Not Returned
FLK10882,2023-03-06,Customer 882,Beauty,Product 882,Nike,Seller 9,Delhi,Bangalore,1,41487.49,0.13,24038.33,17449.16,Credit Card,Delivered,2,Not Returned
FLK10883,2023-08-08,Customer 883,Beauty,Product 883,Samsung,Seller 3,Gujarat,Bangalore,2,38387.88,0.26,39659.96,-2544.16,UPI,Delivered,3,Not Returned
FLK10884,2023-02-22,Customer 884,Electronics,Product 884,Samsung,Seller 3,Maharashtra,Ahmedabad,3,8034.12,0.04,16336.92,-24908.4,Debit Card,Shipped,5,Not Returned
FLK10885,2023-11-12,Customer 885,Beauty,Product 885,Apple,Seller 1,Tamil Nadu,New Delhi,3,35118.29,0.29,9276.45,77525.52,Cash on Delivery,Delivered,3,Not Returned
FLK10886,2023-06-05,Customer 886,Books,Product 886,Nike,Seller 6,Karnataka,Mumbai,4,12859.4,0.27,7702.23,20628.68,Credit Card,Delivered,4,Not Returned
FLK10887,2023-08-30,Customer 887,Home & Kitchen,Product 887,Samsung,Seller 2,Tamil Nadu,Bangalore,2,24859.31,0.11,4940.2,39838.22,Credit Card,Delivered,5,Not Returned
FLK10888,2023-07-04,Customer 888,Home & Kitchen,Product 888,Puma,Seller 10,Gujarat,Ahmedabad,2,32666.88,0.07,15659.07,34015.62,Credit Card,Delivered,4,Not Returned
FLK10889,2023-10-28,Customer 889,Beauty,Product 889,LG,Seller 8,Delhi,Chennai,5,31132.6,0.1,19204.85,59638.75,UPI,Delivered,1,Not Returned
FLK10890,2023-08-03,Customer 890,Electronics,Product 890,Puma,Seller 5,Gujarat,Mumbai,5,22756.94,0.22,36379.33,-68111.95,Credit Card,Delivered,3,Returned
FLK10891,2023-01-12,Customer 891,Beauty,Product 891,Samsung,Seller 5,Maharashtra,Mumbai,1,28537.52,0.24,27842.41,695.11,Cash on Delivery,Delivered,3,Not Returned
FLK10892,2023-02-08,Customer 892,Beauty,Product 892,Biba,Seller 9,Tamil Nadu,Ahmedabad,4,20417.38,0.09,7793.28,50496.4,UPI,Delivered,4,Not Returned
FLK10893,2023-09-20,Customer 893,Clothing,Product 893,Samsung,Seller 9,Karnataka,Mumbai,5,15285.49,0.09,5238.13,50236.8,UPI,Delivered,2,Not Returned
FLK10894,2023-03-17,Customer 894,Home & Kitchen,Product 894,LG,Seller 5,Delhi,Bangalore,5,11042.29,0.04,26066.25,-75119.8,Debit Card,Delivered,5,Not Returned
FLK10895,2023-05-16,Customer 895,Beauty,Product 895,Biba,Seller 10,Karnataka,Mumbai,5,31473.7,0.01,14535.5,84691,Debit Card,Delivered,5,Not Returned
FLK10896,2023-10-26,Customer 896,Books,Product 896,Puma,Seller 7,Karnataka,Ahmedabad,3,40849.54,0.07,11125.79,89171.25,Cash on Delivery,Delivered,2,Not Returned
FLK10897,2023-07-08,Customer 897,Beauty,Product 897,Biba,Seller 2,Tamil Nadu,Bangalore,3,40788.19,0.06,22959.49,53486.1,UPI,Delivered,1,Not Returned
FLK10898,2023-04-01,Customer 898,Clothing,Product 898,Puma,Seller 10,Maharashtra,Chennai,1,21672.1,0.14,25927.54,-4255.44,Cash on Delivery,Delivered,3,Not Returned
FLK10899,2023-01-07,Customer 899,Electronics,Product 899,Apple,Seller 7,Tamil Nadu,Chennai,1,1394.91,0.25,37316.56,-35921.65,UPI,Delivered,1,Not Returned
FLK10900,2023-11-18,Customer 900,Electronics,Product 900,Apple,Seller 1,Delhi,Ahmedabad,4,17349.65,0.22,8511.3,35353.4,Cash on Delivery,Processing,5,Not Returned
FLK10901,2023-06-07,Customer 901,Home & Kitchen,Product 901,Biba,Seller 3,Maharashtra,Chennai,3,13865.69,0.17,1387.68,37434.03,Credit Card,Delivered,2,Not Returned
FLK10902,2023-08-01,Customer 902,Beauty,Product 902,Apple,Seller 4,Delhi,Bangalore,3,7967.83,0.2,9438.08,-4410.75,Cash on Delivery,Delivered,4,Pending
FLK10903,2023-09-09,Customer 903,Beauty,Product 903,Apple,Seller 4,Delhi,Mumbai,2,30969.85,0.04,36869.82,-11799.94,Credit Card,Cancelled,4,Not Returned
FLK10904,2023-09-29,Customer 904,Home & Kitchen,Product 904,Samsung,Seller 3,Tamil Nadu,Bangalore,5,34479.87,0.19,11842.11,113188.8,Credit Card,Delivered,3,Not Returned
FLK10905,2023-05-16,Customer 905,Books,Product 905,Sony,Seller 1,Maharashtra,Bangalore,2,19913.97,0.22,31450.87,-23073.8,Cash on Delivery,Processing,1,Not Returned
FLK10906,2023-05-23,Customer 906,Beauty,Product 906,Apple,Seller 6,Maharashtra,Bangalore,4,18048.02,0.15,19483.72,-5742.8,Cash on Delivery,Delivered,4,Not Returned
FLK10907,2023-12-01,Customer 907,Beauty,Product 907,Biba,Seller 7,Gujarat,New Delhi,3,24923.9,0.17,9604.46,45958.32,Credit Card,Delivered,3,Not Returned
FLK10908,2023-12-22,Customer 908,Beauty,Product 908,Puma,Seller 2,Maharashtra,Mumbai,1,49545.93,0.01,22515.68,27030.25,UPI,Shipped,1,Not Returned
FLK10909,2023-03-13,Customer 909,Home & Kitchen,Product 909,Biba,Seller 3,Gujarat,New Delhi,2,41388.58,0.03,5973.57,70830.02,UPI,Delivered,1,Returned
FLK10910,2023-07-10,Customer 910,Books,Product 910,Puma,Seller 2,Gujarat,Chennai,3,29900.54,0.06,6330.91,70708.89,UPI,Delivered,1,Not Returned
FLK10911,2023-08-02,Customer 911,Beauty,Product 911,Sony,Seller 3,Tamil Nadu,Bangalore,4,35039.95,0.1,16739.65,73201.2,Debit Card,Delivered,4,Not Returned
FLK10912,2023-02-26,Customer 912,Beauty,Product 912,Apple,Seller 1,Gujarat,Bangalore,3,1263.06,0.25,27295.7,-78097.92,Cash on Delivery,Delivered,5,Pending
FLK10913,2023-09-14,Customer 913,Home & Kitchen,Product 913,Puma,Seller 4,Tamil Nadu,Bangalore,2,5244.84,0.12,37961.43,-65433.18,UPI,Delivered,1,Not Returned
FLK10914,2023-10-14,Customer 914,Electronics,Product 914,Sony,Seller 2,Tamil Nadu,New Delhi,2,32256.39,0.25,7036.44,50439.9,Debit Card,Delivered,2,Not Returned
FLK10915,2023-02-09,Customer 915,Home & Kitchen,Product 915,Samsung,Seller 6,Delhi,Bangalore,2,27328.93,0.03,24039.27,6579.32,Debit Card,Delivered,2,Pending
FLK10916,2023-05-04,Customer 916,Home & Kitchen,Product 916,Apple,Seller 10,Gujarat,Chennai,3,39542.01,0.02,12926.69,79845.96,Debit Card,Delivered,2,Not Returned
FLK10917,2023-07-23,Customer 917,Electronics,Product 917,LG,Seller 6,Tamil Nadu,Mumbai,5,35240.97,0.04,16573.05,93339.6,Credit Card,Delivered,5,Not Returned
FLK10918,2023-07-15,Customer 918,Clothing,Product 918,Samsung,Seller 1,Karnataka,Bangalore,1,23475.21,0.27,4222.87,19252.34,UPI,Cancelled,5,Not Returned
FLK10919,2023-03-24,Customer 919,Electronics,Product 919,Samsung,Seller 10,Gujarat,Mumbai,3,7173.19,0.09,25076.07,-53708.64,Cash on Delivery,Delivered,4,Not Returned
FLK10920,2023-05-03,Customer 920,Beauty,Product 920,Samsung,Seller 10,Delhi,Bangalore,3,49570.45,0.04,1141.21,145287.72,Debit Card,Delivered,5,Not Returned
FLK10921,2023-02-14,Customer 921,Clothing,Product 921,Apple,Seller 8,Karnataka,Bangalore,5,8660.17,0.09,14844.06,-30919.45,Credit Card,Delivered,4,Not Returned
FLK10922,2023-08-31,Customer 922,Home & Kitchen,Product 922,Sony,Seller 8,Maharashtra,Chennai,5,24710.61,0.12,11827.15,64417.3,Cash on Delivery,Cancelled,5,Not Returned
FLK10923,2023-07-07,Customer 923,Electronics,Product 923,Sony,Seller 10,Karnataka,Mumbai,1,21023.73,0.14,35064.04,-14040.31,Credit Card,Delivered,4,Not Returned
FLK10924,2023-05-06,Customer 924,Electronics,Product 924,Apple,Seller 3,Delhi,Mumbai,2,28731.97,0.26,9326.64,38810.66,Cash on Delivery,Delivered,2,Not Returned
FLK10925,2023-10-01,Customer 925,Clothing,Product 925,Apple,Seller 2,Maharashtra,Chennai,5,46038.34,0.23,8399.18,188195.8,Debit Card,Delivered,2,Not Returned
FLK10926,2023-04-19,Customer 926,Clothing,Product 926,Apple,Seller 5,Tamil Nadu,Chennai,3,47317.46,0.05,8949.8,115102.98,Credit Card,Shipped,5,Not Returned
FLK10927,2023-07-05,Customer 927,Clothing,Product 927,Biba,Seller 4,Delhi,Bangalore,5,47519.39,0.21,11167.27,181760.6,UPI,Delivered,1,Not Returned
FLK10928,2023-06-02,Customer 928,Clothing,Product 928,Sony,Seller 7,Gujarat,Bangalore,4,13472.3,0.25,4189.45,37131.4,Cash on Delivery,Delivered,4,Not Returned
FLK10929,2023-06-28,Customer 929,Clothing,Product 929,Biba,Seller 8,Gujarat,Bangalore,5,22182.37,0.27,22985.41,-4015.2,Credit Card,Delivered,5,Not Returned
FLK10930,2023-12-08,Customer 930,Electronics,Product 930,Samsung,Seller 3,Karnataka,Mumbai,1,44761.83,0.28,20197.88,24563.95,Debit Card,Delivered,5,Not Returned
FLK10931,2023-09-24,Customer 931,Books,Product 931,Biba,Seller 3,Tamil Nadu,Ahmedabad,1,11467.16,0.29,17080.02,-5612.86,UPI,Delivered,2,Not Returned
FLK10932,2023-04-08,Customer 932,Electronics,Product 932,Apple,Seller 6,Karnataka,Chennai,2,15806.2,0.25,5460.04,20692.32,Cash on Delivery,Delivered,3,Not Returned
FLK10933,2023-06-30,Customer 933,Electronics,Product 933,Biba,Seller 9,Karnataka,Chennai,5,23264.86,0.12,22294.6,4851.3,UPI,Delivered,3,Not Returned
FLK10934,2023-12-19,Customer 934,Clothing,Product 934,Puma,Seller 5,Gujarat,Chennai,5,40313.82,0.04,26104.76,71045.3,Cash on Delivery,Delivered,4,Not Returned
FLK10935,2023-10-06,Customer 935,Books,Product 935,Puma,Seller 8,Gujarat,Ahmedabad,4,33524.53,0.26,8886.9,98550.52,Cash on Delivery,Delivered,1,Not Returned
FLK10936,2023-03-05,Customer 936,Home & Kitchen,Product 936,Sony,Seller 8,Tamil Nadu,New Delhi,1,19130.29,0.07,11708.34,7421.95,Debit Card,Delivered,5,Pending
FLK10937,2023-12-11,Customer 937,Beauty,Product 937,Apple,Seller 7,Delhi,Chennai,1,39555.98,0.25,20965.55,18590.43,Debit Card,Delivered,5,Returned
FLK10938,2023-05-04,Customer 938,Electronics,Product 938,Biba,Seller 4,Gujarat,New Delhi,5,40087.49,0.18,5622.29,172326,Cash on Delivery,Shipped,1,Pending
FLK10939,2023-09-22,Customer 939,Beauty,Product 939,Biba,Seller 4,Delhi,Bangalore,3,31743.14,0.24,33711.87,-5906.19,Debit Card,Cancelled,1,Not Returned
FLK10940,2023-02-17,Customer 940,Books,Product 940,Apple,Seller 7,Delhi,Ahmedabad,1,31087.87,0.17,38800.26,-7712.39,Cash on Delivery,Delivered,4,Returned
FLK10941,2023-11-21,Customer 941,Home & Kitchen,Product 941,LG,Seller 4,Maharashtra,Mumbai,1,42009.16,0.22,32298.53,9710.63,Cash on Delivery,Processing,4,Not Returned
FLK10942,2023-03-15,Customer 942,Books,Product 942,Puma,Seller 10,Delhi,Chennai,3,29997.24,0.04,11663.45,55001.37,UPI,Delivered,3,Not Returned
FLK10943,2023-04-17,Customer 943,Clothing,Product 943,Apple,Seller 8,Delhi,New Delhi,1,47842.19,0.03,27588.06,20254.13,Cash on Delivery,Cancelled,4,Not Returned
FLK10944,2023-03-24,Customer 944,Beauty,Product 944,Nike,Seller 1,Maharashtra,Ahmedabad,3,42714.08,0.04,14037.05,86031.09,Debit Card,Delivered,4,Not Returned
FLK10945,2023-03-23,Customer 945,Electronics,Product 945,Puma,Seller 5,Delhi,Bangalore,3,27053.21,0.16,30483.88,-10292.01,UPI,Cancelled,1,Not Returned
FLK10946,2023-06-17,Customer 946,Beauty,Product 946,LG,Seller 2,Maharashtra,Mumbai,2,10515.04,0.04,28404.09,-35778.1,Debit Card,Delivered,5,Not Returned
FLK10947,2023-07-24,Customer 947,Beauty,Product 947,Nike,Seller 3,Maharashtra,Mumbai,5,5783.06,0.24,23664.36,-89406.5,UPI,Processing,5,Not Returned
FLK10948,2023-08-17,Customer 948,Clothing,Product 948,Samsung,Seller 5,Karnataka,Ahmedabad,1,19542.97,0.07,14434.51,5108.46,Credit Card,Delivered,5,Returned
FLK10949,2023-05-10,Customer 949,Electronics,Product 949,Biba,Seller 5,Gujarat,Ahmedabad,2,2199.82,0.06,13245.32,-22091,UPI,Delivered,1,Not Returned
FLK10950,2023-07-10,Customer 950,Beauty,Product 950,Sony,Seller 6,Delhi,Chennai,2,1264.7,0.11,18857.86,-35186.32,Debit Card,Cancelled,4,Not Returned
FLK10951,2023-11-05,Customer 951,Beauty,Product 951,Samsung,Seller 4,Delhi,Ahmedabad,2,30587.12,0.27,34375.88,-7577.52,Credit Card,Delivered,4,Not Returned
FLK10952,2023-08-11,Customer 952,Home & Kitchen,Product 952,Sony,Seller 6,Maharashtra,Bangalore,1,24989.36,0.02,11346.92,13642.44,Credit Card,Delivered,1,Not Returned
FLK10953,2023-07-16,Customer 953,Beauty,Product 953,Samsung,Seller 1,Karnataka,Chennai,4,42777.64,0.3,36410.56,25468.32,Debit Card,Delivered,5,Not Returned
FLK10954,2023-10-01,Customer 954,Electronics,Product 954,Apple,Seller 6,Delhi,Chennai,3,41488.2,0.13,12392.48,87287.16,Debit Card,Processing,3,Not Returned
FLK10955,2023-06-10,Customer 955,Clothing,Product 955,Samsung,Seller 1,Tamil Nadu,Mumbai,4,23056.52,0.26,38593.87,-62149.4,Credit Card,Cancelled,5,Not Returned
FLK10956,2023-04-25,Customer 956,Books,Product 956,Sony,Seller 1,Maharashtra,Chennai,5,43037.25,0.22,9456.05,167906,Credit Card,Delivered,5,Not Returned
FLK10957,2023-10-03,Customer 957,Books,Product 957,Puma,Seller 1,Karnataka,Chennai,1,47249.25,0.03,13506.79,33742.46,Cash on Delivery,Delivered,1,Not Returned
FLK10958,2023-08-24,Customer 958,Books,Product 958,LG,Seller 6,Maharashtra,Ahmedabad,5,48167.29,0.13,18126.4,150204.45,Credit Card,Delivered,2,Not Returned
FLK10959,2023-09-08,Customer 959,Home & Kitchen,Product 959,Nike,Seller 8,Maharashtra,Chennai,2,15279.13,0.03,22521.22,-14484.18,UPI,Delivered,4,Not Returned
FLK10960,2023-02-09,Customer 960,Books,Product 960,Biba,Seller 1,Maharashtra,Chennai,4,23722.96,0.12,19733.75,15956.84,Debit Card,Delivered,4,Not Returned
FLK10961,2023-06-10,Customer 961,Home & Kitchen,Product 961,Puma,Seller 8,Maharashtra,Ahmedabad,1,7117.34,0.28,15719.11,-8601.77,Cash on Delivery,Cancelled,3,Not Returned
FLK10962,2023-04-07,Customer 962,Books,Product 962,Nike,Seller 7,Maharashtra,Mumbai,5,29081.12,0.04,18683.92,51986,Credit Card,Processing,2,Pending
FLK10963,2023-04-06,Customer 963,Home & Kitchen,Product 963,Apple,Seller 8,Gujarat,New Delhi,2,6541,0.17,14493.95,-15905.9,UPI,Delivered,3,Not Returned
FLK10964,2023-01-28,Customer 964,Clothing,Product 964,Nike,Seller 6,Delhi,Chennai,4,36682.27,0.13,12117.45,98259.28,Cash on Delivery,Delivered,2,Not Returned
FLK10965,2023-09-23,Customer 965,Clothing,Product 965,Apple,Seller 1,Maharashtra,Chennai,1,3339.2,0.02,11022.93,-7683.73,Credit Card,Delivered,2,Not Returned
FLK10966,2023-12-25,Customer 966,Clothing,Product 966,Biba,Seller 7,Delhi,Bangalore,4,43928.16,0.09,8644.39,141135.08,UPI,Delivered,2,Not Returned
FLK10967,2023-01-02,Customer 967,Books,Product 967,LG,Seller 9,Gujarat,New Delhi,4,42603.81,0.21,7249.16,141418.6,Credit Card,Delivered,2,Not Returned
FLK10968,2023-01-07,Customer 968,Clothing,Product 968,Biba,Seller 6,Delhi,Bangalore,5,44013.13,0.06,30456.34,67783.95,Credit Card,Delivered,5,Not Returned
FLK10969,2023-09-08,Customer 969,Beauty,Product 969,Biba,Seller 2,Delhi,Chennai,3,49374.41,0.25,21213.58,84482.49,UPI,Processing,5,Not Returned
FLK10970,2023-06-21,Customer 970,Clothing,Product 970,Biba,Seller 6,Gujarat,Mumbai,4,13182,0.14,33110.83,-79715.32,Debit Card,Delivered,5,Not Returned
FLK10971,2023-11-02,Customer 971,Clothing,Product 971,Apple,Seller 5,Gujarat,Chennai,1,20882.51,0.07,39653.27,-18770.76,Debit Card,Delivered,2,Not Returned
FLK10972,2023-08-09,Customer 972,Home & Kitchen,Product 972,LG,Seller 2,Maharashtra,New Delhi,3,48148.47,0.26,27252.36,62688.33,Cash on Delivery,Shipped,5,Not Returned
FLK10973,2023-12-14,Customer 973,Home & Kitchen,Product 973,Nike,Seller 7,Gujarat,New Delhi,5,14297.44,0.07,23347.26,-45249.1,Debit Card,Cancelled,1,Not Returned
FLK10974,2023-10-18,Customer 974,Home & Kitchen,Product 974,Nike,Seller 2,Delhi,New Delhi,5,7955.78,0.21,21131.65,-65879.35,Debit Card,Delivered,4,Not Returned
FLK10975,2023-05-28,Customer 975,Books,Product 975,Sony,Seller 5,Delhi,New Delhi,1,14629.96,0.18,2645.74,11984.22,Debit Card,Delivered,2,Not Returned
FLK10976,2023-01-26,Customer 976,Home & Kitchen,Product 976,LG,Seller 6,Karnataka,Ahmedabad,4,38493.86,0.05,3936.24,138230.48,Debit Card,Delivered,4,Not Returned
FLK10977,2023-02-11,Customer 977,Home & Kitchen,Product 977,LG,Seller 1,Tamil Nadu,Mumbai,2,34054.5,0.12,16251.58,35605.84,Credit Card,Cancelled,5,Not Returned
FLK10978,2023-03-30,Customer 978,Electronics,Product 978,Biba,Seller 6,Gujarat,Bangalore,4,10528.26,0.05,22354.79,-47306.12,Debit Card,Delivered,2,Pending
FLK10979,2023-08-25,Customer 979,Electronics,Product 979,LG,Seller 7,Tamil Nadu,Chennai,1,22433.71,0.1,37324.51,-14890.8,Debit Card,Delivered,3,Not Returned
FLK10980,2023-07-30,Customer 980,Clothing,Product 980,Apple,Seller 9,Delhi,New Delhi,1,7634.29,0.27,31493.58,-23859.29,Debit Card,Delivered,3,Not Returned
FLK10981,2023-05-31,Customer 981,Books,Product 981,Sony,Seller 7,Maharashtra,New Delhi,4,23460.55,0.23,20927.99,10130.24,Credit Card,Delivered,2,Returned
FLK10982,2023-02-24,Customer 982,Home & Kitchen,Product 982,Samsung,Seller 2,Karnataka,Ahmedabad,3,17001.79,0.03,29678.04,-38028.75,Credit Card,Delivered,3,Not Returned
FLK10983,2023-09-11,Customer 983,Beauty,Product 983,LG,Seller 3,Karnataka,Mumbai,4,46727.95,0.24,25083.67,86577.12,UPI,Delivered,1,Not Returned
FLK10984,2023-03-03,Customer 984,Electronics,Product 984,Apple,Seller 4,Maharashtra,Chennai,3,41629.47,0.14,2742.49,116660.94,Credit Card,Delivered,3,Not Returned
FLK10985,2023-05-01,Customer 985,Electronics,Product 985,Nike,Seller 10,Tamil Nadu,Ahmedabad,1,7912.33,0.02,6126.37,1785.96,UPI,Delivered,4,Not Returned
FLK10986,2023-09-01,Customer 986,Clothing,Product 986,Nike,Seller 5,Delhi,Ahmedabad,3,33524.02,0.12,27993.82,16590.6,Credit Card,Delivered,5,Not Returned
FLK10987,2023-05-26,Customer 987,Clothing,Product 987,Apple,Seller 10,Tamil Nadu,Chennai,3,2403.34,0.2,26402.38,-71997.12,Cash on Delivery,Delivered,5,Returned
FLK10988,2023-08-28,Customer 988,Clothing,Product 988,Nike,Seller 1,Maharashtra,Mumbai,3,43019.25,0.07,36052.93,20898.96,Cash on Delivery,Delivered,1,Not Returned
FLK10989,2023-12-02,Customer 989,Electronics,Product 989,Nike,Seller 8,Maharashtra,Mumbai,4,33069.42,0.28,3236.38,119332.16,Cash on Delivery,Delivered,3,Not Returned
FLK10990,2023-10-22,Customer 990,Electronics,Product 990,Sony,Seller 9,Karnataka,Bangalore,4,29651.34,0.18,23542.99,24433.4,Cash on Delivery,Delivered,1,Not Returned
FLK10991,2023-04-29,Customer 991,Books,Product 991,Puma,Seller 2,Tamil Nadu,New Delhi,2,12101.34,0.23,36631.81,-49060.94,UPI,Delivered,5,Not Returned
FLK10992,2023-07-16,Customer 992,Clothing,Product 992,Apple,Seller 1,Gujarat,Mumbai,1,42320.8,0.03,30577.92,11742.88,Credit Card,Shipped,2,Not Returned
FLK10993,2023-07-13,Customer 993,Beauty,Product 993,Puma,Seller 10,Gujarat,Bangalore,1,24850.3,0.21,9422.82,15427.48,UPI,Delivered,3,Not Returned
FLK10994,2023-02-14,Customer 994,Electronics,Product 994,Apple,Seller 2,Maharashtra,Chennai,5,44604.16,0.11,16602.18,140009.9,Credit Card,Delivered,4,Returned
FLK10995,2023-11-25,Customer 995,Electronics,Product 995,Biba,Seller 4,Maharashtra,Ahmedabad,5,25329.05,0.11,35943,-53069.75,UPI,Processing,3,Not Returned
FLK10996,2023-02-06,Customer 996,Electronics,Product 996,Apple,Seller 3,Gujarat,Mumbai,1,25224.04,0.02,21814.13,3409.91,Credit Card,Delivered,5,Pending
FLK10997,2023-05-09,Customer 997,Clothing,Product 997,Puma,Seller 6,Delhi,Bangalore,5,4402.04,0.18,34111.67,-148548.15,Debit Card,Delivered,1,Not Returned
FLK10998,2023-02-26,Customer 998,Electronics,Product 998,Biba,Seller 5,Delhi,Chennai,2,13542.72,0.11,30632.36,-34179.28,UPI,Delivered,5,Not Returned
FLK10999,2023-12-06,Customer 999,Books,Product 999,LG,Seller 8,Delhi,Ahmedabad,5,35262.29,0.23,1944.39,166589.5,Credit Card,Shipped,4,Not Returned
FLK11000,2023-02-11,Customer 1000,Electronics,Product 1000,Biba,Seller 3,Karnataka,Chennai,1,25120.13,0.08,14329.97,10790.16,Cash on Delivery,Delivered,5,Returned
FLK11001,2023-01-11,Customer 1001,Books,Product 1001,Apple,Seller 4,Gujarat,Ahmedabad,5,34223.51,0.22,22284.47,59695.2,Credit Card,Delivered,2,Not Returned
FLK11002,2023-12-26,Customer 1002,Clothing,Product 1002,Samsung,Seller 3,Delhi,New Delhi,1,30967.71,0.27,14390.2,16577.51,Debit Card,Delivered,1,Not Returned
FLK11003,2023-10-29,Customer 1003,Books,Product 1003,LG,Seller 7,Gujarat,Ahmedabad,1,40108.87,0.26,10383.55,29725.32,Credit Card,Delivered,1,Not Returned
FLK11004,2023-01-23,Customer 1004,Home & Kitchen,Product 1004,Nike,Seller 10,Maharashtra,Mumbai,1,20268.55,0.2,26378.74,-6110.19,Credit Card,Delivered,3,Not Returned
FLK11005,2023-07-02,Customer 1005,Beauty,Product 1005,Biba,Seller 5,Karnataka,Ahmedabad,2,32833.66,0.16,11076.3,43514.72,Credit Card,Delivered,5,Not Returned
FLK11006,2023-11-15,Customer 1006,Clothing,Product 1006,Nike,Seller 2,Maharashtra,Bangalore,5,26318.47,0.1,22302.94,20077.65,Credit Card,Delivered,5,Not Returned
FLK11007,2023-05-01,Customer 1007,Clothing,Product 1007,Puma,Seller 8,Delhi,Chennai,3,2387.26,0.09,15664.08,-39830.46,Credit Card,Delivered,5,Not Returned
FLK11008,2023-01-10,Customer 1008,Clothing,Product 1008,Biba,Seller 8,Delhi,Bangalore,1,9787.59,0.14,2609.01,7178.58,Debit Card,Delivered,5,Returned
FLK11009,2023-11-08,Customer 1009,Home & Kitchen,Product 1009,Sony,Seller 5,Gujarat,Bangalore,4,17475.11,0.25,17626.74,-606.52,Cash on Delivery,Processing,5,Not Returned
FLK11010,2023-02-25,Customer 1010,Electronics,Product 1010,Biba,Seller 5,Gujarat,New Delhi,3,36054.5,0.23,10783.88,75811.86,Cash on Delivery,Delivered,5,Not Returned
FLK11011,2023-01-08,Customer 1011,Home & Kitchen,Product 1011,Sony,Seller 5,Delhi,Bangalore,4,15259.02,0.18,2071.99,52748.12,Debit Card,Delivered,4,Not Returned
FLK11012,2023-11-08,Customer 1012,Books,Product 1012,Apple,Seller 5,Gujarat,Mumbai,5,42359.64,0.14,1232.66,205634.9,Credit Card,Delivered,5,Not Returned
FLK11013,2023-10-12,Customer 1013,Beauty,Product 1013,Biba,Seller 1,Gujarat,Chennai,2,30706.18,0.1,3072.5,55267.36,UPI,Delivered,5,Not Returned
FLK11014,2023-09-11,Customer 1014,Beauty,Product 1014,LG,Seller 3,Maharashtra,Ahmedabad,4,12157.23,0.2,7800.72,17426.04,Cash on Delivery,Delivered,1,Not Returned
FLK11015,2023-02-01,Customer 1015,Home & Kitchen,Product 1015,Nike,Seller 1,Karnataka,Ahmedabad,4,30227.31,0.11,3600.95,106505.44,Cash on Delivery,Delivered,1,Not Returned
FLK11016,2023-10-20,Customer 1016,Home & Kitchen,Product 1016,Sony,Seller 7,Delhi,New Delhi,5,7756.78,0.1,31553.86,-118985.4,Debit Card,Shipped,5,Not Returned
FLK11017,2023-05-31,Customer 1017,Electronics,Product 1017,Apple,Seller 3,Karnataka,Chennai,2,8099.8,0.18,4731.88,6735.84,UPI,Processing,3,Not Returned
FLK11018,2023-09-18,Customer 1018,Electronics,Product 1018,Puma,Seller 6,Maharashtra,New Delhi,5,2330.45,0.22,15542.66,-66061.05,Credit Card,Shipped,5,Returned
FLK11019,2023-10-17,Customer 1019,Electronics,Product 1019,Samsung,Seller 9,Tamil Nadu,Ahmedabad,4,42359.76,0.16,2576.44,159133.28,Cash on Delivery,Delivered,3,Not Returned
FLK11020,2023-04-10,Customer 1020,Electronics,Product 1020,Nike,Seller 4,Karnataka,Bangalore,4,48738.93,0.08,12935.98,143211.8,Credit Card,Delivered,3,Returned
FLK11021,2023-07-29,Customer 1021,Home & Kitchen,Product 1021,Apple,Seller 6,Gujarat,Ahmedabad,1,18523.87,0.15,9613.71,8910.16,Cash on Delivery,Delivered,5,Returned
FLK11022,2023-10-03,Customer 1022,Beauty,Product 1022,Sony,Seller 7,Gujarat,Bangalore,3,39818.54,0.11,5193.32,103875.66,Cash on Delivery,Delivered,5,Not Returned
FLK11023,2023-11-20,Customer 1023,Beauty,Product 1023,LG,Seller 8,Delhi,Bangalore,1,13665.27,0.17,37137.5,-23472.23,Credit Card,Delivered,1,Not Returned
FLK11024,2023-12-20,Customer 1024,Beauty,Product 1024,Apple,Seller 3,Gujarat,Ahmedabad,5,45142.93,0.11,16377.6,143826.65,UPI,Delivered,1,Pending
FLK11025,2023-06-22,Customer 1025,Electronics,Product 1025,Samsung,Seller 10,Delhi,Chennai,1,45951.55,0.29,36372.45,9579.1,Cash on Delivery,Processing,3,Not Returned
FLK11026,2023-12-25,Customer 1026,Beauty,Product 1026,Puma,Seller 3,Gujarat,Ahmedabad,1,44717.53,0.18,15101.52,29616.01,Cash on Delivery,Delivered,3,Not Returned
FLK11027,2023-10-29,Customer 1027,Home & Kitchen,Product 1027,Sony,Seller 2,Maharashtra,Mumbai,3,3101,0.16,21210.6,-54328.8,Cash on Delivery,Delivered,3,Not Returned
FLK11028,2023-03-15,Customer 1028,Books,Product 1028,Sony,Seller 4,Tamil Nadu,Ahmedabad,2,43930.92,0.1,14215.43,59430.98,UPI,Delivered,2,Not Returned
FLK11029,2023-03-28,Customer 1029,Home & Kitchen,Product 1029,Nike,Seller 10,Delhi,Bangalore,4,7654.8,0.07,33545.08,-103561.12,UPI,Delivered,5,Returned
FLK11030,2023-10-04,Customer 1030,Electronics,Product 1030,Sony,Seller 4,Delhi,New Delhi,5,1995.37,0.07,37596.93,-178007.8,Cash on Delivery,Delivered,3,Not Returned
FLK11031,2023-06-01,Customer 1031,Books,Product 1031,Puma,Seller 2,Tamil Nadu,New Delhi,3,4995.69,0.05,11505.73,-19530.12,Credit Card,Shipped,5,Not Returned
FLK11032,2023-04-24,Customer 1032,Books,Product 1032,Nike,Seller 3,Gujarat,Mumbai,2,31703.01,0.16,31116.53,1172.96,Debit Card,Cancelled,1,Not Returned
FLK11033,2023-12-28,Customer 1033,Electronics,Product 1033,Nike,Seller 4,Gujarat,Chennai,5,31539.02,0.08,23615.77,39616.25,UPI,Delivered,2,Not Returned
FLK11034,2023-04-06,Customer 1034,Clothing,Product 1034,Nike,Seller 3,Maharashtra,Chennai,5,42829.39,0.23,679.29,210750.5,Credit Card,Delivered,4,Not Returned
FLK11035,2023-01-20,Customer 1035,Clothing,Product 1035,Puma,Seller 5,Gujarat,New Delhi,3,12257.59,0.11,21417.79,-27480.6,UPI,Cancelled,5,Not Returned
FLK11036,2023-12-09,Customer 1036,Clothing,Product 1036,Biba,Seller 7,Gujarat,Mumbai,3,15239,0.07,38427.36,-69565.08,Debit Card,Delivered,3,Not Returned
FLK11037,2023-08-06,Customer 1037,Books,Product 1037,LG,Seller 8,Karnataka,Chennai,2,20281.84,0.05,35251.37,-29939.06,Cash on Delivery,Delivered,4,Not Returned
FLK11038,2023-05-18,Customer 1038,Electronics,Product 1038,LG,Seller 7,Delhi,Ahmedabad,4,13578.29,0.1,15947.34,-9476.2,Cash on Delivery,Delivered,2,Not Returned
FLK11039,2023-09-06,Customer 1039,Beauty,Product 1039,Nike,Seller 1,Karnataka,New Delhi,2,28848.47,0.06,8663.88,40369.18,Credit Card,Shipped,4,Not Returned
FLK11040,2023-11-06,Customer 1040,Electronics,Product 1040,Apple,Seller 1,Tamil Nadu,Chennai,4,17099.06,0.11,30682.59,-54334.12,Credit Card,Delivered,3,Not Returned
FLK11041,2023-04-12,Customer 1041,Beauty,Product 1041,Sony,Seller 9,Tamil Nadu,Bangalore,2,8656.82,0.12,16813.32,-16313,UPI,Shipped,1,Not Returned
FLK11042,2023-09-27,Customer 1042,Books,Product 1042,Samsung,Seller 7,Tamil Nadu,Chennai,1,15536.11,0.08,30934.26,-15398.15,UPI,Delivered,4,Not Returned
FLK11043,2023-07-13,Customer 1043,Clothing,Product 1043,LG,Seller 5,Delhi,Chennai,1,36196.58,0.23,16891.38,19305.2,Credit Card,Processing,3,Pending
FLK11044,2023-02-18,Customer 1044,Electronics,Product 1044,Sony,Seller 7,Maharashtra,Ahmedabad,5,39274.13,0.13,29796.45,47388.4,Debit Card,Delivered,2,Not Returned
FLK11045,2023-12-02,Customer 1045,Electronics,Product 1045,Biba,Seller 7,Karnataka,New Delhi,1,48218.87,0.17,19564.78,28654.09,UPI,Delivered,5,Not Returned
FLK11046,2023-07-10,Customer 1046,Electronics,Product 1046,Puma,Seller 2,Tamil Nadu,Bangalore,3,1951.88,0.23,18138.42,-48559.62,Cash on Delivery,Delivered,4,Not Returned
FLK11047,2023-11-19,Customer 1047,Books,Product 1047,Apple,Seller 9,Maharashtra,Bangalore,5,24786.86,0.08,6112.38,93372.4,Cash on Delivery,Delivered,5,Not Returned
FLK11048,2023-01-31,Customer 1048,Clothing,Product 1048,Nike,Seller 7,Karnataka,Mumbai,5,2522.5,0.21,24102.96,-107902.3,Credit Card,Delivered,2,Not Returned
FLK11049,2023-09-08,Customer 1049,Electronics,Product 1049,Biba,Seller 6,Maharashtra,Mumbai,3,24452.13,0.17,29647.05,-15584.76,Credit Card,Shipped,3,Not Returned
FLK11050,2023-03-07,Customer 1050,Books,Product 1050,LG,Seller 9,Delhi,Bangalore,1,43447.88,0.04,35382.4,8065.48,Cash on Delivery,Delivered,5,Not Returned
FLK11051,2023-10-08,Customer 1051,Clothing,Product 1051,Biba,Seller 1,Karnataka,Chennai,3,15180.38,0.28,27169.04,-35965.98,Debit Card,Delivered,2,Not Returned
FLK11052,2023-03-14,Customer 1052,Home & Kitchen,Product 1052,Samsung,Seller 4,Gujarat,Mumbai,3,13069.16,0.14,37376.54,-72922.14,UPI,Delivered,4,Not Returned
FLK11053,2023-06-12,Customer 1053,Clothing,Product 1053,LG,Seller 3,Tamil Nadu,Chennai,5,1004.46,0.21,8391.18,-36933.6,Credit Card,Delivered,2,Not Returned
FLK11054,2023-08-28,Customer 1054,Electronics,Product 1054,LG,Seller 2,Karnataka,Ahmedabad,5,17672.22,0.01,8130.52,47708.5,Debit Card,Cancelled,5,Not Returned
FLK11055,2023-06-06,Customer 1055,Home & Kitchen,Product 1055,Samsung,Seller 7,Karnataka,Ahmedabad,3,33114.78,0.03,6548.62,79698.48,UPI,Delivered,2,Not Returned
FLK11056,2023-09-25,Customer 1056,Electronics,Product 1056,Puma,Seller 7,Karnataka,Ahmedabad,4,29814.3,0.09,32306.49,-9968.76,Cash on Delivery,Delivered,1,Not Returned
FLK11057,2023-04-21,Customer 1057,Books,Product 1057,Sony,Seller 10,Maharashtra,Bangalore,1,43686.83,0.1,35793.44,7893.39,Credit Card,Delivered,5,Not Returned
FLK11058,2023-08-30,Customer 1058,Home & Kitchen,Product 1058,Nike,Seller 9,Delhi,Bangalore,3,19261.22,0.12,19215.84,136.14,Debit Card,Cancelled,2,Not Returned
FLK11059,2023-11-06,Customer 1059,Beauty,Product 1059,LG,Seller 5,Maharashtra,New Delhi,3,24800.72,0.24,27510.62,-8129.7,Cash on Delivery,Delivered,1,Not Returned
FLK11060,2023-08-27,Customer 1060,Home & Kitchen,Product 1060,Puma,Seller 7,Maharashtra,Ahmedabad,3,49742.14,0.28,15596.46,102437.04,UPI,Shipped,5,Not Returned
FLK11061,2023-07-04,Customer 1061,Electronics,Product 1061,LG,Seller 1,Gujarat,Mumbai,2,45475.96,0.28,20329.55,50292.82,Credit Card,Delivered,1,Not Returned
FLK11062,2023-09-03,Customer 1062,Clothing,Product 1062,Apple,Seller 5,Karnataka,Chennai,5,41167.75,0.26,37037.19,20652.8,Cash on Delivery,Delivered,3,Not Returned
FLK11063,2023-10-07,Customer 1063,Books,Product 1063,Apple,Seller 6,Delhi,Ahmedabad,5,8253.45,0.22,34808.56,-132775.55,UPI,Delivered,5,Not Returned
FLK11064,2023-08-16,Customer 1064,Books,Product 1064,Nike,Seller 2,Gujarat,Mumbai,5,10266.75,0.19,1209.36,45286.95,Debit Card,Cancelled,1,Returned
FLK11065,2023-07-07,Customer 1065,Electronics,Product 1065,Apple,Seller 7,Tamil Nadu,Chennai,1,41252.32,0.16,29225.09,12027.23,Credit Card,Delivered,1,Not Returned
FLK11066,2023-12-19,Customer 1066,Electronics,Product 1066,Biba,Seller 3,Delhi,Mumbai,2,17953.52,0.11,22901.09,-9895.14,Credit Card,Delivered,3,Not Returned
FLK11067,2023-02-16,Customer 1067,Beauty,Product 1067,Puma,Seller 2,Maharashtra,Mumbai,3,48163.82,0.23,31576.36,49762.38,UPI,Delivered,3,Not Returned
FLK11068,2023-05-07,Customer 1068,Home & Kitchen,Product 1068,Sony,Seller 4,Maharashtra,Mumbai,1,35400.95,0.06,6076.8,29324.15,Debit Card,Delivered,5,Not Returned
FLK11069,2023-04-13,Customer 1069,Beauty,Product 1069,Nike,Seller 5,Tamil Nadu,Mumbai,1,18172.99,0.12,30932.65,-12759.66,Cash on Delivery,Cancelled,4,Not Returned
FLK11070,2023-10-27,Customer 1070,Clothing,Product 1070,LG,Seller 9,Gujarat,Bangalore,5,22038.43,0.2,27378.86,-26702.15,Debit Card,Delivered,4,Not Returned
FLK11071,2023-05-18,Customer 1071,Books,Product 1071,Samsung,Seller 4,Karnataka,Bangalore,3,2273.89,0.04,26447.25,-72520.08,UPI,Delivered,3,Not Returned
FLK11072,2023-10-16,Customer 1072,Clothing,Product 1072,Puma,Seller 10,Delhi,Mumbai,4,31646.43,0.26,864.18,123129,Cash on Delivery,Delivered,2,Pending
FLK11073,2023-04-06,Customer 1073,Home & Kitchen,Product 1073,Nike,Seller 3,Tamil Nadu,Ahmedabad,1,1797.56,0.24,18506.59,-16709.03,Cash on Delivery,Delivered,3,Not Returned
FLK11074,2023-07-11,Customer 1074,Electronics,Product 1074,Nike,Seller 8,Tamil Nadu,Mumbai,1,46357.53,0.08,37319.58,9037.95,Credit Card,Delivered,5,Returned
FLK11075,2023-07-25,Customer 1075,Electronics,Product 1075,Apple,Seller 3,Gujarat,Bangalore,5,44275.29,0.29,37637.85,33187.2,UPI,Shipped,4,Not Returned
FLK11076,2023-12-06,Customer 1076,Home & Kitchen,Product 1076,Sony,Seller 1,Delhi,Mumbai,4,7677.28,0.11,16128.88,-33806.4,Cash on Delivery,Delivered,1,Not Returned
FLK11077,2023-06-04,Customer 1077,Home & Kitchen,Product 1077,Apple,Seller 3,Maharashtra,Bangalore,3,36295.87,0.05,22396.65,41697.66,Debit Card,Delivered,1,Not Returned
FLK11078,2023-10-09,Customer 1078,Clothing,Product 1078,Puma,Seller 4,Tamil Nadu,New Delhi,5,35416.19,0.23,4322.53,155468.3,UPI,Delivered,5,Not Returned
FLK11079,2023-06-17,Customer 1079,Home & Kitchen,Product 1079,Sony,Seller 7,Gujarat,New Delhi,3,17766.02,0.2,38714.75,-62846.19,Credit Card,Delivered,4,Not Returned
FLK11080,2023-07-08,Customer 1080,Home & Kitchen,Product 1080,Nike,Seller 9,Delhi,Ahmedabad,3,20286.33,0.03,9602.84,32050.47,Cash on Delivery,Delivered,2,Not Returned
FLK11081,2023-06-23,Customer 1081,Clothing,Product 1081,Puma,Seller 3,Tamil Nadu,Bangalore,2,19728.12,0.25,1923.33,35609.58,Cash on Delivery,Delivered,3,Not Returned
FLK11082,2023-02-24,Customer 1082,Clothing,Product 1082,Sony,Seller 2,Karnataka,Chennai,4,20595.41,0.24,6881.45,54855.84,UPI,Delivered,3,Not Returned
FLK11083,2023-09-06,Customer 1083,Clothing,Product 1083,Biba,Seller 1,Karnataka,New Delhi,2,31874.58,0.19,32114.5,-479.84,Cash on Delivery,Delivered,5,Not Returned
FLK11084,2023-10-01,Customer 1084,Home & Kitchen,Product 1084,Apple,Seller 3,Tamil Nadu,Ahmedabad,4,43475.64,0.03,827.14,170594,Debit Card,Delivered,5,Not Returned
FLK11085,2023-08-21,Customer 1085,Clothing,Product 1085,Apple,Seller 8,Karnataka,Chennai,1,24777.53,0.12,35526.48,-10748.95,Debit Card,Delivered,2,Not Returned
FLK11086,2023-01-13,Customer 1086,Electronics,Product 1086,Nike,Seller 3,Karnataka,Mumbai,3,22672.85,0.1,1954.34,62155.53,Credit Card,Delivered,1,Not Returned
FLK11087,2023-05-08,Customer 1087,Beauty,Product 1087,Apple,Seller 9,Delhi,Bangalore,4,31815.78,0.14,11357.96,81831.28,Cash on Delivery,Delivered,2,Not Returned
FLK11088,2023-09-26,Customer 1088,Electronics,Product 1088,Biba,Seller 1,Delhi,Mumbai,2,7937.08,0.29,25640.24,-35406.32,Credit Card,Delivered,5,Not Returned
FLK11089,2023-11-23,Customer 1089,Home & Kitchen,Product 1089,Biba,Seller 7,Delhi,Bangalore,5,13345.13,0.2,35281.02,-109679.45,Cash on Delivery,Shipped,5,Not Returned
FLK11090,2023-06-05,Customer 1090,Electronics,Product 1090,Samsung,Seller 9,Maharashtra,Chennai,2,23957.15,0.23,17739.61,12435.08,UPI,Delivered,4,Not Returned
FLK11091,2023-04-03,Customer 1091,Home & Kitchen,Product 1091,Nike,Seller 1,Tamil Nadu,Bangalore,1,21079.26,0.05,11057.35,10021.91,Debit Card,Delivered,2,Not Returned
FLK11092,2023-04-24,Customer 1092,Books,Product 1092,Samsung,Seller 5,Gujarat,New Delhi,3,31906.78,0.11,15855.35,48154.29,Credit Card,Delivered,2,Not Returned
FLK11093,2023-03-19,Customer 1093,Clothing,Product 1093,Sony,Seller 8,Maharashtra,Ahmedabad,4,33783.66,0.08,1822.64,127844.08,Credit Card,Delivered,4,Not Returned
FLK11094,2023-04-17,Customer 1094,Electronics,Product 1094,Nike,Seller 5,Karnataka,Mumbai,3,23685.13,0.06,23560.44,374.07,Debit Card,Delivered,3,Not Returned
FLK11095,2023-05-26,Customer 1095,Electronics,Product 1095,Puma,Seller 8,Maharashtra,New Delhi,5,7197.74,0.19,33972.94,-133876,Credit Card,Delivered,2,Not Returned
FLK11096,2023-05-29,Customer 1096,Beauty,Product 1096,Sony,Seller 3,Tamil Nadu,Ahmedabad,2,37629.2,0.13,24123.36,27011.68,Debit Card,Processing,4,Not Returned
FLK11097,2023-12-18,Customer 1097,Home & Kitchen,Product 1097,Samsung,Seller 9,Gujarat,New Delhi,2,20570.48,0.23,11813.71,17513.54,Cash on Delivery,Delivered,5,Not Returned
FLK11098,2023-01-02,Customer 1098,Electronics,Product 1098,Sony,Seller 6,Tamil Nadu,Bangalore,4,5558.53,0.18,16998.36,-45759.32,Cash on Delivery,Delivered,4,Not Returned
FLK11099,2023-03-12,Customer 1099,Electronics,Product 1099,Samsung,Seller 9,Delhi,Ahmedabad,3,20806.69,0.02,24538.86,-11196.51,UPI,Delivered,3,Not Returned
FLK11100,2023-07-09,Customer 1100,Books,Product 1100,Puma,Seller 10,Tamil Nadu,Ahmedabad,3,10210.23,0.27,18558.63,-25045.2,UPI,Delivered,5,Pending
FLK11101,2023-06-15,Customer 1101,Beauty,Product 1101,Nike,Seller 2,Delhi,Bangalore,3,23283.01,0.21,18003.43,15838.74,UPI,Processing,5,Not Returned
FLK11102,2023-02-26,Customer 1102,Electronics,Product 1102,Sony,Seller 6,Maharashtra,Bangalore,3,48002.15,0.01,1824.84,138531.93,Cash on Delivery,Cancelled,5,Not Returned
FLK11103,2023-02-06,Customer 1103,Clothing,Product 1103,Nike,Seller 9,Delhi,Ahmedabad,4,26965.62,0.02,19464.8,30003.28,Credit Card,Delivered,3,Not Returned
FLK11104,2023-01-21,Customer 1104,Home & Kitchen,Product 1104,Biba,Seller 9,Tamil Nadu,New Delhi,4,5818.84,0.26,30365.08,-98184.96,Credit Card,Delivered,2,Not Returned
FLK11105,2023-03-14,Customer 1105,Beauty,Product 1105,Sony,Seller 8,Maharashtra,Mumbai,1,32263.5,0.03,35920.96,-3657.46,Cash on Delivery,Processing,4,Not Returned
FLK11106,2023-12-19,Customer 1106,Clothing,Product 1106,Nike,Seller 8,Karnataka,Ahmedabad,2,2484.92,0.05,21076.31,-37182.78,Credit Card,Delivered,2,Not Returned
FLK11107,2023-05-30,Customer 1107,Home & Kitchen,Product 1107,Puma,Seller 3,Gujarat,Mumbai,3,22333.56,0.1,29806.27,-22418.13,UPI,Delivered,2,Not Returned
FLK11108,2023-11-23,Customer 1108,Beauty,Product 1108,Apple,Seller 4,Gujarat,Mumbai,1,1321.96,0.12,20557.61,-19235.65,Cash on Delivery,Delivered,5,Returned
FLK11109,2023-11-26,Customer 1109,Beauty,Product 1109,Samsung,Seller 9,Karnataka,Ahmedabad,2,43234.69,0.15,7205.44,72058.5,Cash on Delivery,Delivered,5,Not Returned
FLK11110,2023-02-03,Customer 1110,Home & Kitchen,Product 1110,LG,Seller 5,Maharashtra,Bangalore,1,30623.31,0.22,5257.33,25365.98,UPI,Delivered,3,Pending
FLK11111,2023-01-07,Customer 1111,Electronics,Product 1111,LG,Seller 4,Karnataka,Chennai,2,5583.92,0.11,3196.56,4774.72,Credit Card,Shipped,1,Not Returned
FLK11112,2023-05-07,Customer 1112,Beauty,Product 1112,Nike,Seller 3,Maharashtra,Bangalore,4,23129.43,0.02,24512.32,-5531.56,Debit Card,Delivered,2,Not Returned
FLK11113,2023-02-02,Customer 1113,Beauty,Product 1113,Samsung,Seller 5,Delhi,Bangalore,2,29495.41,0.18,18814.39,21362.04,Credit Card,Delivered,4,Not Returned
FLK11114,2023-03-01,Customer 1114,Clothing,Product 1114,Apple,Seller 8,Maharashtra,Chennai,3,11288.93,0.15,22946.56,-34972.89,Cash on Delivery,Cancelled,1,Not Returned
FLK11115,2023-11-26,Customer 1115,Beauty,Product 1115,Samsung,Seller 10,Tamil Nadu,Chennai,2,20727.79,0.09,25377.26,-9298.94,Debit Card,Delivered,3,Returned
FLK11116,2023-06-03,Customer 1116,Home & Kitchen,Product 1116,Sony,Seller 9,Maharashtra,Mumbai,2,28296.34,0.1,17861.46,20869.76,UPI,Delivered,2,Returned
FLK11117,2023-08-29,Customer 1117,Clothing,Product 1117,LG,Seller 3,Delhi,New Delhi,4,5374.09,0.26,14022.15,-34592.24,UPI,Delivered,1,Not Returned
FLK11118,2023-06-07,Customer 1118,Electronics,Product 1118,Nike,Seller 6,Gujarat,New Delhi,1,15467.1,0.19,23012.61,-7545.51,UPI,Delivered,2,Not Returned
FLK11119,2023-03-29,Customer 1119,Beauty,Product 1119,Samsung,Seller 3,Karnataka,Ahmedabad,5,32826.13,0.24,31223.09,8015.2,Debit Card,Delivered,2,Pending
FLK11120,2023-06-05,Customer 1120,Home & Kitchen,Product 1120,LG,Seller 5,Karnataka,Mumbai,5,16217.85,0.1,22708.88,-32455.15,Cash on Delivery,Delivered,5,Not Returned
FLK11121,2023-07-29,Customer 1121,Home & Kitchen,Product 1121,Puma,Seller 3,Tamil Nadu,Mumbai,1,35323.59,0.07,28741.92,6581.67,Debit Card,Cancelled,1,Not Returned
FLK11122,2023-07-15,Customer 1122,Home & Kitchen,Product 1122,Samsung,Seller 9,Maharashtra,Bangalore,3,22345.39,0.09,3480.9,56593.47,UPI,Delivered,3,Not Returned
FLK11123,2023-08-29,Customer 1123,Books,Product 1123,Sony,Seller 7,Tamil Nadu,Bangalore,2,30528.2,0.12,4543.39,51969.62,Debit Card,Delivered,2,Pending
FLK11124,2023-02-26,Customer 1124,Clothing,Product 1124,LG,Seller 2,Karnataka,New Delhi,5,43654.24,0.18,23133.74,102602.5,Credit Card,Delivered,2,Not Returned
FLK11125,2023-12-05,Customer 1125,Home & Kitchen,Product 1125,Samsung,Seller 9,Karnataka,Chennai,1,38543.98,0.26,28056.7,10487.28,Debit Card,Shipped,2,Not Returned
FLK11126,2023-04-20,Customer 1126,Beauty,Product 1126,Nike,Seller 8,Maharashtra,New Delhi,2,10502.64,0.29,10741.61,-477.94,Credit Card,Delivered,4,Not Returned
FLK11127,2023-09-07,Customer 1127,Books,Product 1127,Sony,Seller 9,Delhi,Ahmedabad,2,28514.92,0.3,38304.22,-19578.6,Debit Card,Processing,3,Not Returned
FLK11128,2023-11-21,Customer 1128,Books,Product 1128,Puma,Seller 2,Gujarat,Chennai,5,39068.65,0.16,31963.96,35523.45,Credit Card,Delivered,3,Not Returned
FLK11129,2023-04-08,Customer 1129,Books,Product 1129,Sony,Seller 7,Karnataka,New Delhi,3,43977.91,0.22,26136.98,53522.79,Credit Card,Delivered,4,Not Returned
FLK11130,2023-12-21,Customer 1130,Clothing,Product 1130,Apple,Seller 7,Gujarat,Mumbai,1,41408.27,0.02,9412.34,31995.93,Cash on Delivery,Delivered,5,Not Returned
FLK11131,2023-06-17,Customer 1131,Electronics,Product 1131,Biba,Seller 4,Gujarat,Mumbai,5,35842.53,0.18,7981.33,139306,UPI,Delivered,2,Not Returned
FLK11132,2023-11-05,Customer 1132,Books,Product 1132,Sony,Seller 3,Gujarat,Mumbai,5,16812.86,0.1,9604.04,36044.1,UPI,Delivered,1,Returned
FLK11133,2023-04-30,Customer 1133,Beauty,Product 1133,Sony,Seller 6,Delhi,Bangalore,5,47113.77,0.05,37841.1,46363.35,Credit Card,Delivered,4,Not Returned
FLK11134,2023-07-14,Customer 1134,Books,Product 1134,Biba,Seller 8,Tamil Nadu,Bangalore,1,19418.16,0.25,4205.6,15212.56,UPI,Delivered,4,Not Returned
FLK11135,2023-03-25,Customer 1135,Beauty,Product 1135,Apple,Seller 8,Gujarat,Mumbai,4,16293.14,0.07,39301.84,-92034.8,Debit Card,Delivered,3,Returned
FLK11136,2023-01-09,Customer 1136,Books,Product 1136,Biba,Seller 7,Tamil Nadu,Chennai,2,47179.84,0.25,17629.6,59100.48,Debit Card,Delivered,4,Not Returned
FLK11137,2023-07-19,Customer 1137,Clothing,Product 1137,Apple,Seller 5,Karnataka,Chennai,1,12959.08,0.17,5586.02,7373.06,UPI,Delivered,3,Not Returned
FLK11138,2023-11-02,Customer 1138,Beauty,Product 1138,Sony,Seller 5,Karnataka,Ahmedabad,3,8464.21,0.06,37380.04,-86747.49,UPI,Processing,5,Not Returned
FLK11139,2023-02-26,Customer 1139,Beauty,Product 1139,Apple,Seller 8,Maharashtra,Mumbai,2,19058.6,0.25,25014.82,-11912.44,Credit Card,Processing,2,Not Returned
FLK11140,2023-01-18,Customer 1140,Beauty,Product 1140,Biba,Seller 1,Gujarat,New Delhi,4,36216.71,0.06,4491.28,126901.72,Debit Card,Cancelled,1,Returned
FLK11141,2023-02-27,Customer 1141,Clothing,Product 1141,Biba,Seller 7,Gujarat,New Delhi,1,30359.55,0.19,12802.82,17556.73,Cash on Delivery,Cancelled,2,Not Returned
FLK11142,2023-10-04,Customer 1142,Home & Kitchen,Product 1142,Samsung,Seller 2,Tamil Nadu,New Delhi,4,42574.56,0.07,9179.54,133580.08,UPI,Processing,1,Not Returned
FLK11143,2023-02-18,Customer 1143,Clothing,Product 1143,Nike,Seller 10,Delhi,Bangalore,2,9797.42,0.2,13479.13,-7363.42,Cash on Delivery,Delivered,3,Not Returned
FLK11144,2023-05-17,Customer 1144,Beauty,Product 1144,Nike,Seller 7,Karnataka,Bangalore,3,46634.29,0.02,36189.17,31335.36,Cash on Delivery,Delivered,5,Returned
FLK11145,2023-01-08,Customer 1145,Beauty,Product 1145,Puma,Seller 1,Maharashtra,Bangalore,2,1304.56,0.15,34288.08,-65967.04,UPI,Delivered,5,Not Returned
FLK11146,2023-08-20,Customer 1146,Beauty,Product 1146,Biba,Seller 10,Karnataka,Ahmedabad,3,37318.76,0.2,20789.64,49587.36,Debit Card,Delivered,5,Not Returned
FLK11147,2023-09-07,Customer 1147,Electronics,Product 1147,Biba,Seller 2,Karnataka,Ahmedabad,2,39135.75,0.13,1553.11,75165.28,UPI,Delivered,5,Not Returned
FLK11148,2023-03-03,Customer 1148,Electronics,Product 1148,Puma,Seller 5,Maharashtra,Mumbai,2,22151.92,0.3,3816.81,36670.22,UPI,Delivered,5,Returned
FLK11149,2023-04-10,Customer 1149,Beauty,Product 1149,Sony,Seller 4,Delhi,Bangalore,4,18113.23,0.18,6523.03,46360.8,Credit Card,Processing,2,Not Returned
FLK11150,2023-09-29,Customer 1150,Beauty,Product 1150,Nike,Seller 3,Delhi,Bangalore,3,42917.02,0.08,37158.1,17276.76,UPI,Delivered,5,Not Returned
FLK11151,2023-04-14,Customer 1151,Home & Kitchen,Product 1151,Apple,Seller 7,Karnataka,New Delhi,5,48470.47,0.27,18961.21,147546.3,UPI,Delivered,2,Not Returned
FLK11152,2023-12-29,Customer 1152,Electronics,Product 1152,Puma,Seller 5,Maharashtra,Ahmedabad,3,4010.97,0.23,6071.97,-6183,Cash on Delivery,Cancelled,5,Not Returned
FLK11153,2023-05-05,Customer 1153,Clothing,Product 1153,Sony,Seller 3,Tamil Nadu,New Delhi,3,12938.21,0.11,9454.62,10450.77,Debit Card,Delivered,3,Not Returned
FLK11154,2023-10-27,Customer 1154,Beauty,Product 1154,LG,Seller 8,Maharashtra,Mumbai,4,1258.22,0.04,12792.19,-46135.88,Credit Card,Processing,4,Not Returned
FLK11155,2023-08-13,Customer 1155,Home & Kitchen,Product 1155,Sony,Seller 2,Gujarat,Ahmedabad,3,4187.19,0.29,36365.84,-96535.95,Debit Card,Cancelled,5,Not Returned
FLK11156,2023-05-11,Customer 1156,Books,Product 1156,Puma,Seller 8,Tamil Nadu,Ahmedabad,1,35589.89,0.26,19720.32,15869.57,Debit Card,Delivered,1,Returned
FLK11157,2023-11-05,Customer 1157,Electronics,Product 1157,Sony,Seller 6,Maharashtra,New Delhi,5,48039.99,0.13,25649.9,111950.45,Debit Card,Cancelled,4,Pending
FLK11158,2023-11-24,Customer 1158,Electronics,Product 1158,Nike,Seller 7,Karnataka,Mumbai,1,5696.44,0.24,10101.21,-4404.77,Cash on Delivery,Delivered,3,Not Returned
FLK11159,2023-12-29,Customer 1159,Clothing,Product 1159,Samsung,Seller 10,Gujarat,New Delhi,3,43479.53,0.2,2209.46,123810.21,Credit Card,Delivered,5,Returned
FLK11160,2023-10-22,Customer 1160,Books,Product 1160,Apple,Seller 4,Karnataka,Ahmedabad,4,45119.81,0.13,16040.43,116317.52,Credit Card,Delivered,5,Not Returned
FLK11161,2023-10-21,Customer 1161,Electronics,Product 1161,Apple,Seller 7,Tamil Nadu,Chennai,1,9606.4,0.19,13492.37,-3885.97,Debit Card,Shipped,5,Not Returned
FLK11162,2023-05-10,Customer 1162,Home & Kitchen,Product 1162,Sony,Seller 6,Karnataka,Bangalore,2,39221.97,0.1,28050.92,22342.1,Debit Card,Processing,1,Not Returned
FLK11163,2023-10-08,Customer 1163,Home & Kitchen,Product 1163,Puma,Seller 7,Karnataka,Bangalore,5,42804.32,0.11,24798.07,90031.25,UPI,Delivered,2,Pending
FLK11164,2023-02-16,Customer 1164,Clothing,Product 1164,Nike,Seller 10,Tamil Nadu,Bangalore,4,10658.04,0.26,19647.03,-35955.96,Debit Card,Processing,5,Not Returned
FLK11165,2023-03-28,Customer 1165,Home & Kitchen,Product 1165,Apple,Seller 2,Maharashtra,Ahmedabad,2,25587.84,0.2,12203.9,26767.88,UPI,Delivered,4,Not Returned
FLK11166,2023-02-16,Customer 1166,Electronics,Product 1166,Puma,Seller 7,Karnataka,Bangalore,4,26899.65,0.13,36788.75,-39556.4,Credit Card,Cancelled,4,Not Returned
FLK11167,2023-05-31,Customer 1167,Electronics,Product 1167,Samsung,Seller 2,Karnataka,Bangalore,3,2731.89,0.17,26808.68,-72230.37,Debit Card,Delivered,2,Not Returned
FLK11168,2023-04-23,Customer 1168,Beauty,Product 1168,LG,Seller 8,Maharashtra,Bangalore,1,12697.88,0.02,24633.57,-11935.69,Cash on Delivery,Delivered,4,Not Returned
FLK11169,2023-07-31,Customer 1169,Beauty,Product 1169,Sony,Seller 9,Gujarat,New Delhi,3,44373.96,0.29,29926.61,43342.05,Debit Card,Processing,2,Not Returned
FLK11170,2023-05-01,Customer 1170,Home & Kitchen,Product 1170,Samsung,Seller 6,Delhi,Bangalore,2,41370.21,0.21,31844.63,19051.16,UPI,Delivered,5,Returned
FLK11171,2023-12-29,Customer 1171,Clothing,Product 1171,Samsung,Seller 6,Delhi,Ahmedabad,2,17838.49,0.21,38961.26,-42245.54,UPI,Delivered,4,Not Returned
FLK11172,2023-11-13,Customer 1172,Clothing,Product 1172,Biba,Seller 10,Tamil Nadu,Chennai,5,9144.88,0.17,22540.13,-66976.25,Credit Card,Cancelled,3,Not Returned
FLK11173,2023-02-02,Customer 1173,Home & Kitchen,Product 1173,Apple,Seller 5,Gujarat,Mumbai,5,36473.97,0.22,19858.21,83078.8,UPI,Shipped,2,Not Returned
FLK11174,2023-10-03,Customer 1174,Home & Kitchen,Product 1174,Nike,Seller 4,Gujarat,Ahmedabad,5,7813.44,0.17,27351.48,-97690.2,Debit Card,Cancelled,5,Not Returned
FLK11175,2023-07-03,Customer 1175,Electronics,Product 1175,Apple,Seller 2,Gujarat,Chennai,3,36602.64,0.22,10339.38,78789.78,UPI,Cancelled,1,Pending
FLK11176,2023-03-03,Customer 1176,Home & Kitchen,Product 1176,Apple,Seller 2,Tamil Nadu,Ahmedabad,4,34391.08,0.24,15550.57,75362.04,Cash on Delivery,Delivered,2,Not Returned
FLK11177,2023-07-01,Customer 1177,Beauty,Product 1177,Puma,Seller 7,Karnataka,New Delhi,1,13524.28,0.07,14367.06,-842.78,Credit Card,Delivered,4,Not Returned
FLK11178,2023-01-11,Customer 1178,Electronics,Product 1178,Apple,Seller 9,Delhi,Mumbai,1,814.21,0.3,1048.26,-234.05,Debit Card,Delivered,1,Pending
FLK11179,2023-10-16,Customer 1179,Home & Kitchen,Product 1179,Sony,Seller 2,Maharashtra,Bangalore,3,25198.94,0.17,38932.99,-41202.15,Credit Card,Cancelled,5,Not Returned
FLK11180,2023-10-21,Customer 1180,Beauty,Product 1180,Biba,Seller 3,Gujarat,Bangalore,5,22591.13,0.19,37340.77,-73748.2,Credit Card,Processing,2,Not Returned
FLK11181,2023-06-28,Customer 1181,Beauty,Product 1181,Samsung,Seller 9,Maharashtra,Chennai,3,30370.96,0.3,36739.22,-19104.78,Cash on Delivery,Shipped,4,Not Returned
FLK11182,2023-08-18,Customer 1182,Books,Product 1182,Puma,Seller 9,Delhi,Mumbai,2,7673.38,0.29,19856.57,-24366.38,Cash on Delivery,Delivered,1,Returned
FLK11183,2023-09-03,Customer 1183,Electronics,Product 1183,Apple,Seller 9,Delhi,Mumbai,5,28381.43,0.21,21072.12,36546.55,UPI,Delivered,1,Not Returned
FLK11184,2023-05-30,Customer 1184,Clothing,Product 1184,Biba,Seller 7,Tamil Nadu,Chennai,3,24857,0.1,19594.47,15787.59,Cash on Delivery,Delivered,5,Not Returned
FLK11185,2023-12-17,Customer 1185,Books,Product 1185,Samsung,Seller 1,Maharashtra,Chennai,2,29583.45,0.27,21902.59,15361.72,Debit Card,Processing,3,Not Returned
FLK11186,2023-06-05,Customer 1186,Clothing,Product 1186,LG,Seller 6,Gujarat,Chennai,5,34332.75,0.14,20549.08,68918.35,UPI,Delivered,4,Not Returned
FLK11187,2023-04-20,Customer 1187,Books,Product 1187,Biba,Seller 3,Maharashtra,Mumbai,1,10729.71,0.07,25742.77,-15013.06,Credit Card,Delivered,3,Pending
FLK11188,2023-03-01,Customer 1188,Home & Kitchen,Product 1188,Apple,Seller 4,Karnataka,Bangalore,5,41327.2,0.12,33505.64,39107.8,Credit Card,Delivered,4,Not Returned
FLK11189,2023-05-13,Customer 1189,Clothing,Product 1189,Puma,Seller 10,Karnataka,Bangalore,5,32818.55,0.27,16648.44,80850.55,Credit Card,Delivered,3,Not Returned
FLK11190,2023-04-08,Customer 1190,Clothing,Product 1190,Nike,Seller 10,Delhi,New Delhi,1,38407.47,0.05,27673.13,10734.34,Credit Card,Delivered,1,Pending
FLK11191,2023-09-08,Customer 1191,Books,Product 1191,LG,Seller 9,Karnataka,Bangalore,5,13327.5,0.21,37156.94,-119147.2,Cash on Delivery,Delivered,2,Not Returned
FLK11192,2023-05-14,Customer 1192,Books,Product 1192,Sony,Seller 2,Tamil Nadu,Bangalore,5,27976.38,0.15,5553.25,112115.65,Credit Card,Delivered,1,Not Returned
FLK11193,2023-07-18,Customer 1193,Beauty,Product 1193,Apple,Seller 2,Maharashtra,New Delhi,3,22247.43,0.05,24034.97,-5362.62,Credit Card,Delivered,3,Returned
FLK11194,2023-04-18,Customer 1194,Home & Kitchen,Product 1194,Apple,Seller 10,Delhi,Bangalore,2,47409.83,0.28,14324.44,66170.78,UPI,Cancelled,1,Not Returned
FLK11195,2023-05-30,Customer 1195,Electronics,Product 1195,Apple,Seller 4,Maharashtra,Bangalore,2,36150.81,0.02,17880.61,36540.4,UPI,Delivered,2,Not Returned
FLK11196,2023-10-08,Customer 1196,Home & Kitchen,Product 1196,Apple,Seller 2,Delhi,New Delhi,3,1586.94,0.22,29033.24,-82338.9,Debit Card,Delivered,1,Not Returned
FLK11197,2023-04-30,Customer 1197,Books,Product 1197,Biba,Seller 1,Gujarat,Chennai,5,38484.53,0.04,9384.34,145500.95,Credit Card,Delivered,1,Not Returned
FLK11198,2023-09-01,Customer 1198,Electronics,Product 1198,Puma,Seller 7,Karnataka,Ahmedabad,2,45436.68,0.08,19848.47,51176.42,Debit Card,Delivered,5,Not Returned
FLK11199,2023-03-20,Customer 1199,Clothing,Product 1199,Samsung,Seller 6,Maharashtra,Bangalore,2,36632.02,0.29,15832.23,41599.58,Debit Card,Cancelled,2,Not Returned
FLK11200,2023-06-03,Customer 1200,Beauty,Product 1200,Apple,Seller 8,Tamil Nadu,Ahmedabad,5,49230.81,0.05,25195.21,120178,UPI,Shipped,3,Not Returned
FLK11201,2023-08-20,Customer 1201,Clothing,Product 1201,Biba,Seller 8,Karnataka,Mumbai,2,20320.83,0.22,8652.64,23336.38,UPI,Delivered,4,Returned
FLK11202,2023-12-04,Customer 1202,Electronics,Product 1202,Nike,Seller 8,Gujarat,New Delhi,2,15802.94,0.12,19048.85,-6491.82,Cash on Delivery,Delivered,5,Not Returned
FLK11203,2023-11-16,Customer 1203,Clothing,Product 1203,Apple,Seller 4,Maharashtra,Mumbai,3,8426.72,0.12,20908.03,-37443.93,UPI,Shipped,1,Not Returned
FLK11204,2023-10-18,Customer 1204,Beauty,Product 1204,Nike,Seller 10,Maharashtra,New Delhi,3,40063.18,0.05,13001.83,81184.05,UPI,Cancelled,1,Pending
FLK11205,2023-06-11,Customer 1205,Electronics,Product 1205,Sony,Seller 10,Gujarat,Chennai,4,39381.72,0.03,894.48,153948.96,Credit Card,Delivered,1,Pending
FLK11206,2023-07-02,Customer 1206,Beauty,Product 1206,Puma,Seller 3,Maharashtra,Mumbai,5,18555.45,0.27,23501.9,-24732.25,Cash on Delivery,Delivered,4,Not Returned
FLK11207,2023-02-21,Customer 1207,Electronics,Product 1207,LG,Seller 3,Maharashtra,New Delhi,1,45436.21,0.13,22645.07,22791.14,Cash on Delivery,Delivered,2,Not Returned
FLK11208,2023-05-08,Customer 1208,Books,Product 1208,Puma,Seller 3,Tamil Nadu,Chennai,4,7389.36,0.12,15475.01,-32342.6,UPI,Processing,4,Returned
FLK11209,2023-07-05,Customer 1209,Clothing,Product 1209,Samsung,Seller 10,Maharashtra,New Delhi,5,48386.37,0.28,22846.41,127699.8,Debit Card,Shipped,5,Not Returned
FLK11210,2023-03-11,Customer 1210,Electronics,Product 1210,Nike,Seller 7,Maharashtra,Chennai,5,39578.44,0.2,38374.5,6019.7,Debit Card,Delivered,5,Not Returned
FLK11211,2023-07-01,Customer 1211,Electronics,Product 1211,Sony,Seller 8,Delhi,Ahmedabad,5,21246.94,0.06,34035.27,-63941.65,UPI,Delivered,5,Pending
FLK11212,2023-01-13,Customer 1212,Clothing,Product 1212,Nike,Seller 3,Delhi,Bangalore,4,13652.36,0.3,13828.88,-706.08,Debit Card,Processing,4,Not Returned
FLK11213,2023-02-11,Customer 1213,Home & Kitchen,Product 1213,Samsung,Seller 1,Maharashtra,Ahmedabad,1,28904.81,0.1,8405.92,20498.89,Cash on Delivery,Delivered,1,Not Returned
FLK11214,2023-12-23,Customer 1214,Clothing,Product 1214,Nike,Seller 6,Gujarat,New Delhi,2,17533.28,0.28,28838.06,-22609.56,UPI,Delivered,2,Pending
FLK11215,2023-12-10,Customer 1215,Books,Product 1215,Sony,Seller 6,Gujarat,Chennai,1,7041.96,0.23,10109.74,-3067.78,UPI,Delivered,1,Not Returned
FLK11216,2023-02-14,Customer 1216,Books,Product 1216,Apple,Seller 1,Karnataka,Ahmedabad,1,29351.87,0.29,38670.85,-9318.98,Debit Card,Processing,1,Not Returned
FLK11217,2023-12-27,Customer 1217,Beauty,Product 1217,LG,Seller 2,Maharashtra,Chennai,4,5227.62,0.14,27519.8,-89168.72,UPI,Delivered,1,Not Returned
FLK11218,2023-09-29,Customer 1218,Beauty,Product 1218,Biba,Seller 4,Tamil Nadu,Ahmedabad,4,23775.03,0.22,23830.86,-223.32,Credit Card,Delivered,3,Not Returned
FLK11219,2023-04-12,Customer 1219,Home & Kitchen,Product 1219,LG,Seller 9,Gujarat,Bangalore,4,35251.35,0.03,7910.55,109363.2,Debit Card,Processing,2,Not Returned
FLK11220,2023-10-31,Customer 1220,Home & Kitchen,Product 1220,Samsung,Seller 7,Gujarat,Mumbai,1,13054.94,0.11,10023.59,3031.35,Credit Card,Delivered,5,Not Returned
FLK11221,2023-03-24,Customer 1221,Books,Product 1221,Apple,Seller 2,Tamil Nadu,Mumbai,5,3696.09,0.23,17470.15,-68870.3,Cash on Delivery,Delivered,4,Not Returned
FLK11222,2023-10-29,Customer 1222,Home & Kitchen,Product 1222,Puma,Seller 10,Delhi,Ahmedabad,2,41973.22,0.14,29745.68,24455.08,Cash on Delivery,Delivered,2,Not Returned
FLK11223,2023-10-07,Customer 1223,Beauty,Product 1223,LG,Seller 10,Maharashtra,Chennai,4,20853.7,0.27,13311.66,30168.16,Cash on Delivery,Delivered,5,Not Returned
FLK11224,2023-03-14,Customer 1224,Clothing,Product 1224,Biba,Seller 1,Maharashtra,Mumbai,2,43472.51,0.05,14937.74,57069.54,Cash on Delivery,Processing,4,Not Returned
FLK11225,2023-10-31,Customer 1225,Beauty,Product 1225,LG,Seller 2,Delhi,New Delhi,3,14034.32,0.07,20114.37,-18240.15,UPI,Delivered,5,Not Returned
FLK11226,2023-04-27,Customer 1226,Beauty,Product 1226,Biba,Seller 10,Tamil Nadu,New Delhi,3,42556.32,0.15,26740.55,47447.31,Debit Card,Shipped,1,Not Returned
FLK11227,2023-09-02,Customer 1227,Electronics,Product 1227,Nike,Seller 3,Maharashtra,Ahmedabad,5,40199.98,0.13,1063.57,195682.05,Debit Card,Delivered,2,Not Returned
FLK11228,2023-11-13,Customer 1228,Clothing,Product 1228,Samsung,Seller 2,Gujarat,Bangalore,3,17482.62,0.12,27634.39,-30455.31,UPI,Delivered,5,Not Returned
FLK11229,2023-08-17,Customer 1229,Home & Kitchen,Product 1229,Biba,Seller 4,Maharashtra,Mumbai,4,45432.02,0.27,25485.15,79787.48,Cash on Delivery,Processing,4,Not Returned
FLK11230,2023-06-19,Customer 1230,Beauty,Product 1230,LG,Seller 6,Gujarat,Bangalore,4,30659.94,0.25,10351.16,81235.12,Cash on Delivery,Cancelled,2,Not Returned
FLK11231,2023-07-16,Customer 1231,Beauty,Product 1231,Samsung,Seller 6,Delhi,Ahmedabad,3,30326.57,0.27,38244.61,-23754.12,Debit Card,Delivered,3,Not Returned
FLK11232,2023-05-22,Customer 1232,Beauty,Product 1232,Nike,Seller 1,Tamil Nadu,Bangalore,2,879.25,0.11,24965.22,-48171.94,UPI,Processing,5,Not Returned
FLK11233,2023-06-10,Customer 1233,Electronics,Product 1233,Samsung,Seller 4,Maharashtra,Ahmedabad,3,15248.94,0.03,35353.64,-60314.1,Debit Card,Delivered,2,Not Returned
FLK11234,2023-01-06,Customer 1234,Home & Kitchen,Product 1234,Nike,Seller 4,Maharashtra,Mumbai,1,32734.99,0.23,3649.35,29085.64,Cash on Delivery,Processing,5,Not Returned
FLK11235,2023-07-15,Customer 1235,Electronics,Product 1235,LG,Seller 10,Tamil Nadu,Mumbai,1,14165.07,0.09,28333.81,-14168.74,Cash on Delivery,Delivered,4,Not Returned
FLK11236,2023-01-09,Customer 1236,Books,Product 1236,Apple,Seller 6,Gujarat,New Delhi,2,16214.03,0.22,22191.3,-11954.54,Cash on Delivery,Delivered,3,Not Returned
FLK11237,2023-01-18,Customer 1237,Home & Kitchen,Product 1237,Nike,Seller 10,Gujarat,Chennai,5,3472.87,0.22,5740.15,-11336.4,Credit Card,Shipped,1,Not Returned
FLK11238,2023-03-25,Customer 1238,Beauty,Product 1238,Apple,Seller 6,Karnataka,Mumbai,1,17604.22,0.03,16308.47,1295.75,Credit Card,Delivered,4,Not Returned
FLK11239,2023-03-21,Customer 1239,Electronics,Product 1239,Sony,Seller 2,Maharashtra,New Delhi,1,38193.2,0.26,9497.54,28695.66,Credit Card,Delivered,4,Not Returned
FLK11240,2023-12-24,Customer 1240,Beauty,Product 1240,Biba,Seller 1,Delhi,Bangalore,4,47387.81,0.29,5968.52,165677.16,Debit Card,Delivered,4,Not Returned
FLK11241,2023-01-10,Customer 1241,Electronics,Product 1241,Sony,Seller 5,Tamil Nadu,Chennai,4,34969.26,0.17,2131.93,131349.32,Credit Card,Delivered,4,Not Returned
FLK11242,2023-12-26,Customer 1242,Books,Product 1242,Samsung,Seller 6,Gujarat,Bangalore,2,8207.49,0.01,25241.62,-34068.26,Debit Card,Delivered,2,Not Returned
FLK11243,2023-04-14,Customer 1243,Electronics,Product 1243,Nike,Seller 6,Maharashtra,Mumbai,5,20013.82,0.2,18317.95,8479.35,Cash on Delivery,Delivered,4,Not Returned
FLK11244,2023-07-27,Customer 1244,Beauty,Product 1244,LG,Seller 2,Delhi,New Delhi,4,37213.31,0.26,8425.59,115150.88,Debit Card,Cancelled,4,Not Returned
FLK11245,2023-06-05,Customer 1245,Home & Kitchen,Product 1245,Biba,Seller 1,Maharashtra,Ahmedabad,5,42161.68,0.07,1490.12,203357.8,Credit Card,Delivered,2,Not Returned
FLK11246,2023-09-13,Customer 1246,Clothing,Product 1246,Puma,Seller 6,Tamil Nadu,New Delhi,3,8846.07,0.15,22612.26,-41298.57,Debit Card,Processing,4,Returned
FLK11247,2023-02-09,Customer 1247,Electronics,Product 1247,Apple,Seller 1,Delhi,Ahmedabad,1,1279.97,0.09,553.89,726.08,Cash on Delivery,Delivered,4,Not Returned
FLK11248,2023-01-28,Customer 1248,Home & Kitchen,Product 1248,LG,Seller 4,Tamil Nadu,Mumbai,1,21234.58,0.02,30856.86,-9622.28,Credit Card,Delivered,2,Pending
FLK11249,2023-04-15,Customer 1249,Books,Product 1249,Puma,Seller 1,Tamil Nadu,Bangalore,1,4957.94,0.08,34764.45,-29806.51,Debit Card,Delivered,4,Not Returned
FLK11250,2023-12-21,Customer 1250,Beauty,Product 1250,LG,Seller 2,Tamil Nadu,New Delhi,1,25160.73,0.25,16775.12,8385.61,Credit Card,Delivered,1,Not Returned
FLK11251,2023-05-24,Customer 1251,Home & Kitchen,Product 1251,Puma,Seller 8,Maharashtra,Mumbai,1,14086.99,0.26,9789.48,4297.51,Cash on Delivery,Processing,5,Not Returned
FLK11252,2023-10-16,Customer 1252,Clothing,Product 1252,Samsung,Seller 8,Maharashtra,Chennai,2,5071.93,0.12,32834.11,-55524.36,UPI,Delivered,5,Not Returned
FLK11253,2023-10-04,Customer 1253,Beauty,Product 1253,Nike,Seller 6,Tamil Nadu,Bangalore,3,19005.84,0.3,30733.73,-35183.67,UPI,Processing,4,Not Returned
FLK11254,2023-10-05,Customer 1254,Clothing,Product 1254,Nike,Seller 7,Delhi,Ahmedabad,2,7489.69,0.28,25941.12,-36902.86,Cash on Delivery,Processing,5,Not Returned
FLK11255,2023-01-22,Customer 1255,Home & Kitchen,Product 1255,Samsung,Seller 3,Gujarat,Mumbai,3,41594.44,0.06,31969.64,28874.4,UPI,Shipped,5,Not Returned
FLK11256,2023-07-22,Customer 1256,Books,Product 1256,Sony,Seller 7,Delhi,Ahmedabad,3,26248.43,0.18,10572.14,47028.87,UPI,Processing,4,Not Returned
FLK11257,2023-09-08,Customer 1257,Books,Product 1257,Nike,Seller 6,Gujarat,New Delhi,3,40973.01,0.07,14364.45,79825.68,Cash on Delivery,Delivered,5,Not Returned
FLK11258,2023-11-26,Customer 1258,Clothing,Product 1258,LG,Seller 4,Delhi,Ahmedabad,4,25051.67,0.28,27887.02,-11341.4,Debit Card,Delivered,3,Not Returned
FLK11259,2023-10-05,Customer 1259,Books,Product 1259,Sony,Seller 4,Delhi,Chennai,1,6676.03,0.06,31078.07,-24402.04,Credit Card,Delivered,3,Not Returned
FLK11260,2023-07-03,Customer 1260,Clothing,Product 1260,Apple,Seller 10,Karnataka,Mumbai,2,10967.44,0.13,23747.43,-25559.98,Cash on Delivery,Delivered,4,Not Returned
FLK11261,2023-01-17,Customer 1261,Clothing,Product 1261,Nike,Seller 6,Delhi,Mumbai,4,43026.75,0.12,21754.32,85089.72,Credit Card,Delivered,4,Not Returned
FLK11262,2023-12-17,Customer 1262,Clothing,Product 1262,Apple,Seller 7,Delhi,New Delhi,4,4993.96,0.08,4174.01,3279.8,UPI,Delivered,4,Pending
FLK11263,2023-08-21,Customer 1263,Clothing,Product 1263,Puma,Seller 6,Maharashtra,Ahmedabad,5,2416.04,0.1,31121.17,-143525.65,Cash on Delivery,Delivered,3,Not Returned
FLK11264,2023-03-07,Customer 1264,Electronics,Product 1264,Sony,Seller 1,Gujarat,New Delhi,1,9630.74,0.09,22778.25,-13147.51,Credit Card,Delivered,1,Not Returned
FLK11265,2023-03-31,Customer 1265,Clothing,Product 1265,Nike,Seller 3,Delhi,Mumbai,3,21688.64,0.21,38649.42,-50882.34,Credit Card,Delivered,3,Not Returned
FLK11266,2023-12-01,Customer 1266,Beauty,Product 1266,Sony,Seller 7,Delhi,Mumbai,1,17432.18,0.21,33810.51,-16378.33,UPI,Delivered,5,Returned
FLK11267,2023-03-01,Customer 1267,Books,Product 1267,LG,Seller 3,Maharashtra,Ahmedabad,3,22246.87,0.12,28043.71,-17390.52,Credit Card,Delivered,5,Not Returned
FLK11268,2023-10-06,Customer 1268,Books,Product 1268,Biba,Seller 8,Delhi,Mumbai,3,35211.06,0.03,3984.99,93678.21,Debit Card,Delivered,3,Not Returned
FLK11269,2023-03-12,Customer 1269,Books,Product 1269,Apple,Seller 3,Delhi,Ahmedabad,1,10381.42,0.2,22025.78,-11644.36,Debit Card,Delivered,5,Not Returned
FLK11270,2023-10-26,Customer 1270,Clothing,Product 1270,Apple,Seller 9,Delhi,Bangalore,1,15480.94,0.23,15921.04,-440.1,Debit Card,Delivered,5,Not Returned
FLK11271,2023-12-07,Customer 1271,Home & Kitchen,Product 1271,Samsung,Seller 9,Delhi,Mumbai,5,7461.22,0.28,34402.35,-134705.65,UPI,Delivered,3,Not Returned
FLK11272,2023-02-20,Customer 1272,Beauty,Product 1272,Biba,Seller 9,Gujarat,Chennai,1,6964.84,0.16,34425.94,-27461.1,Credit Card,Delivered,5,Not Returned
FLK11273,2023-03-26,Customer 1273,Beauty,Product 1273,Puma,Seller 7,Karnataka,Bangalore,5,20689.61,0.23,2241.23,92241.9,Debit Card,Processing,1,Not Returned
FLK11274,2023-07-11,Customer 1274,Clothing,Product 1274,Biba,Seller 10,Maharashtra,Bangalore,3,47359.42,0.16,16543.36,92448.18,UPI,Delivered,3,Not Returned
FLK11275,2023-02-08,Customer 1275,Clothing,Product 1275,Samsung,Seller 1,Tamil Nadu,Chennai,3,35330.25,0.24,30954.18,13128.21,Credit Card,Delivered,3,Not Returned
FLK11276,2023-06-24,Customer 1276,Home & Kitchen,Product 1276,Sony,Seller 9,Gujarat,Mumbai,5,42742.07,0.15,19739.33,115013.7,UPI,Delivered,1,Not Returned
FLK11277,2023-06-25,Customer 1277,Electronics,Product 1277,Samsung,Seller 10,Delhi,Mumbai,3,46611.53,0.26,23933.98,68032.65,UPI,Delivered,5,Pending
FLK11278,2023-10-17,Customer 1278,Beauty,Product 1278,Nike,Seller 5,Maharashtra,Mumbai,3,20942.45,0.09,17224.45,11154,UPI,Processing,5,Not Returned
FLK11279,2023-12-19,Customer 1279,Home & Kitchen,Product 1279,LG,Seller 6,Gujarat,Ahmedabad,2,39925.35,0.18,7374.36,65101.98,Debit Card,Delivered,2,Not Returned
FLK11280,2023-06-22,Customer 1280,Beauty,Product 1280,Puma,Seller 8,Karnataka,Bangalore,2,35947.49,0.28,18610.17,34674.64,Debit Card,Delivered,4,Not Returned
FLK11281,2023-07-12,Customer 1281,Electronics,Product 1281,Biba,Seller 1,Delhi,Bangalore,5,13244.58,0.15,37319.45,-120374.35,Debit Card,Delivered,3,Not Returned
FLK11282,2023-08-07,Customer 1282,Clothing,Product 1282,Samsung,Seller 2,Tamil Nadu,New Delhi,2,6595.94,0.06,14765.66,-16339.44,Credit Card,Delivered,1,Not Returned
FLK11283,2023-10-02,Customer 1283,Home & Kitchen,Product 1283,LG,Seller 2,Tamil Nadu,Bangalore,1,33160.43,0.03,4936.4,28224.03,Debit Card,Delivered,2,Not Returned
FLK11284,2023-11-06,Customer 1284,Electronics,Product 1284,Sony,Seller 5,Gujarat,Mumbai,5,8180.33,0.17,13010.77,-24152.2,UPI,Delivered,5,Not Returned
FLK11285,2023-10-05,Customer 1285,Electronics,Product 1285,Apple,Seller 3,Delhi,Ahmedabad,4,48797.76,0.09,19679.14,116474.48,Credit Card,Delivered,3,Not Returned
FLK11286,2023-11-09,Customer 1286,Beauty,Product 1286,LG,Seller 4,Karnataka,Chennai,1,33694.06,0.14,34414.53,-720.47,Cash on Delivery,Delivered,2,Not Returned
FLK11287,2023-07-29,Customer 1287,Clothing,Product 1287,Biba,Seller 3,Tamil Nadu,Ahmedabad,4,1860.26,0.23,8621.71,-27045.8,Cash on Delivery,Delivered,5,Not Returned
FLK11288,2023-01-11,Customer 1288,Clothing,Product 1288,Samsung,Seller 10,Tamil Nadu,New Delhi,3,19047.64,0.21,24190.42,-15428.34,Cash on Delivery,Delivered,3,Not Returned
FLK11289,2023-06-30,Customer 1289,Clothing,Product 1289,Nike,Seller 4,Karnataka,Bangalore,2,43839.9,0.29,27554.85,32570.1,UPI,Delivered,1,Not Returned
FLK11290,2023-01-12,Customer 1290,Clothing,Product 1290,Samsung,Seller 6,Karnataka,New Delhi,1,22158.2,0.14,17235.84,4922.36,Cash on Delivery,Delivered,2,Not Returned
FLK11291,2023-05-14,Customer 1291,Clothing,Product 1291,LG,Seller 3,Maharashtra,Ahmedabad,4,30154.94,0.24,33824.83,-14679.56,Cash on Delivery,Delivered,5,Not Returned
FLK11292,2023-03-23,Customer 1292,Books,Product 1292,Samsung,Seller 9,Delhi,Mumbai,1,46505.89,0.14,12083.9,34421.99,Cash on Delivery,Delivered,5,Not Returned
FLK11293,2023-06-09,Customer 1293,Beauty,Product 1293,Samsung,Seller 2,Maharashtra,Chennai,3,28853.55,0.24,34844.53,-17972.94,UPI,Delivered,3,Not Returned
FLK11294,2023-03-27,Customer 1294,Beauty,Product 1294,Apple,Seller 4,Gujarat,Chennai,1,5715.07,0.25,7583.41,-1868.34,Credit Card,Processing,4,Not Returned
FLK11295,2023-04-02,Customer 1295,Beauty,Product 1295,Samsung,Seller 3,Maharashtra,Chennai,2,9167.15,0.09,32542.72,-46751.14,Credit Card,Delivered,1,Not Returned
FLK11296,2023-03-09,Customer 1296,Beauty,Product 1296,Sony,Seller 10,Karnataka,Ahmedabad,4,23440.78,0.14,28487.69,-20187.64,UPI,Delivered,4,Not Returned
FLK11297,2023-07-13,Customer 1297,Beauty,Product 1297,Apple,Seller 5,Tamil Nadu,Ahmedabad,4,34006.62,0.12,21850.75,48623.48,Cash on Delivery,Cancelled,3,Not Returned
FLK11298,2023-09-24,Customer 1298,Home & Kitchen,Product 1298,Sony,Seller 10,Gujarat,New Delhi,4,26440.06,0.13,20343.68,24385.52,Cash on Delivery,Delivered,1,Not Returned
FLK11299,2023-07-08,Customer 1299,Home & Kitchen,Product 1299,Apple,Seller 10,Tamil Nadu,New Delhi,2,19080.17,0.1,8368.96,21422.42,Credit Card,Delivered,5,Not Returned
FLK11300,2023-08-19,Customer 1300,Electronics,Product 1300,Sony,Seller 3,Karnataka,New Delhi,2,1533.71,0.08,17821.43,-32575.44,Cash on Delivery,Delivered,4,Not Returned
FLK11301,2023-04-15,Customer 1301,Clothing,Product 1301,LG,Seller 7,Delhi,Bangalore,5,44788.24,0.28,12173,163076.2,Credit Card,Delivered,5,Not Returned
FLK11302,2023-08-10,Customer 1302,Books,Product 1302,Samsung,Seller 5,Karnataka,Ahmedabad,3,2719.69,0.29,33874.86,-93465.51,Credit Card,Delivered,2,Pending
FLK11303,2023-03-26,Customer 1303,Books,Product 1303,Apple,Seller 3,Gujarat,Mumbai,1,25754.22,0.19,15156.29,10597.93,Cash on Delivery,Delivered,5,Not Returned
FLK11304,2023-11-15,Customer 1304,Home & Kitchen,Product 1304,Nike,Seller 6,Delhi,Ahmedabad,3,44124.89,0.23,17600.47,79573.26,Credit Card,Delivered,4,Not Returned
FLK11305,2023-09-17,Customer 1305,Books,Product 1305,LG,Seller 7,Karnataka,New Delhi,4,31928,0.05,30529.03,5595.88,UPI,Delivered,3,Not Returned
FLK11306,2023-01-22,Customer 1306,Books,Product 1306,Nike,Seller 1,Maharashtra,Bangalore,3,10241.3,0.24,35290.51,-75147.63,Cash on Delivery,Delivered,2,Pending
FLK11307,2023-01-01,Customer 1307,Books,Product 1307,LG,Seller 1,Karnataka,New Delhi,4,11490.33,0.28,7067.11,17692.88,Cash on Delivery,Delivered,4,Not Returned
FLK11308,2023-06-25,Customer 1308,Electronics,Product 1308,Puma,Seller 6,Tamil Nadu,Mumbai,3,27641.19,0.27,29742.48,-6303.87,Debit Card,Delivered,4,Not Returned
FLK11309,2023-10-29,Customer 1309,Electronics,Product 1309,Puma,Seller 5,Gujarat,Bangalore,2,1820.9,0.15,13460.56,-23279.32,Debit Card,Delivered,4,Not Returned
FLK11310,2023-10-30,Customer 1310,Home & Kitchen,Product 1310,Sony,Seller 5,Delhi,Bangalore,3,42207.16,0.07,38162.17,12134.97,Cash on Delivery,Cancelled,5,Not Returned
FLK11311,2023-09-16,Customer 1311,Home & Kitchen,Product 1311,Biba,Seller 7,Tamil Nadu,Ahmedabad,2,4714.03,0.06,19479.2,-29530.34,Credit Card,Processing,5,Not Returned
FLK11312,2023-07-27,Customer 1312,Clothing,Product 1312,LG,Seller 7,Tamil Nadu,Chennai,2,18920.88,0.1,19689.48,-1537.2,Cash on Delivery,Shipped,3,Not Returned
FLK11313,2023-08-09,Customer 1313,Beauty,Product 1313,Nike,Seller 4,Gujarat,Bangalore,2,30099.78,0.18,34111.8,-8024.04,Credit Card,Delivered,5,Not Returned
FLK11314,2023-10-04,Customer 1314,Clothing,Product 1314,Biba,Seller 2,Maharashtra,Chennai,1,9450.97,0.05,39244.77,-29793.8,Debit Card,Delivered,5,Not Returned
FLK11315,2023-12-08,Customer 1315,Electronics,Product 1315,Apple,Seller 1,Maharashtra,Mumbai,2,2641.98,0.18,39421.12,-73558.28,Credit Card,Cancelled,2,Not Returned
FLK11316,2023-07-20,Customer 1316,Clothing,Product 1316,Apple,Seller 5,Gujarat,Mumbai,3,26568.6,0.25,11741.4,44481.6,Credit Card,Delivered,5,Not Returned
FLK11317,2023-12-25,Customer 1317,Electronics,Product 1317,Apple,Seller 8,Gujarat,Bangalore,4,2302.66,0.26,26709.85,-97628.76,Cash on Delivery,Processing,2,Not Returned
FLK11318,2023-05-31,Customer 1318,Clothing,Product 1318,Biba,Seller 4,Karnataka,Mumbai,1,23385.85,0.21,2000.86,21384.99,Credit Card,Delivered,1,Not Returned
FLK11319,2023-08-18,Customer 1319,Beauty,Product 1319,LG,Seller 2,Karnataka,Mumbai,4,29180.72,0.22,17676.25,46017.88,Credit Card,Shipped,4,Not Returned
FLK11320,2023-10-28,Customer 1320,Home & Kitchen,Product 1320,Puma,Seller 4,Tamil Nadu,Chennai,2,19923.54,0.11,2477.35,34892.38,Debit Card,Delivered,5,Not Returned
FLK11321,2023-07-23,Customer 1321,Home & Kitchen,Product 1321,Biba,Seller 3,Karnataka,New Delhi,4,47785.61,0.23,34699.24,52345.48,UPI,Delivered,5,Returned
FLK11322,2023-08-01,Customer 1322,Books,Product 1322,Biba,Seller 6,Maharashtra,Chennai,5,12518.28,0.19,38197.01,-128393.65,UPI,Delivered,3,Not Returned
FLK11323,2023-11-20,Customer 1323,Home & Kitchen,Product 1323,Puma,Seller 6,Gujarat,Mumbai,2,5866.69,0.23,38677.32,-65621.26,UPI,Delivered,2,Not Returned
FLK11324,2023-09-16,Customer 1324,Home & Kitchen,Product 1324,Samsung,Seller 7,Gujarat,Ahmedabad,3,30799.3,0.14,37912.02,-21338.16,Credit Card,Delivered,4,Not Returned
FLK11325,2023-10-03,Customer 1325,Clothing,Product 1325,Apple,Seller 5,Karnataka,Chennai,2,31527.11,0.24,19217.4,24619.42,Cash on Delivery,Shipped,5,Not Returned
FLK11326,2023-04-29,Customer 1326,Home & Kitchen,Product 1326,Sony,Seller 10,Maharashtra,New Delhi,2,44516.84,0.26,32677.65,23678.38,Debit Card,Delivered,1,Not Returned
FLK11327,2023-04-24,Customer 1327,Clothing,Product 1327,LG,Seller 7,Delhi,New Delhi,1,4467.3,0.24,21606.44,-17139.14,Cash on Delivery,Delivered,5,Not Returned
FLK11328,2023-11-24,Customer 1328,Home & Kitchen,Product 1328,Sony,Seller 10,Delhi,New Delhi,5,11211.36,0.2,11863.81,-3262.25,Credit Card,Cancelled,5,Not Returned
FLK11329,2023-06-18,Customer 1329,Beauty,Product 1329,Samsung,Seller 4,Delhi,New Delhi,1,32499.62,0.28,1367.34,31132.28,UPI,Shipped,4,Not Returned
FLK11330,2023-05-30,Customer 1330,Home & Kitchen,Product 1330,Biba,Seller 3,Tamil Nadu,Bangalore,4,18481.26,0.23,11911.85,26277.64,Credit Card,Delivered,1,Not Returned
FLK11331,2023-01-02,Customer 1331,Beauty,Product 1331,Apple,Seller 5,Maharashtra,Chennai,4,17307.4,0.16,33403.53,-64384.52,Cash on Delivery,Delivered,3,Not Returned
FLK11332,2023-02-12,Customer 1332,Home & Kitchen,Product 1332,Sony,Seller 2,Karnataka,Bangalore,2,10026.95,0.28,29081.85,-38109.8,Credit Card,Shipped,1,Not Returned
FLK11333,2023-09-25,Customer 1333,Electronics,Product 1333,LG,Seller 8,Karnataka,Chennai,2,19849.07,0.23,4627.14,30443.86,Cash on Delivery,Delivered,2,Not Returned
FLK11334,2023-10-28,Customer 1334,Books,Product 1334,Puma,Seller 4,Tamil Nadu,Ahmedabad,4,19750.71,0.2,8385.1,45462.44,Credit Card,Delivered,2,Not Returned
FLK11335,2023-01-09,Customer 1335,Home & Kitchen,Product 1335,Puma,Seller 6,Tamil Nadu,Chennai,5,43067.61,0.03,33711.55,46780.3,Credit Card,Delivered,3,Not Returned
FLK11336,2023-10-10,Customer 1336,Home & Kitchen,Product 1336,Apple,Seller 10,Delhi,Mumbai,2,27108.58,0.13,2085.07,50047.02,Credit Card,Delivered,2,Returned
FLK11337,2023-03-12,Customer 1337,Home & Kitchen,Product 1337,Sony,Seller 7,Maharashtra,Mumbai,2,20966.54,0.03,21437.5,-941.92,Credit Card,Delivered,4,Not Returned
FLK11338,2023-01-14,Customer 1338,Home & Kitchen,Product 1338,Nike,Seller 3,Delhi,Bangalore,5,30341.64,0.26,14812.75,77644.45,Credit Card,Shipped,5,Not Returned
FLK11339,2023-03-05,Customer 1339,Beauty,Product 1339,Samsung,Seller 4,Gujarat,Chennai,2,14310.59,0.25,22194.49,-15767.8,Credit Card,Processing,4,Not Returned
FLK11340,2023-12-20,Customer 1340,Electronics,Product 1340,Nike,Seller 9,Karnataka,Chennai,5,37679.34,0.02,36693.56,4928.9,Cash on Delivery,Delivered,2,Not Returned
FLK11341,2023-03-12,Customer 1341,Books,Product 1341,Apple,Seller 10,Delhi,Chennai,5,2817.94,0.24,16522,-68520.3,Credit Card,Delivered,4,Not Returned
FLK11342,2023-05-07,Customer 1342,Books,Product 1342,Nike,Seller 3,Maharashtra,Ahmedabad,4,5831.15,0.25,19052.13,-52883.92,UPI,Delivered,5,Not Returned
FLK11343,2023-09-18,Customer 1343,Beauty,Product 1343,Biba,Seller 1,Gujarat,Mumbai,3,36576.66,0.25,19930.7,49937.88,UPI,Delivered,2,Not Returned
FLK11344,2023-04-09,Customer 1344,Electronics,Product 1344,Nike,Seller 6,Maharashtra,New Delhi,5,20942.63,0.18,11148.08,48972.75,Credit Card,Delivered,2,Not Returned
FLK11345,2023-01-01,Customer 1345,Books,Product 1345,Biba,Seller 10,Maharashtra,Mumbai,4,29050.36,0.25,23374.29,22704.28,UPI,Delivered,1,Returned
FLK11346,2023-01-24,Customer 1346,Books,Product 1346,Puma,Seller 7,Maharashtra,Bangalore,2,6260.42,0.01,8821.37,-5121.9,Credit Card,Cancelled,1,Not Returned
FLK11347,2023-04-16,Customer 1347,Clothing,Product 1347,LG,Seller 3,Delhi,Mumbai,2,20922.19,0.2,27311.87,-12779.36,Cash on Delivery,Delivered,5,Not Returned
FLK11348,2023-07-19,Customer 1348,Home & Kitchen,Product 1348,LG,Seller 4,Tamil Nadu,New Delhi,5,22215.12,0.08,17595.95,23095.85,UPI,Delivered,5,Not Returned
FLK11349,2023-08-23,Customer 1349,Electronics,Product 1349,Nike,Seller 4,Tamil Nadu,Chennai,5,7639.8,0.09,17315.08,-48376.4,Credit Card,Delivered,5,Not Returned
FLK11350,2023-08-21,Customer 1350,Home & Kitchen,Product 1350,Nike,Seller 4,Tamil Nadu,Bangalore,4,14266.42,0.15,15916.52,-6600.4,UPI,Delivered,3,Not Returned
FLK11351,2023-05-01,Customer 1351,Clothing,Product 1351,Biba,Seller 4,Gujarat,Ahmedabad,4,7835.99,0.09,15139.28,-29213.16,Debit Card,Delivered,2,Not Returned
FLK11352,2023-06-08,Customer 1352,Clothing,Product 1352,Apple,Seller 2,Gujarat,Chennai,2,14619.95,0.24,30357.07,-31474.24,UPI,Delivered,5,Not Returned
FLK11353,2023-01-11,Customer 1353,Home & Kitchen,Product 1353,Sony,Seller 9,Tamil Nadu,Ahmedabad,2,24355.03,0.06,29369.12,-10028.18,Cash on Delivery,Delivered,5,Not Returned
FLK11354,2023-11-18,Customer 1354,Clothing,Product 1354,Puma,Seller 10,Gujarat,Ahmedabad,2,19389.51,0.19,35569.4,-32359.78,Debit Card,Delivered,2,Not Returned
FLK11355,2023-05-04,Customer 1355,Electronics,Product 1355,Nike,Seller 8,Maharashtra,New Delhi,5,1536.33,0.03,22782.53,-106231,UPI,Delivered,5,Not Returned
FLK11356,2023-07-31,Customer 1356,Electronics,Product 1356,Puma,Seller 2,Delhi,Ahmedabad,3,7395.37,0.22,9146.47,-5253.3,Credit Card,Delivered,1,Not Returned
FLK11357,2023-03-03,Customer 1357,Home & Kitchen,Product 1357,Puma,Seller 10,Tamil Nadu,Bangalore,1,46091.21,0.19,4231.49,41859.72,Debit Card,Processing,3,Not Returned
FLK11358,2023-05-04,Customer 1358,Books,Product 1358,Biba,Seller 5,Gujarat,Bangalore,4,34907.58,0.01,33673.17,4937.64,UPI,Processing,5,Not Returned
FLK11359,2023-09-15,Customer 1359,Electronics,Product 1359,LG,Seller 10,Karnataka,Chennai,3,17868.75,0.11,18345.72,-1430.91,UPI,Delivered,1,Not Returned
FLK11360,2023-01-11,Customer 1360,Home & Kitchen,Product 1360,LG,Seller 3,Maharashtra,Bangalore,4,36703.82,0.07,8776.76,111708.24,UPI,Delivered,1,Not Returned
FLK11361,2023-11-13,Customer 1361,Beauty,Product 1361,Apple,Seller 2,Maharashtra,Mumbai,3,43959.53,0.1,27565.37,49182.48,UPI,Delivered,5,Not Returned
FLK11362,2023-07-13,Customer 1362,Books,Product 1362,LG,Seller 6,Delhi,Ahmedabad,1,42129.54,0.13,3889.97,38239.57,UPI,Delivered,1,Not Returned
FLK11363,2023-04-28,Customer 1363,Beauty,Product 1363,Nike,Seller 9,Gujarat,Ahmedabad,5,46507.96,0.27,36626.68,49406.4,Debit Card,Cancelled,1,Returned
FLK11364,2023-09-30,Customer 1364,Electronics,Product 1364,LG,Seller 8,Tamil Nadu,Bangalore,3,39762.58,0.09,10788.92,86920.98,UPI,Shipped,5,Not Returned
FLK11365,2023-04-11,Customer 1365,Clothing,Product 1365,Nike,Seller 7,Gujarat,New Delhi,5,43692.26,0.04,27870.51,79108.75,Credit Card,Delivered,4,Returned
FLK11366,2023-02-27,Customer 1366,Electronics,Product 1366,Biba,Seller 7,Gujarat,Bangalore,1,9559.98,0.26,31977.8,-22417.82,UPI,Cancelled,3,Not Returned
FLK11367,2023-02-07,Customer 1367,Beauty,Product 1367,Samsung,Seller 9,Delhi,Mumbai,3,5323.43,0.09,22143.32,-50459.67,UPI,Delivered,3,Not Returned
FLK11368,2023-03-13,Customer 1368,Beauty,Product 1368,Puma,Seller 2,Gujarat,Bangalore,3,4237.9,0.22,22057.53,-53458.89,Debit Card,Delivered,4,Returned
FLK11369,2023-06-22,Customer 1369,Books,Product 1369,Apple,Seller 1,Delhi,Chennai,5,36244.57,0.03,7040.36,146021.05,Credit Card,Delivered,2,Returned
FLK11370,2023-02-20,Customer 1370,Clothing,Product 1370,Sony,Seller 9,Karnataka,Chennai,4,37491.22,0.19,28842.32,34595.6,Debit Card,Delivered,4,Not Returned
FLK11371,2023-09-16,Customer 1371,Home & Kitchen,Product 1371,Sony,Seller 5,Karnataka,Bangalore,1,40649.09,0.18,23224.08,17425.01,Cash on Delivery,Delivered,3,Not Returned
FLK11372,2023-03-19,Customer 1372,Beauty,Product 1372,Sony,Seller 5,Gujarat,Ahmedabad,4,16157.29,0.15,20500.66,-17373.48,Cash on Delivery,Delivered,4,Not Returned
FLK11373,2023-05-14,Customer 1373,Beauty,Product 1373,Biba,Seller 6,Karnataka,Chennai,2,26067.77,0.16,16490.32,19154.9,Credit Card,Delivered,1,Not Returned
FLK11374,2023-04-27,Customer 1374,Home & Kitchen,Product 1374,Nike,Seller 1,Karnataka,Mumbai,5,39292.21,0.12,2200.49,185458.6,Credit Card,Delivered,1,Not Returned
FLK11375,2023-07-30,Customer 1375,Electronics,Product 1375,Sony,Seller 10,Gujarat,New Delhi,3,39360.16,0.01,25112.55,42742.83,UPI,Delivered,1,Not Returned
FLK11376,2023-03-04,Customer 1376,Clothing,Product 1376,Nike,Seller 9,Delhi,Ahmedabad,5,37001.75,0.09,29395.32,38032.15,UPI,Delivered,3,Not Returned
FLK11377,2023-05-08,Customer 1377,Electronics,Product 1377,LG,Seller 7,Maharashtra,Ahmedabad,4,20361.38,0.08,27024.16,-26651.12,UPI,Delivered,4,Not Returned
FLK11378,2023-03-29,Customer 1378,Electronics,Product 1378,Samsung,Seller 5,Tamil Nadu,Mumbai,1,12650.54,0.13,28754.44,-16103.9,Debit Card,Delivered,5,Not Returned
FLK11379,2023-02-23,Customer 1379,Home & Kitchen,Product 1379,Sony,Seller 5,Delhi,New Delhi,5,41104.45,0.09,39186.05,9592,Cash on Delivery,Delivered,5,Not Returned
FLK11380,2023-05-29,Customer 1380,Books,Product 1380,LG,Seller 7,Maharashtra,Mumbai,2,34284.52,0.1,38281.81,-7994.58,Credit Card,Delivered,3,Not Returned
FLK11381,2023-05-24,Customer 1381,Home & Kitchen,Product 1381,Samsung,Seller 10,Gujarat,Ahmedabad,5,1834.01,0.08,4839.37,-15026.8,UPI,Delivered,3,Not Returned
FLK11382,2023-05-22,Customer 1382,Home & Kitchen,Product 1382,Puma,Seller 3,Tamil Nadu,Ahmedabad,5,3751.4,0.21,2030.09,8606.55,Credit Card,Shipped,2,Not Returned
FLK11383,2023-04-21,Customer 1383,Beauty,Product 1383,Sony,Seller 6,Maharashtra,Ahmedabad,2,16204.45,0.22,16078.77,251.36,UPI,Processing,5,Not Returned
FLK11384,2023-12-31,Customer 1384,Electronics,Product 1384,Biba,Seller 9,Tamil Nadu,Chennai,3,30516,0.07,23890.08,19877.76,UPI,Delivered,1,Not Returned
FLK11385,2023-04-26,Customer 1385,Books,Product 1385,Biba,Seller 1,Delhi,Chennai,5,30782.14,0.16,30383.09,1995.25,Debit Card,Shipped,1,Returned
FLK11386,2023-07-28,Customer 1386,Electronics,Product 1386,Puma,Seller 9,Delhi,Chennai,5,10979.97,0.02,32439.73,-107298.8,Credit Card,Delivered,3,Not Returned
FLK11387,2023-11-02,Customer 1387,Electronics,Product 1387,Apple,Seller 4,Tamil Nadu,Mumbai,3,35249.9,0.09,11710.1,70619.4,Credit Card,Shipped,5,Pending
FLK11388,2023-11-14,Customer 1388,Beauty,Product 1388,Biba,Seller 6,Gujarat,Mumbai,1,3575.32,0.1,3342.68,232.64,Credit Card,Cancelled,4,Not Returned
FLK11389,2023-02-25,Customer 1389,Electronics,Product 1389,Nike,Seller 4,Maharashtra,New Delhi,3,17573.63,0.02,6032.26,34624.11,Cash on Delivery,Delivered,5,Not Returned
FLK11390,2023-04-21,Customer 1390,Electronics,Product 1390,Samsung,Seller 9,Maharashtra,Chennai,2,14237.15,0.11,3572.06,21330.18,Debit Card,Shipped,4,Not Returned
FLK11391,2023-05-31,Customer 1391,Beauty,Product 1391,Samsung,Seller 9,Tamil Nadu,Chennai,5,31695.84,0.24,13827.86,89339.9,Cash on Delivery,Shipped,3,Returned
FLK11392,2023-01-24,Customer 1392,Electronics,Product 1392,Puma,Seller 2,Delhi,Bangalore,3,42307.79,0.28,37677.25,13891.62,Credit Card,Delivered,2,Not Returned
FLK11393,2023-11-08,Customer 1393,Books,Product 1393,Sony,Seller 1,Tamil Nadu,Bangalore,4,4299.01,0.28,8925.54,-18506.12,UPI,Processing,2,Not Returned
FLK11394,2023-01-27,Customer 1394,Clothing,Product 1394,Samsung,Seller 9,Maharashtra,New Delhi,3,24569.51,0.26,17249.05,21961.38,UPI,Delivered,5,Not Returned
FLK11395,2023-05-29,Customer 1395,Books,Product 1395,Apple,Seller 4,Karnataka,Ahmedabad,1,26653.19,0.14,8186.71,18466.48,Debit Card,Delivered,5,Pending
FLK11396,2023-09-28,Customer 1396,Beauty,Product 1396,Biba,Seller 1,Maharashtra,Bangalore,4,30911.49,0.05,4584.09,105309.6,Debit Card,Delivered,4,Not Returned
FLK11397,2023-01-25,Customer 1397,Electronics,Product 1397,Nike,Seller 10,Gujarat,Chennai,4,14764.89,0.06,1173.92,54363.88,Cash on Delivery,Shipped,4,Not Returned
FLK11398,2023-11-03,Customer 1398,Electronics,Product 1398,Samsung,Seller 7,Gujarat,Ahmedabad,4,43439.57,0.2,33210.44,40916.52,Cash on Delivery,Delivered,3,Not Returned
FLK11399,2023-07-07,Customer 1399,Electronics,Product 1399,Biba,Seller 10,Maharashtra,Bangalore,2,5785.49,0.02,20236.92,-28902.86,Debit Card,Delivered,5,Not Returned
FLK11400,2023-03-31,Customer 1400,Beauty,Product 1400,Apple,Seller 3,Maharashtra,Mumbai,4,38856.5,0.13,22733.61,64491.56,Credit Card,Delivered,4,Returned
FLK11401,2023-08-31,Customer 1401,Beauty,Product 1401,Biba,Seller 2,Tamil Nadu,New Delhi,5,2228.33,0.14,30024.31,-138979.9,Debit Card,Delivered,5,Not Returned
FLK11402,2023-11-07,Customer 1402,Beauty,Product 1402,Nike,Seller 10,Karnataka,Bangalore,5,26279.85,0.2,22624.98,18274.35,Credit Card,Cancelled,5,Not Returned
FLK11403,2023-06-26,Customer 1403,Clothing,Product 1403,Puma,Seller 2,Maharashtra,Ahmedabad,3,17494.53,0.17,33945.55,-49353.06,UPI,Delivered,5,Not Returned
FLK11404,2023-03-17,Customer 1404,Clothing,Product 1404,Puma,Seller 5,Delhi,Ahmedabad,2,19309.68,0.13,3417.08,31785.2,UPI,Delivered,3,Not Returned
FLK11405,2023-12-11,Customer 1405,Beauty,Product 1405,Sony,Seller 4,Gujarat,Mumbai,3,48886.25,0.23,10462.53,115271.16,UPI,Processing,3,Not Returned
FLK11406,2023-10-28,Customer 1406,Home & Kitchen,Product 1406,Sony,Seller 9,Karnataka,Chennai,5,41619.82,0.06,30144.52,57376.5,Credit Card,Delivered,5,Not Returned
FLK11407,2023-07-20,Customer 1407,Clothing,Product 1407,Apple,Seller 1,Delhi,New Delhi,3,4415.78,0.2,32582.37,-84499.77,Debit Card,Cancelled,5,Not Returned
FLK11408,2023-02-03,Customer 1408,Clothing,Product 1408,Samsung,Seller 1,Gujarat,Mumbai,1,31665.59,0.03,29570.17,2095.42,Credit Card,Delivered,5,Not Returned
FLK11409,2023-09-25,Customer 1409,Beauty,Product 1409,Sony,Seller 10,Tamil Nadu,New Delhi,3,3199.78,0.12,25627.99,-67284.63,Debit Card,Delivered,3,Not Returned
FLK11410,2023-05-25,Customer 1410,Clothing,Product 1410,LG,Seller 1,Tamil Nadu,Bangalore,4,38203.14,0.13,5667.85,130141.16,UPI,Delivered,4,Not Returned
FLK11411,2023-09-09,Customer 1411,Clothing,Product 1411,Biba,Seller 1,Maharashtra,Ahmedabad,4,30287.2,0.23,10919.39,77471.24,Cash on Delivery,Shipped,4,Not Returned
FLK11412,2023-04-10,Customer 1412,Beauty,Product 1412,LG,Seller 8,Maharashtra,Chennai,5,47595.44,0.1,28672.94,94612.5,UPI,Delivered,5,Not Returned
FLK11413,2023-08-28,Customer 1413,Electronics,Product 1413,Apple,Seller 8,Delhi,Bangalore,5,44890.16,0.06,4551.91,201691.25,UPI,Delivered,1,Not Returned
FLK11414,2023-05-02,Customer 1414,Electronics,Product 1414,Puma,Seller 6,Maharashtra,New Delhi,3,28894.15,0.11,5323.12,70713.09,UPI,Delivered,5,Not Returned
FLK11415,2023-06-07,Customer 1415,Home & Kitchen,Product 1415,Samsung,Seller 1,Maharashtra,Ahmedabad,2,7647.33,0.12,20623.57,-25952.48,Credit Card,Delivered,2,Not Returned
FLK11416,2023-08-20,Customer 1416,Beauty,Product 1416,Puma,Seller 5,Delhi,New Delhi,3,6047.7,0.05,18772.45,-38174.25,Cash on Delivery,Delivered,1,Not Returned
FLK11417,2023-01-08,Customer 1417,Beauty,Product 1417,Puma,Seller 2,Tamil Nadu,Ahmedabad,3,9687.65,0.19,10823.12,-3406.41,Cash on Delivery,Delivered,4,Not Returned
FLK11418,2023-09-09,Customer 1418,Electronics,Product 1418,Biba,Seller 4,Tamil Nadu,Bangalore,5,27220.49,0.26,33910.32,-33449.15,UPI,Delivered,5,Not Returned
FLK11419,2023-06-23,Customer 1419,Beauty,Product 1419,Samsung,Seller 8,Delhi,New Delhi,4,29639.53,0.22,17414.86,48898.68,Credit Card,Delivered,4,Not Returned
FLK11420,2023-09-12,Customer 1420,Beauty,Product 1420,Biba,Seller 9,Maharashtra,Chennai,2,839.87,0.17,3871.3,-6062.86,UPI,Delivered,4,Not Returned
FLK11421,2023-03-23,Customer 1421,Books,Product 1421,Biba,Seller 6,Delhi,Mumbai,3,22698,0.04,10972.99,35175.03,UPI,Delivered,3,Not Returned
FLK11422,2023-03-31,Customer 1422,Books,Product 1422,Samsung,Seller 3,Karnataka,Ahmedabad,2,23161.83,0.18,2104.58,42114.5,Debit Card,Delivered,4,Not Returned
FLK11423,2023-10-07,Customer 1423,Books,Product 1423,LG,Seller 3,Delhi,Mumbai,4,47458.24,0.21,9592.05,151464.76,Cash on Delivery,Shipped,4,Not Returned
FLK11424,2023-09-17,Customer 1424,Home & Kitchen,Product 1424,Puma,Seller 3,Karnataka,Ahmedabad,2,36850.4,0.16,25313.85,23073.1,Credit Card,Delivered,3,Not Returned
FLK11425,2023-08-23,Customer 1425,Books,Product 1425,Puma,Seller 8,Delhi,Mumbai,5,12285.35,0.17,18157.85,-29362.5,Cash on Delivery,Delivered,5,Not Returned
FLK11426,2023-01-14,Customer 1426,Electronics,Product 1426,Biba,Seller 5,Tamil Nadu,Chennai,5,3847.23,0.19,38837.92,-174953.45,Cash on Delivery,Delivered,3,Not Returned
FLK11427,2023-11-16,Customer 1427,Electronics,Product 1427,Biba,Seller 9,Tamil Nadu,Bangalore,5,7089.2,0.16,8268.7,-5897.5,Credit Card,Processing,3,Not Returned
FLK11428,2023-01-01,Customer 1428,Clothing,Product 1428,Puma,Seller 3,Maharashtra,Mumbai,1,13957.56,0.02,35744.8,-21787.24,Debit Card,Processing,3,Not Returned
FLK11429,2023-06-19,Customer 1429,Clothing,Product 1429,Samsung,Seller 1,Delhi,Chennai,1,44922.22,0.06,29914.03,15008.19,Debit Card,Delivered,2,Not Returned
FLK11430,2023-08-24,Customer 1430,Electronics,Product 1430,Biba,Seller 4,Maharashtra,Mumbai,5,30758.19,0.06,10253.85,102521.7,UPI,Delivered,4,Not Returned
FLK11431,2023-07-20,Customer 1431,Beauty,Product 1431,Sony,Seller 4,Gujarat,Ahmedabad,5,17437.87,0.06,3684.65,68766.1,Debit Card,Delivered,5,Not Returned
FLK11432,2023-09-05,Customer 1432,Beauty,Product 1432,Nike,Seller 7,Maharashtra,Ahmedabad,1,47196.2,0.07,27873.66,19322.54,Debit Card,Delivered,5,Not Returned
FLK11433,2023-04-25,Customer 1433,Electronics,Product 1433,Apple,Seller 9,Tamil Nadu,Mumbai,2,47469.46,0.15,10891.99,73154.94,Cash on Delivery,Shipped,4,Not Returned
FLK11434,2023-06-14,Customer 1434,Clothing,Product 1434,Sony,Seller 5,Karnataka,Bangalore,1,15789.2,0.19,35077.47,-19288.27,Credit Card,Shipped,1,Not Returned
FLK11435,2023-09-05,Customer 1435,Beauty,Product 1435,Apple,Seller 4,Gujarat,Mumbai,3,13948.06,0.02,33536.14,-58764.24,UPI,Delivered,1,Not Returned
FLK11436,2023-02-25,Customer 1436,Home & Kitchen,Product 1436,Sony,Seller 6,Maharashtra,Chennai,1,9251.39,0.19,8989.03,262.36,Cash on Delivery,Delivered,5,Not Returned
FLK11437,2023-05-02,Customer 1437,Clothing,Product 1437,Biba,Seller 6,Delhi,Chennai,5,13782.08,0.26,27973.1,-70955.1,Credit Card,Delivered,5,Not Returned
FLK11438,2023-07-01,Customer 1438,Beauty,Product 1438,Biba,Seller 7,Gujarat,Ahmedabad,5,6722.11,0.18,19153.29,-62155.9,Credit Card,Delivered,5,Not Returned
FLK11439,2023-01-04,Customer 1439,Home & Kitchen,Product 1439,Nike,Seller 3,Maharashtra,Ahmedabad,3,42794.85,0.11,6956.41,107515.32,UPI,Shipped,4,Pending
FLK11440,2023-08-08,Customer 1440,Clothing,Product 1440,Apple,Seller 6,Gujarat,Ahmedabad,3,37776.99,0.17,11548.4,78685.77,UPI,Delivered,4,Not Returned
FLK11441,2023-12-09,Customer 1441,Home & Kitchen,Product 1441,Samsung,Seller 6,Gujarat,New Delhi,5,39855.21,0.1,28584.73,56352.4,Debit Card,Delivered,1,Returned
FLK11442,2023-03-02,Customer 1442,Books,Product 1442,Sony,Seller 7,Karnataka,Chennai,1,42527.64,0.27,2239.89,40287.75,Debit Card,Delivered,2,Not Returned
FLK11443,2023-04-29,Customer 1443,Books,Product 1443,LG,Seller 3,Delhi,Mumbai,5,4130.21,0.01,13923.75,-48967.7,Credit Card,Delivered,4,Not Returned
FLK11444,2023-04-04,Customer 1444,Books,Product 1444,Nike,Seller 5,Karnataka,Ahmedabad,3,19544.03,0.18,39693.13,-60447.3,Cash on Delivery,Delivered,5,Not Returned
FLK11445,2023-04-24,Customer 1445,Clothing,Product 1445,Biba,Seller 8,Karnataka,New Delhi,1,1041.93,0.12,20822.02,-19780.09,UPI,Shipped,2,Returned
FLK11446,2023-02-05,Customer 1446,Electronics,Product 1446,LG,Seller 3,Gujarat,Chennai,4,10082.14,0.03,8427.11,6620.12,UPI,Cancelled,4,Not Returned
FLK11447,2023-11-16,Customer 1447,Books,Product 1447,Apple,Seller 7,Delhi,Chennai,3,21130.5,0.15,8575.62,37664.64,Cash on Delivery,Delivered,3,Not Returned
FLK11448,2023-07-26,Customer 1448,Electronics,Product 1448,Puma,Seller 2,Tamil Nadu,Bangalore,4,44926.39,0.15,13173.25,127012.56,Debit Card,Delivered,2,Not Returned
FLK11449,2023-03-21,Customer 1449,Electronics,Product 1449,Apple,Seller 6,Maharashtra,Ahmedabad,1,40840.75,0.26,29734.22,11106.53,Cash on Delivery,Cancelled,4,Not Returned
FLK11450,2023-07-20,Customer 1450,Books,Product 1450,Samsung,Seller 3,Tamil Nadu,Chennai,4,9351.55,0.14,9012.66,1355.56,Cash on Delivery,Processing,4,Pending
FLK11451,2023-12-02,Customer 1451,Electronics,Product 1451,LG,Seller 1,Karnataka,Bangalore,1,29051.93,0.17,24735.39,4316.54,Cash on Delivery,Cancelled,5,Not Returned
FLK11452,2023-06-17,Customer 1452,Electronics,Product 1452,Apple,Seller 5,Maharashtra,Ahmedabad,3,12343,0.06,26250.1,-41721.3,UPI,Processing,5,Not Returned
FLK11453,2023-06-13,Customer 1453,Electronics,Product 1453,Nike,Seller 5,Tamil Nadu,Chennai,3,32389.78,0.22,35264.54,-8624.28,UPI,Delivered,3,Not Returned
FLK11454,2023-01-11,Customer 1454,Electronics,Product 1454,Nike,Seller 5,Karnataka,Ahmedabad,5,38790.79,0.19,29070.62,48600.85,UPI,Cancelled,4,Not Returned
FLK11455,2023-10-26,Customer 1455,Clothing,Product 1455,Apple,Seller 3,Gujarat,Bangalore,3,8690.48,0.11,26777.18,-54260.1,Cash on Delivery,Processing,5,Not Returned
FLK11456,2023-04-20,Customer 1456,Clothing,Product 1456,Puma,Seller 6,Maharashtra,Ahmedabad,5,47183.4,0.16,5693.01,207451.95,Credit Card,Processing,4,Not Returned
FLK11457,2023-07-06,Customer 1457,Clothing,Product 1457,Puma,Seller 1,Gujarat,Bangalore,1,44116.95,0.09,22351.89,21765.06,Cash on Delivery,Delivered,3,Not Returned
FLK11458,2023-06-28,Customer 1458,Beauty,Product 1458,Puma,Seller 6,Gujarat,Mumbai,1,32037.15,0.12,2948.11,29089.04,Credit Card,Delivered,2,Not Returned
FLK11459,2023-07-18,Customer 1459,Books,Product 1459,Sony,Seller 10,Gujarat,Mumbai,1,3991.01,0.25,6964.87,-2973.86,UPI,Cancelled,4,Pending
FLK11460,2023-02-17,Customer 1460,Books,Product 1460,Sony,Seller 3,Gujarat,Bangalore,4,36572.51,0.18,14250.9,89286.44,Credit Card,Delivered,2,Not Returned
FLK11461,2023-09-19,Customer 1461,Beauty,Product 1461,Apple,Seller 10,Maharashtra,Chennai,3,49461.12,0.03,27565.92,65685.6,Cash on Delivery,Delivered,5,Not Returned
FLK11462,2023-01-25,Customer 1462,Beauty,Product 1462,Puma,Seller 3,Delhi,Bangalore,1,43299.64,0.28,38317.03,4982.61,Cash on Delivery,Delivered,4,Not Returned
FLK11463,2023-11-07,Customer 1463,Books,Product 1463,Apple,Seller 2,Tamil Nadu,New Delhi,1,45586.2,0.02,24841.54,20744.66,Credit Card,Delivered,4,Not Returned
FLK11464,2023-09-28,Customer 1464,Clothing,Product 1464,LG,Seller 4,Gujarat,Bangalore,1,28817.93,0.14,13820.83,14997.1,Credit Card,Delivered,3,Not Returned
FLK11465,2023-06-04,Customer 1465,Electronics,Product 1465,Apple,Seller 3,Karnataka,Bangalore,1,14700.35,0.24,27419.14,-12718.79,UPI,Shipped,5,Not Returned
FLK11466,2023-06-17,Customer 1466,Beauty,Product 1466,LG,Seller 10,Karnataka,New Delhi,1,41986.3,0.18,28110.75,13875.55,Debit Card,Shipped,2,Not Returned
FLK11467,2023-02-03,Customer 1467,Books,Product 1467,Sony,Seller 4,Gujarat,Ahmedabad,2,39001.4,0.18,32943.44,12115.92,Credit Card,Delivered,3,Not Returned
FLK11468,2023-04-08,Customer 1468,Clothing,Product 1468,Nike,Seller 9,Karnataka,Ahmedabad,2,15805.21,0.28,8892.47,13825.48,Credit Card,Delivered,1,Not Returned
FLK11469,2023-03-21,Customer 1469,Books,Product 1469,LG,Seller 8,Delhi,New Delhi,1,30898.84,0.15,22482.41,8416.43,Debit Card,Delivered,4,Not Returned
FLK11470,2023-02-13,Customer 1470,Clothing,Product 1470,Biba,Seller 10,Delhi,New Delhi,2,6941.62,0.09,26123.24,-38363.24,Credit Card,Delivered,2,Not Returned
FLK11471,2023-12-17,Customer 1471,Books,Product 1471,LG,Seller 5,Delhi,Bangalore,1,1557.39,0.12,36153.06,-34595.67,Cash on Delivery,Delivered,5,Not Returned
FLK11472,2023-08-05,Customer 1472,Home & Kitchen,Product 1472,Samsung,Seller 2,Karnataka,New Delhi,3,38960.21,0.11,11764.95,81585.78,UPI,Shipped,2,Not Returned
FLK11473,2023-03-12,Customer 1473,Home & Kitchen,Product 1473,Biba,Seller 7,Delhi,Chennai,1,3646.71,0.04,31374.35,-27727.64,Credit Card,Delivered,1,Pending
FLK11474,2023-07-31,Customer 1474,Electronics,Product 1474,LG,Seller 2,Tamil Nadu,New Delhi,2,47055.96,0.15,17222.76,59666.4,Credit Card,Delivered,3,Not Returned
FLK11475,2023-12-10,Customer 1475,Home & Kitchen,Product 1475,Biba,Seller 2,Maharashtra,Ahmedabad,1,36082.62,0.29,28255.42,7827.2,Cash on Delivery,Delivered,3,Not Returned
FLK11476,2023-02-22,Customer 1476,Beauty,Product 1476,Apple,Seller 8,Maharashtra,Mumbai,1,3076.96,0.26,14757.25,-11680.29,Debit Card,Delivered,2,Not Returned
FLK11477,2023-02-28,Customer 1477,Beauty,Product 1477,Apple,Seller 1,Gujarat,New Delhi,1,26843.85,0.16,14529.61,12314.24,Cash on Delivery,Delivered,4,Not Returned
FLK11478,2023-04-15,Customer 1478,Books,Product 1478,Samsung,Seller 1,Karnataka,Bangalore,5,40201.52,0.24,24426.77,78873.75,UPI,Cancelled,5,Not Returned
FLK11479,2023-05-11,Customer 1479,Clothing,Product 1479,Biba,Seller 7,Maharashtra,Chennai,2,3876.37,0.08,5990.11,-4227.48,Cash on Delivery,Delivered,1,Not Returned
FLK11480,2023-08-01,Customer 1480,Clothing,Product 1480,Apple,Seller 5,Karnataka,Ahmedabad,1,4059.91,0.04,18132.37,-14072.46,Cash on Delivery,Delivered,1,Not Returned
FLK11481,2023-01-11,Customer 1481,Home & Kitchen,Product 1481,Samsung,Seller 4,Gujarat,Ahmedabad,1,35842.45,0.23,34297.52,1544.93,Debit Card,Delivered,2,Not Returned
FLK11482,2023-12-29,Customer 1482,Books,Product 1482,Nike,Seller 3,Delhi,Mumbai,3,25377.46,0.24,12259.95,39352.53,Cash on Delivery,Shipped,3,Not Returned
FLK11483,2023-09-10,Customer 1483,Beauty,Product 1483,Puma,Seller 2,Maharashtra,New Delhi,3,34381.39,0.25,15587.17,56382.66,Debit Card,Delivered,5,Returned
FLK11484,2023-03-18,Customer 1484,Beauty,Product 1484,Biba,Seller 5,Delhi,New Delhi,3,13802.7,0.08,7405.03,19193.01,Debit Card,Delivered,2,Not Returned
FLK11485,2023-09-21,Customer 1485,Electronics,Product 1485,Samsung,Seller 5,Gujarat,Ahmedabad,5,49632.64,0.14,1130.15,242512.45,Debit Card,Delivered,3,Returned
FLK11486,2023-12-05,Customer 1486,Beauty,Product 1486,Apple,Seller 4,Tamil Nadu,Chennai,3,40995.25,0.17,7300.12,101085.39,Credit Card,Delivered,5,Not Returned
FLK11487,2023-12-04,Customer 1487,Books,Product 1487,Puma,Seller 5,Delhi,Ahmedabad,5,39982.09,0.08,27470.44,62558.25,Cash on Delivery,Cancelled,5,Not Returned
FLK11488,2023-08-16,Customer 1488,Books,Product 1488,Puma,Seller 9,Gujarat,Ahmedabad,5,46299.27,0.16,32621.9,68386.85,Credit Card,Shipped,5,Pending
FLK11489,2023-06-05,Customer 1489,Electronics,Product 1489,LG,Seller 3,Delhi,New Delhi,5,44120.39,0.16,29558.97,72807.1,UPI,Delivered,3,Not Returned
FLK11490,2023-08-13,Customer 1490,Books,Product 1490,Samsung,Seller 3,Delhi,Chennai,2,3029.01,0.15,19168.53,-32279.04,Credit Card,Cancelled,1,Not Returned
FLK11491,2023-10-16,Customer 1491,Books,Product 1491,Nike,Seller 10,Tamil Nadu,Chennai,4,33537.97,0.28,20648.33,51558.56,Cash on Delivery,Delivered,4,Not Returned
FLK11492,2023-11-04,Customer 1492,Clothing,Product 1492,Samsung,Seller 9,Maharashtra,New Delhi,4,19987.89,0.28,26917.04,-27716.6,Cash on Delivery,Delivered,1,Not Returned
FLK11493,2023-07-01,Customer 1493,Beauty,Product 1493,Puma,Seller 2,Karnataka,Chennai,4,21531.03,0.11,2284.98,76984.2,UPI,Delivered,2,Pending
FLK11494,2023-12-20,Customer 1494,Electronics,Product 1494,Samsung,Seller 4,Karnataka,New Delhi,2,38992.15,0.14,31935.37,14113.56,Cash on Delivery,Delivered,4,Not Returned
FLK11495,2023-08-04,Customer 1495,Home & Kitchen,Product 1495,Sony,Seller 10,Tamil Nadu,New Delhi,3,36110.24,0.28,17439.21,56013.09,Debit Card,Delivered,2,Not Returned
FLK11496,2023-01-06,Customer 1496,Beauty,Product 1496,Samsung,Seller 6,Delhi,New Delhi,1,48923.19,0.11,30448.02,18475.17,Cash on Delivery,Delivered,4,Not Returned
FLK11497,2023-10-21,Customer 1497,Beauty,Product 1497,Nike,Seller 9,Tamil Nadu,Ahmedabad,4,11925.38,0.02,17698.8,-23093.68,Debit Card,Delivered,1,Returned
FLK11498,2023-09-27,Customer 1498,Clothing,Product 1498,Samsung,Seller 10,Delhi,New Delhi,1,41643.92,0.04,3458.33,38185.59,Credit Card,Delivered,4,Not Returned
FLK11499,2023-07-03,Customer 1499,Electronics,Product 1499,Puma,Seller 3,Maharashtra,New Delhi,1,11207.88,0.22,35734.02,-24526.14,Debit Card,Delivered,2,Pending
FLK11500,2023-06-14,Customer 1500,Electronics,Product 1500,Samsung,Seller 2,Tamil Nadu,Mumbai,4,35126.78,0.27,14725.59,81604.76,Debit Card,Processing,3,Not Returned
FLK11501,2023-11-12,Customer 1501,Books,Product 1501,Biba,Seller 6,Delhi,Bangalore,4,14167.43,0.24,16931.14,-11054.84,Credit Card,Delivered,4,Pending
FLK11502,2023-02-03,Customer 1502,Electronics,Product 1502,LG,Seller 5,Gujarat,Ahmedabad,3,27577.13,0.02,21833.95,17229.54,Credit Card,Cancelled,3,Not Returned
FLK11503,2023-02-19,Customer 1503,Home & Kitchen,Product 1503,Apple,Seller 8,Karnataka,New Delhi,3,49613.28,0.24,33582.23,48093.15,UPI,Shipped,4,Returned
FLK11504,2023-10-07,Customer 1504,Clothing,Product 1504,Samsung,Seller 9,Gujarat,Bangalore,4,29303.48,0.21,22168.68,28539.2,Debit Card,Shipped,3,Not Returned
FLK11505,2023-02-16,Customer 1505,Home & Kitchen,Product 1505,Nike,Seller 10,Karnataka,Mumbai,4,3150.73,0.05,5854.25,-10814.08,UPI,Delivered,4,Not Returned
FLK11506,2023-07-04,Customer 1506,Beauty,Product 1506,Puma,Seller 7,Delhi,Mumbai,1,24033.89,0.13,29195.22,-5161.33,UPI,Cancelled,3,Not Returned
FLK11507,2023-07-22,Customer 1507,Beauty,Product 1507,Biba,Seller 6,Maharashtra,New Delhi,5,32537.71,0.04,23337.51,46001,Debit Card,Delivered,1,Not Returned
FLK11508,2023-01-26,Customer 1508,Books,Product 1508,Samsung,Seller 10,Karnataka,Bangalore,2,48434.41,0.08,2400.5,92067.82,Cash on Delivery,Shipped,4,Not Returned
FLK11509,2023-10-13,Customer 1509,Electronics,Product 1509,Biba,Seller 7,Tamil Nadu,New Delhi,1,39490.54,0.09,1118.14,38372.4,Debit Card,Delivered,5,Not Returned
FLK11510,2023-08-15,Customer 1510,Home & Kitchen,Product 1510,Samsung,Seller 1,Gujarat,New Delhi,4,15882.62,0.1,9235.45,26588.68,Credit Card,Delivered,2,Not Returned
FLK11511,2023-05-13,Customer 1511,Clothing,Product 1511,Biba,Seller 3,Maharashtra,New Delhi,2,14933.16,0.04,25436.09,-21005.86,Debit Card,Delivered,1,Not Returned
FLK11512,2023-12-12,Customer 1512,Clothing,Product 1512,LG,Seller 3,Delhi,Bangalore,1,9621.44,0.23,18328.83,-8707.39,Cash on Delivery,Delivered,3,Not Returned
FLK11513,2023-06-11,Customer 1513,Electronics,Product 1513,Apple,Seller 7,Delhi,Chennai,1,14527.47,0.3,4183.9,10343.57,Debit Card,Delivered,3,Not Returned
FLK11514,2023-01-31,Customer 1514,Books,Product 1514,Sony,Seller 9,Delhi,Chennai,3,26086.42,0.12,28517.5,-7293.24,UPI,Delivered,1,Not Returned
FLK11515,2023-07-03,Customer 1515,Clothing,Product 1515,Sony,Seller 1,Karnataka,New Delhi,1,36008.24,0.24,34093.83,1914.41,Cash on Delivery,Delivered,4,Pending
FLK11516,2023-01-28,Customer 1516,Beauty,Product 1516,Samsung,Seller 5,Maharashtra,New Delhi,2,21853.28,0.21,29246.3,-14786.04,Credit Card,Delivered,2,Not Returned
FLK11517,2023-03-28,Customer 1517,Home & Kitchen,Product 1517,Nike,Seller 9,Maharashtra,Mumbai,1,33722.91,0.21,9700.67,24022.24,Debit Card,Cancelled,2,Not Returned
FLK11518,2023-05-18,Customer 1518,Books,Product 1518,Apple,Seller 7,Karnataka,Mumbai,4,14737.51,0.15,29650.29,-59651.12,UPI,Cancelled,1,Not Returned
FLK11519,2023-04-10,Customer 1519,Beauty,Product 1519,Puma,Seller 8,Karnataka,Ahmedabad,3,36902.18,0.29,27384.93,28551.75,Credit Card,Delivered,5,Not Returned
FLK11520,2023-04-16,Customer 1520,Beauty,Product 1520,Puma,Seller 5,Maharashtra,New Delhi,1,10141.3,0.25,21749.55,-11608.25,UPI,Cancelled,5,Not Returned
FLK11521,2023-01-07,Customer 1521,Electronics,Product 1521,Apple,Seller 2,Gujarat,New Delhi,5,41333.56,0.08,28666.62,63334.7,UPI,Delivered,4,Not Returned
FLK11522,2023-04-28,Customer 1522,Home & Kitchen,Product 1522,Puma,Seller 9,Gujarat,Bangalore,2,44628.88,0.11,9581.01,70095.74,Debit Card,Delivered,5,Not Returned
FLK11523,2023-11-21,Customer 1523,Books,Product 1523,Samsung,Seller 2,Tamil Nadu,New Delhi,3,14806.21,0.27,33693.37,-56661.48,Debit Card,Shipped,2,Not Returned
FLK11524,2023-12-10,Customer 1524,Home & Kitchen,Product 1524,Nike,Seller 5,Tamil Nadu,Chennai,5,11056.71,0.17,14777.34,-18603.15,Credit Card,Delivered,4,Not Returned
FLK11525,2023-10-10,Customer 1525,Books,Product 1525,Apple,Seller 6,Maharashtra,Ahmedabad,1,27086.45,0.29,20711.03,6375.42,Debit Card,Cancelled,4,Not Returned
FLK11526,2023-10-18,Customer 1526,Electronics,Product 1526,Biba,Seller 10,Gujarat,Ahmedabad,4,44187.08,0.23,24107.7,80317.52,Debit Card,Shipped,2,Not Returned
FLK11527,2023-03-10,Customer 1527,Clothing,Product 1527,Apple,Seller 5,Tamil Nadu,Bangalore,2,12151.27,0.24,34452,-44601.46,Cash on Delivery,Delivered,1,Not Returned
FLK11528,2023-04-15,Customer 1528,Electronics,Product 1528,Puma,Seller 4,Gujarat,New Delhi,1,12294.43,0.17,4612.75,7681.68,Credit Card,Shipped,4,Not Returned
FLK11529,2023-07-20,Customer 1529,Beauty,Product 1529,Samsung,Seller 4,Maharashtra,Ahmedabad,5,46120.02,0.22,22463.43,118282.95,UPI,Delivered,1,Not Returned
FLK11530,2023-01-08,Customer 1530,Beauty,Product 1530,LG,Seller 3,Delhi,Chennai,1,26368.9,0.14,15476.3,10892.6,Credit Card,Shipped,3,Not Returned
FLK11531,2023-12-10,Customer 1531,Electronics,Product 1531,Sony,Seller 8,Tamil Nadu,Chennai,1,4835.95,0.1,15211.55,-10375.6,Credit Card,Delivered,5,Not Returned
FLK11532,2023-10-11,Customer 1532,Home & Kitchen,Product 1532,Nike,Seller 4,Delhi,Ahmedabad,3,3055.65,0.15,17117.94,-42186.87,UPI,Delivered,2,Not Returned
FLK11533,2023-10-29,Customer 1533,Home & Kitchen,Product 1533,Sony,Seller 2,Delhi,Chennai,1,38700.6,0.01,33407.85,5292.75,Cash on Delivery,Shipped,1,Not Returned
FLK11534,2023-05-23,Customer 1534,Home & Kitchen,Product 1534,Puma,Seller 10,Tamil Nadu,New Delhi,5,17006.69,0.27,2365.84,73204.25,Cash on Delivery,Shipped,4,Not Returned
FLK11535,2023-02-17,Customer 1535,Books,Product 1535,Apple,Seller 7,Karnataka,Mumbai,5,35550.5,0.21,35630.44,-399.7,UPI,Shipped,1,Not Returned
FLK11536,2023-06-15,Customer 1536,Books,Product 1536,Biba,Seller 10,Gujarat,Mumbai,4,23785.99,0.16,1145.25,90562.96,UPI,Delivered,4,Not Returned
FLK11537,2023-03-14,Customer 1537,Clothing,Product 1537,Samsung,Seller 10,Gujarat,Ahmedabad,2,19806.64,0.14,1160.29,37292.7,UPI,Delivered,4,Not Returned
FLK11538,2023-11-22,Customer 1538,Electronics,Product 1538,Apple,Seller 8,Gujarat,New Delhi,4,4297.46,0.02,32131.5,-111336.16,Cash on Delivery,Delivered,3,Not Returned
FLK11539,2023-08-21,Customer 1539,Clothing,Product 1539,Apple,Seller 10,Maharashtra,Bangalore,1,5001.18,0.14,28146.8,-23145.62,Debit Card,Delivered,5,Not Returned
FLK11540,2023-10-14,Customer 1540,Beauty,Product 1540,Biba,Seller 1,Karnataka,Chennai,3,1016.34,0.28,35847.29,-104492.85,Debit Card,Shipped,5,Not Returned
FLK11541,2023-07-04,Customer 1541,Home & Kitchen,Product 1541,Samsung,Seller 6,Delhi,New Delhi,3,15011.6,0.04,29972.26,-44881.98,Cash on Delivery,Delivered,4,Not Returned
FLK11542,2023-02-19,Customer 1542,Electronics,Product 1542,Puma,Seller 9,Maharashtra,Mumbai,1,35737.7,0.13,5972.36,29765.34,Debit Card,Delivered,1,Returned
FLK11543,2023-06-21,Customer 1543,Electronics,Product 1543,Samsung,Seller 2,Tamil Nadu,Chennai,5,44031.98,0.27,10950.38,165408,Debit Card,Delivered,1,Not Returned
FLK11544,2023-06-27,Customer 1544,Home & Kitchen,Product 1544,Nike,Seller 8,Delhi,Mumbai,3,25572.04,0.01,23286.73,6855.93,UPI,Cancelled,2,Not Returned
FLK11545,2023-12-30,Customer 1545,Electronics,Product 1545,Apple,Seller 1,Delhi,New Delhi,1,35313.17,0.11,11374.19,23938.98,Credit Card,Delivered,2,Not Returned
FLK11546,2023-08-29,Customer 1546,Beauty,Product 1546,Samsung,Seller 3,Gujarat,Ahmedabad,2,36147.79,0.24,752.42,70790.74,Credit Card,Delivered,4,Pending
FLK11547,2023-09-22,Customer 1547,Beauty,Product 1547,LG,Seller 5,Tamil Nadu,Bangalore,1,49535.15,0.03,37588.73,11946.42,Debit Card,Delivered,1,Not Returned
FLK11548,2023-10-15,Customer 1548,Books,Product 1548,Apple,Seller 2,Gujarat,Mumbai,5,30710.59,0.25,35398.36,-23438.85,Credit Card,Shipped,4,Not Returned
FLK11549,2023-08-07,Customer 1549,Books,Product 1549,Puma,Seller 1,Karnataka,Bangalore,5,43076.83,0.14,32838.1,51193.65,UPI,Delivered,1,Not Returned
FLK11550,2023-08-09,Customer 1550,Electronics,Product 1550,Nike,Seller 1,Delhi,New Delhi,2,35142.95,0.3,3960.63,62364.64,Debit Card,Delivered,2,Not Returned
FLK11551,2023-11-27,Customer 1551,Beauty,Product 1551,Sony,Seller 10,Gujarat,New Delhi,3,28005.02,0.07,34279.54,-18823.56,Debit Card,Delivered,2,Returned
FLK11552,2023-03-01,Customer 1552,Clothing,Product 1552,Sony,Seller 2,Gujarat,Ahmedabad,5,48735.47,0.07,12780.15,179776.6,Credit Card,Delivered,5,Not Returned
FLK11553,2023-01-19,Customer 1553,Home & Kitchen,Product 1553,Nike,Seller 1,Maharashtra,Mumbai,4,33341.71,0.13,27480.52,23444.76,Credit Card,Delivered,2,Returned
FLK11554,2023-07-04,Customer 1554,Clothing,Product 1554,Nike,Seller 9,Maharashtra,Mumbai,5,8164.66,0.16,16507.95,-41716.45,Debit Card,Shipped,3,Not Returned
FLK11555,2023-08-18,Customer 1555,Beauty,Product 1555,Samsung,Seller 9,Maharashtra,Mumbai,5,46453.77,0.16,22074.69,121895.4,UPI,Delivered,2,Pending
FLK11556,2023-11-19,Customer 1556,Home & Kitchen,Product 1556,Biba,Seller 3,Gujarat,Chennai,2,3336.02,0.25,37015.05,-67358.06,Credit Card,Delivered,3,Not Returned
FLK11557,2023-02-10,Customer 1557,Home & Kitchen,Product 1557,Biba,Seller 3,Maharashtra,Ahmedabad,1,41232.89,0.18,21826.1,19406.79,Debit Card,Cancelled,2,Not Returned
FLK11558,2023-11-19,Customer 1558,Home & Kitchen,Product 1558,Puma,Seller 1,Gujarat,Chennai,5,5627.62,0.03,4491.36,5681.3,Cash on Delivery,Delivered,5,Not Returned
FLK11559,2023-06-18,Customer 1559,Home & Kitchen,Product 1559,Puma,Seller 8,Tamil Nadu,Chennai,4,9430.07,0.19,16527.28,-28388.84,Debit Card,Shipped,2,Pending
FLK11560,2023-05-18,Customer 1560,Books,Product 1560,Puma,Seller 3,Delhi,Chennai,4,9680.23,0.27,31426.78,-86986.2,Debit Card,Cancelled,1,Not Returned
FLK11561,2023-08-02,Customer 1561,Books,Product 1561,Apple,Seller 6,Delhi,Mumbai,1,36066.98,0.06,35107.27,959.71,Debit Card,Delivered,5,Not Returned
FLK11562,2023-08-13,Customer 1562,Home & Kitchen,Product 1562,Apple,Seller 8,Delhi,New Delhi,4,42208.96,0.14,22215.58,79973.52,Debit Card,Delivered,4,Not Returned
FLK11563,2023-01-15,Customer 1563,Beauty,Product 1563,Puma,Seller 2,Delhi,Chennai,5,14867.11,0.21,9058.42,29043.45,Debit Card,Processing,1,Not Returned
FLK11564,2023-10-24,Customer 1564,Books,Product 1564,Apple,Seller 5,Karnataka,Bangalore,5,43867.22,0.13,20474.64,116962.9,Debit Card,Delivered,3,Not Returned
FLK11565,2023-02-18,Customer 1565,Beauty,Product 1565,Puma,Seller 6,Gujarat,Ahmedabad,5,47873,0.11,30444.71,87141.45,UPI,Cancelled,4,Not Returned
FLK11566,2023-01-24,Customer 1566,Home & Kitchen,Product 1566,Biba,Seller 2,Delhi,Chennai,2,24643.51,0.28,1066.74,47153.54,Credit Card,Delivered,3,Pending
FLK11567,2023-10-08,Customer 1567,Books,Product 1567,Apple,Seller 9,Tamil Nadu,New Delhi,3,2894.76,0.21,10057.62,-21488.58,Cash on Delivery,Delivered,4,Not Returned
FLK11568,2023-04-22,Customer 1568,Beauty,Product 1568,Samsung,Seller 5,Karnataka,Ahmedabad,4,49184.69,0.26,1360.27,191297.68,Cash on Delivery,Delivered,2,Not Returned
FLK11569,2023-03-22,Customer 1569,Home & Kitchen,Product 1569,Nike,Seller 1,Maharashtra,Bangalore,3,41419.05,0.03,8912.29,97520.28,Cash on Delivery,Delivered,1,Not Returned
FLK11570,2023-05-27,Customer 1570,Books,Product 1570,Biba,Seller 9,Karnataka,Bangalore,3,31561.18,0.2,23078.44,25448.22,UPI,Delivered,2,Not Returned
FLK11571,2023-02-18,Customer 1571,Books,Product 1571,Apple,Seller 1,Gujarat,Chennai,4,44557.8,0.25,2378.34,168717.84,UPI,Delivered,5,Not Returned
FLK11572,2023-07-31,Customer 1572,Electronics,Product 1572,Nike,Seller 4,Delhi,Bangalore,5,6458.58,0.12,18019.89,-57806.55,UPI,Delivered,1,Pending
FLK11573,2023-06-21,Customer 1573,Clothing,Product 1573,Nike,Seller 10,Gujarat,Ahmedabad,3,42832,0.26,4004.02,116483.94,Cash on Delivery,Delivered,3,Not Returned
FLK11574,2023-05-04,Customer 1574,Clothing,Product 1574,Puma,Seller 3,Delhi,Bangalore,3,18102.75,0.06,10616.08,22460.01,Cash on Delivery,Cancelled,4,Not Returned
FLK11575,2023-08-16,Customer 1575,Books,Product 1575,Apple,Seller 6,Maharashtra,Bangalore,4,27778.98,0.06,17523.41,41022.28,UPI,Delivered,5,Not Returned
FLK11576,2023-03-29,Customer 1576,Books,Product 1576,Nike,Seller 9,Delhi,Ahmedabad,3,24738.81,0.01,14950.8,29364.03,Credit Card,Delivered,5,Not Returned
FLK11577,2023-04-19,Customer 1577,Electronics,Product 1577,Nike,Seller 6,Gujarat,Ahmedabad,1,29636.08,0.1,30038,-401.92,Cash on Delivery,Delivered,4,Not Returned
FLK11578,2023-09-22,Customer 1578,Books,Product 1578,Puma,Seller 1,Karnataka,Bangalore,3,38331.9,0.21,34303.8,12084.3,Credit Card,Delivered,2,Returned
FLK11579,2023-09-18,Customer 1579,Electronics,Product 1579,Biba,Seller 3,Gujarat,Mumbai,2,44052.93,0.26,26408.88,35288.1,UPI,Delivered,4,Not Returned
FLK11580,2023-01-28,Customer 1580,Beauty,Product 1580,Samsung,Seller 4,Gujarat,Mumbai,3,31440.15,0.25,9546.4,65681.25,UPI,Delivered,1,Not Returned
FLK11581,2023-05-23,Customer 1581,Beauty,Product 1581,Puma,Seller 3,Gujarat,Chennai,1,48565.22,0.29,23259.06,25306.16,UPI,Delivered,4,Not Returned
FLK11582,2023-01-07,Customer 1582,Beauty,Product 1582,Apple,Seller 4,Delhi,Mumbai,5,34908.05,0.07,5713.94,145970.55,Cash on Delivery,Delivered,5,Not Returned
FLK11583,2023-02-22,Customer 1583,Beauty,Product 1583,Nike,Seller 4,Delhi,Bangalore,3,21256.27,0.27,16567.99,14064.84,Cash on Delivery,Delivered,4,Not Returned
FLK11584,2023-06-26,Customer 1584,Electronics,Product 1584,LG,Seller 8,Tamil Nadu,New Delhi,2,45085.61,0.04,21685.56,46800.1,UPI,Processing,4,Not Returned
FLK11585,2023-11-03,Customer 1585,Books,Product 1585,Biba,Seller 2,Tamil Nadu,Mumbai,2,30597.63,0.26,6812.13,47571,UPI,Delivered,5,Not Returned
FLK11586,2023-10-05,Customer 1586,Home & Kitchen,Product 1586,Apple,Seller 10,Tamil Nadu,New Delhi,1,28602.08,0.24,8538.93,20063.15,Credit Card,Delivered,1,Not Returned
FLK11587,2023-07-27,Customer 1587,Electronics,Product 1587,Nike,Seller 7,Tamil Nadu,New Delhi,5,43804.65,0.02,9752.09,170262.8,Cash on Delivery,Shipped,1,Not Returned
FLK11588,2023-07-21,Customer 1588,Home & Kitchen,Product 1588,Nike,Seller 1,Karnataka,Ahmedabad,2,38208.08,0.08,26356.59,23702.98,Cash on Delivery,Shipped,3,Not Returned
FLK11589,2023-06-06,Customer 1589,Electronics,Product 1589,Sony,Seller 4,Maharashtra,Ahmedabad,3,1148.55,0.2,15379,-42691.35,Cash on Delivery,Delivered,5,Not Returned
FLK11590,2023-08-11,Customer 1590,Books,Product 1590,Apple,Seller 5,Maharashtra,Mumbai,1,20912.8,0.05,33150.13,-12237.33,Debit Card,Shipped,4,Not Returned
FLK11591,2023-12-11,Customer 1591,Beauty,Product 1591,Apple,Seller 9,Gujarat,Chennai,3,24943.1,0.3,37933.82,-38972.16,Credit Card,Processing,5,Not Returned
FLK11592,2023-05-03,Customer 1592,Home & Kitchen,Product 1592,Sony,Seller 2,Gujarat,Ahmedabad,4,13679.69,0.07,13880.71,-804.08,UPI,Cancelled,4,Returned
FLK11593,2023-05-25,Customer 1593,Clothing,Product 1593,LG,Seller 6,Delhi,Mumbai,3,11776.11,0.09,8510.72,9796.17,Credit Card,Processing,2,Not Returned
FLK11594,2023-07-07,Customer 1594,Electronics,Product 1594,Biba,Seller 7,Delhi,Mumbai,5,13847,0.26,31168.3,-86606.5,Cash on Delivery,Shipped,4,Not Returned
FLK11595,2023-06-19,Customer 1595,Clothing,Product 1595,Biba,Seller 10,Karnataka,Mumbai,5,18435.24,0.08,15134.75,16502.45,Cash on Delivery,Shipped,2,Not Returned
FLK11596,2023-11-01,Customer 1596,Electronics,Product 1596,Biba,Seller 2,Tamil Nadu,Bangalore,5,6941.14,0.06,11784.89,-24218.75,Credit Card,Delivered,5,Not Returned
FLK11597,2023-11-13,Customer 1597,Home & Kitchen,Product 1597,Samsung,Seller 2,Karnataka,Bangalore,4,29999.7,0.1,37523.99,-30097.16,Cash on Delivery,Delivered,5,Not Returned
FLK11598,2023-05-03,Customer 1598,Books,Product 1598,Biba,Seller 5,Maharashtra,Bangalore,2,35965.32,0.3,11003.92,49922.8,Cash on Delivery,Delivered,5,Not Returned
FLK11599,2023-12-08,Customer 1599,Home & Kitchen,Product 1599,Puma,Seller 9,Gujarat,Bangalore,2,44799.13,0.28,32671.43,24255.4,Debit Card,Processing,5,Not Returned
FLK11600,2023-01-29,Customer 1600,Clothing,Product 1600,Samsung,Seller 7,Maharashtra,New Delhi,2,47932.24,0.21,1264.33,93335.82,Credit Card,Delivered,3,Not Returned
FLK11601,2023-03-27,Customer 1601,Beauty,Product 1601,Apple,Seller 2,Karnataka,Ahmedabad,3,45726.92,0.17,13074.4,97957.56,UPI,Delivered,5,Not Returned
FLK11602,2023-04-01,Customer 1602,Clothing,Product 1602,Samsung,Seller 8,Karnataka,Mumbai,5,32678.6,0.21,2465.44,151065.8,Cash on Delivery,Delivered,5,Not Returned
FLK11603,2023-12-13,Customer 1603,Books,Product 1603,Puma,Seller 9,Tamil Nadu,Mumbai,5,41021.88,0.07,18044.98,114884.5,Cash on Delivery,Delivered,3,Not Returned
FLK11604,2023-07-28,Customer 1604,Beauty,Product 1604,LG,Seller 8,Delhi,Chennai,2,3771.8,0.25,36935.93,-66328.26,Debit Card,Cancelled,5,Pending
FLK11605,2023-02-02,Customer 1605,Books,Product 1605,Nike,Seller 6,Gujarat,Chennai,1,45954.06,0.15,27394.62,18559.44,UPI,Delivered,2,Not Returned
FLK11606,2023-04-10,Customer 1606,Books,Product 1606,Biba,Seller 1,Gujarat,Mumbai,2,28905.38,0.24,30809.49,-3808.22,UPI,Processing,3,Not Returned
FLK11607,2023-02-14,Customer 1607,Clothing,Product 1607,LG,Seller 1,Maharashtra,Chennai,1,31300.77,0.11,6617.57,24683.2,Cash on Delivery,Delivered,4,Not Returned
FLK11608,2023-04-06,Customer 1608,Electronics,Product 1608,Puma,Seller 8,Maharashtra,Mumbai,1,19075.53,0.19,33091.06,-14015.53,UPI,Cancelled,1,Not Returned
FLK11609,2023-12-21,Customer 1609,Clothing,Product 1609,LG,Seller 10,Maharashtra,Ahmedabad,3,9290.52,0.09,34098.64,-74424.36,UPI,Processing,2,Not Returned
FLK11610,2023-08-07,Customer 1610,Books,Product 1610,Samsung,Seller 6,Delhi,New Delhi,2,45297.04,0.17,18611.57,53370.94,UPI,Delivered,3,Returned
FLK11611,2023-09-16,Customer 1611,Beauty,Product 1611,Sony,Seller 4,Tamil Nadu,Chennai,1,24864.5,0.06,4477.97,20386.53,UPI,Cancelled,4,Not Returned
FLK11612,2023-04-04,Customer 1612,Books,Product 1612,Sony,Seller 8,Tamil Nadu,Mumbai,3,13414.51,0.13,8431.95,14947.68,Cash on Delivery,Processing,1,Not Returned
FLK11613,2023-04-21,Customer 1613,Beauty,Product 1613,LG,Seller 3,Gujarat,Chennai,3,37781.48,0.09,39773.28,-5975.4,Debit Card,Delivered,4,Not Returned
FLK11614,2023-03-20,Customer 1614,Beauty,Product 1614,LG,Seller 6,Tamil Nadu,Chennai,2,41056.12,0.19,39612.8,2886.64,UPI,Delivered,1,Not Returned
FLK11615,2023-11-22,Customer 1615,Clothing,Product 1615,Sony,Seller 4,Delhi,Chennai,3,14067.03,0.21,19896.22,-17487.57,Credit Card,Cancelled,1,Not Returned
FLK11616,2023-04-28,Customer 1616,Electronics,Product 1616,Nike,Seller 2,Gujarat,Mumbai,1,44367.8,0.03,31026.96,13340.84,UPI,Delivered,1,Not Returned
FLK11617,2023-12-06,Customer 1617,Clothing,Product 1617,LG,Seller 10,Tamil Nadu,Mumbai,2,16143.41,0.09,19281.36,-6275.9,Debit Card,Delivered,4,Not Returned
FLK11618,2023-11-17,Customer 1618,Books,Product 1618,Nike,Seller 2,Tamil Nadu,Mumbai,1,28540.06,0.28,14013.86,14526.2,Cash on Delivery,Delivered,4,Not Returned
FLK11619,2023-10-23,Customer 1619,Clothing,Product 1619,Samsung,Seller 4,Gujarat,Mumbai,3,25122.8,0.24,2921.25,66604.65,Credit Card,Processing,1,Not Returned
FLK11620,2023-03-23,Customer 1620,Books,Product 1620,Apple,Seller 10,Tamil Nadu,Chennai,1,33226.02,0.05,3436.25,29789.77,UPI,Delivered,4,Not Returned
FLK11621,2023-11-14,Customer 1621,Clothing,Product 1621,Biba,Seller 9,Gujarat,New Delhi,2,28548.33,0.16,9034.33,39028,UPI,Delivered,5,Not Returned
FLK11622,2023-11-05,Customer 1622,Beauty,Product 1622,LG,Seller 8,Tamil Nadu,Chennai,3,17385.45,0.18,21416.09,-12091.92,Cash on Delivery,Delivered,3,Not Returned
FLK11623,2023-11-23,Customer 1623,Beauty,Product 1623,Puma,Seller 10,Karnataka,Bangalore,1,5233.01,0.23,13486.6,-8253.59,UPI,Delivered,3,Not Returned
FLK11624,2023-10-24,Customer 1624,Home & Kitchen,Product 1624,LG,Seller 4,Delhi,Bangalore,1,6674.85,0.03,33677.82,-27002.97,Debit Card,Delivered,2,Returned
FLK11625,2023-10-16,Customer 1625,Clothing,Product 1625,Sony,Seller 5,Tamil Nadu,Chennai,4,787.77,0.13,22629.27,-87366,Cash on Delivery,Delivered,3,Not Returned
FLK11626,2023-09-12,Customer 1626,Clothing,Product 1626,Nike,Seller 10,Tamil Nadu,Ahmedabad,3,15931.16,0.28,17064.82,-3400.98,UPI,Delivered,2,Not Returned
FLK11627,2023-01-18,Customer 1627,Home & Kitchen,Product 1627,Sony,Seller 6,Delhi,Chennai,2,18067.4,0.21,19049.93,-1965.06,Credit Card,Delivered,3,Not Returned
FLK11628,2023-08-07,Customer 1628,Electronics,Product 1628,LG,Seller 8,Tamil Nadu,Chennai,1,31917.44,0.2,5955.94,25961.5,Cash on Delivery,Delivered,2,Not Returned
FLK11629,2023-10-31,Customer 1629,Clothing,Product 1629,Puma,Seller 1,Maharashtra,Mumbai,2,8662.11,0.06,16818.44,-16312.66,UPI,Delivered,2,Not Returned
FLK11630,2023-06-10,Customer 1630,Electronics,Product 1630,Nike,Seller 9,Gujarat,Ahmedabad,5,38226.93,0.19,14267.95,119794.9,Debit Card,Delivered,3,Not Returned
FLK11631,2023-06-19,Customer 1631,Home & Kitchen,Product 1631,Sony,Seller 5,Maharashtra,Mumbai,4,39313.07,0.24,12563.74,106997.32,Credit Card,Delivered,5,Not Returned
FLK11632,2023-11-08,Customer 1632,Beauty,Product 1632,Sony,Seller 5,Karnataka,Ahmedabad,3,11849.88,0.27,35050.85,-69602.91,Debit Card,Delivered,4,Not Returned
FLK11633,2023-12-25,Customer 1633,Electronics,Product 1633,LG,Seller 3,Maharashtra,Chennai,3,25312.05,0.05,28988.82,-11030.31,UPI,Shipped,4,Not Returned
FLK11634,2023-09-25,Customer 1634,Electronics,Product 1634,Sony,Seller 5,Delhi,Bangalore,1,48241.06,0.3,30455.87,17785.19,Cash on Delivery,Delivered,4,Not Returned
FLK11635,2023-09-03,Customer 1635,Books,Product 1635,Biba,Seller 6,Karnataka,Ahmedabad,2,14828.79,0.22,16789.84,-3922.1,Debit Card,Delivered,4,Not Returned
FLK11636,2023-03-06,Customer 1636,Books,Product 1636,LG,Seller 1,Delhi,Mumbai,2,21988.52,0.1,37089.33,-30201.62,UPI,Delivered,2,Not Returned
FLK11637,2023-01-15,Customer 1637,Beauty,Product 1637,Puma,Seller 6,Delhi,Bangalore,4,10750.92,0.26,13663.71,-11651.16,Cash on Delivery,Cancelled,3,Not Returned
FLK11638,2023-04-08,Customer 1638,Home & Kitchen,Product 1638,Samsung,Seller 6,Tamil Nadu,Chennai,3,21861.16,0.24,36845.37,-44952.63,UPI,Shipped,2,Not Returned
FLK11639,2023-06-02,Customer 1639,Beauty,Product 1639,Nike,Seller 6,Tamil Nadu,New Delhi,2,4289.17,0.28,22215.01,-35851.68,Credit Card,Cancelled,2,Not Returned
FLK11640,2023-07-28,Customer 1640,Beauty,Product 1640,Puma,Seller 3,Delhi,Bangalore,1,23200.8,0.06,16545.16,6655.64,Credit Card,Delivered,2,Not Returned
FLK11641,2023-10-24,Customer 1641,Clothing,Product 1641,Samsung,Seller 7,Gujarat,Chennai,1,39603.11,0.3,26163.78,13439.33,UPI,Delivered,2,Not Returned
FLK11642,2023-01-26,Customer 1642,Beauty,Product 1642,Sony,Seller 2,Tamil Nadu,New Delhi,5,3892.91,0.09,39632.03,-178695.6,Debit Card,Delivered,2,Not Returned
FLK11643,2023-10-02,Customer 1643,Home & Kitchen,Product 1643,Apple,Seller 3,Maharashtra,Ahmedabad,3,14498.02,0.12,7679.51,20455.53,Debit Card,Delivered,4,Not Returned
FLK11644,2023-04-12,Customer 1644,Beauty,Product 1644,LG,Seller 9,Maharashtra,Ahmedabad,4,1187.02,0.01,13540.62,-49414.4,Credit Card,Delivered,5,Not Returned
FLK11645,2023-04-23,Customer 1645,Beauty,Product 1645,Nike,Seller 7,Tamil Nadu,New Delhi,1,34730.23,0.2,17378.95,17351.28,Cash on Delivery,Delivered,5,Not Returned
FLK11646,2023-08-07,Customer 1646,Beauty,Product 1646,Sony,Seller 8,Gujarat,Ahmedabad,2,40701.39,0.08,29989.55,21423.68,UPI,Delivered,2,Not Returned
FLK11647,2023-03-30,Customer 1647,Beauty,Product 1647,Puma,Seller 10,Gujarat,Mumbai,5,9109.82,0.02,11206.81,-10484.95,UPI,Delivered,3,Not Returned
FLK11648,2023-10-25,Customer 1648,Books,Product 1648,Apple,Seller 8,Maharashtra,Bangalore,4,7232.38,0.03,15236.27,-32015.56,Cash on Delivery,Processing,4,Pending
FLK11649,2023-05-13,Customer 1649,Electronics,Product 1649,Biba,Seller 2,Tamil Nadu,New Delhi,2,13521.55,0.04,31494.67,-35946.24,UPI,Shipped,1,Not Returned
FLK11650,2023-10-05,Customer 1650,Beauty,Product 1650,Samsung,Seller 8,Maharashtra,New Delhi,3,17403.11,0.26,3074.29,42986.46,UPI,Delivered,1,Returned
FLK11651,2023-12-19,Customer 1651,Home & Kitchen,Product 1651,Biba,Seller 7,Gujarat,Mumbai,4,45663.45,0.22,6352.4,157244.2,UPI,Delivered,4,Not Returned
FLK11652,2023-02-09,Customer 1652,Beauty,Product 1652,Apple,Seller 3,Delhi,Chennai,5,6585.18,0.14,20751.17,-70829.95,UPI,Delivered,5,Not Returned
FLK11653,2023-11-11,Customer 1653,Books,Product 1653,Puma,Seller 2,Tamil Nadu,Chennai,5,24537.35,0.21,31938.26,-37004.55,UPI,Delivered,2,Not Returned
FLK11654,2023-11-14,Customer 1654,Electronics,Product 1654,Nike,Seller 6,Maharashtra,Ahmedabad,2,44233.75,0.23,19983.36,48500.78,UPI,Delivered,5,Returned
FLK11655,2023-05-11,Customer 1655,Beauty,Product 1655,LG,Seller 9,Tamil Nadu,Bangalore,1,18446.24,0.09,6230.82,12215.42,Cash on Delivery,Delivered,4,Not Returned
FLK11656,2023-05-14,Customer 1656,Electronics,Product 1656,Puma,Seller 7,Maharashtra,Bangalore,4,803.34,0.17,8243.07,-29758.92,Debit Card,Delivered,3,Pending
FLK11657,2023-01-10,Customer 1657,Home & Kitchen,Product 1657,Samsung,Seller 9,Tamil Nadu,Ahmedabad,3,46036.27,0.01,18828.3,81623.91,UPI,Delivered,2,Not Returned
FLK11658,2023-09-17,Customer 1658,Home & Kitchen,Product 1658,Apple,Seller 10,Karnataka,Bangalore,4,22742.83,0.08,28164.45,-21686.48,UPI,Delivered,4,Not Returned
FLK11659,2023-11-03,Customer 1659,Home & Kitchen,Product 1659,Biba,Seller 4,Karnataka,Bangalore,3,25189.45,0.1,7259.54,53789.73,Debit Card,Delivered,1,Not Returned
FLK11660,2023-07-24,Customer 1660,Home & Kitchen,Product 1660,Samsung,Seller 2,Maharashtra,Ahmedabad,1,32857.03,0.18,37032.14,-4175.11,UPI,Delivered,1,Not Returned
FLK11661,2023-07-30,Customer 1661,Beauty,Product 1661,Apple,Seller 3,Gujarat,Mumbai,2,33383.59,0.18,9701.88,47363.42,UPI,Delivered,4,Not Returned
FLK11662,2023-07-29,Customer 1662,Beauty,Product 1662,Sony,Seller 10,Karnataka,Bangalore,1,19245.19,0.11,10748.81,8496.38,Credit Card,Delivered,4,Not Returned
FLK11663,2023-04-15,Customer 1663,Books,Product 1663,LG,Seller 9,Delhi,Chennai,2,26978.48,0.26,28258.12,-2559.28,UPI,Delivered,4,Not Returned
FLK11664,2023-03-19,Customer 1664,Books,Product 1664,Sony,Seller 3,Delhi,Mumbai,4,25845.33,0.27,4984.41,83443.68,Debit Card,Delivered,5,Not Returned
FLK11665,2023-10-02,Customer 1665,Clothing,Product 1665,Biba,Seller 5,Delhi,Chennai,4,6119.05,0.1,22432.99,-65255.76,Credit Card,Delivered,5,Not Returned
FLK11666,2023-12-11,Customer 1666,Books,Product 1666,Apple,Seller 7,Maharashtra,Ahmedabad,5,45698.23,0.15,25658.59,100198.2,Cash on Delivery,Delivered,2,Not Returned
FLK11667,2023-07-18,Customer 1667,Clothing,Product 1667,Nike,Seller 7,Karnataka,Chennai,3,36300.1,0.07,26454.01,29538.27,Credit Card,Delivered,4,Not Returned
FLK11668,2023-03-16,Customer 1668,Beauty,Product 1668,Apple,Seller 4,Maharashtra,Chennai,2,3870.94,0.09,24614.45,-41487.02,UPI,Processing,1,Not Returned
FLK11669,2023-09-19,Customer 1669,Electronics,Product 1669,Sony,Seller 2,Delhi,New Delhi,5,22660.24,0.25,16532.32,30639.6,Debit Card,Delivered,3,Not Returned
FLK11670,2023-09-21,Customer 1670,Beauty,Product 1670,Apple,Seller 9,Delhi,Chennai,1,21946.95,0.13,29561.12,-7614.17,UPI,Delivered,1,Not Returned
FLK11671,2023-04-11,Customer 1671,Beauty,Product 1671,Samsung,Seller 6,Maharashtra,Ahmedabad,2,43605.99,0.01,25404.01,36403.96,Debit Card,Processing,2,Not Returned
FLK11672,2023-05-01,Customer 1672,Electronics,Product 1672,Puma,Seller 1,Karnataka,Ahmedabad,4,46156.91,0.25,24780.04,85507.48,Credit Card,Delivered,3,Not Returned
FLK11673,2023-03-25,Customer 1673,Clothing,Product 1673,Sony,Seller 7,Maharashtra,Bangalore,1,28028.45,0.27,35245.18,-7216.73,Cash on Delivery,Delivered,5,Not Returned
FLK11674,2023-09-05,Customer 1674,Clothing,Product 1674,Puma,Seller 2,Gujarat,Mumbai,3,44112.11,0.29,36465.93,22938.54,Cash on Delivery,Delivered,3,Not Returned
FLK11675,2023-10-10,Customer 1675,Home & Kitchen,Product 1675,Sony,Seller 2,Delhi,Chennai,1,33333.66,0.24,8464.24,24869.42,UPI,Delivered,1,Not Returned
FLK11676,2023-09-18,Customer 1676,Beauty,Product 1676,Nike,Seller 3,Tamil Nadu,Ahmedabad,4,3838.37,0.15,28410.52,-98288.6,Credit Card,Delivered,5,Not Returned
FLK11677,2023-02-18,Customer 1677,Books,Product 1677,Biba,Seller 6,Gujarat,Bangalore,1,44877.39,0.17,4504.5,40372.89,Debit Card,Delivered,1,Not Returned
FLK11678,2023-11-07,Customer 1678,Clothing,Product 1678,Biba,Seller 2,Tamil Nadu,Ahmedabad,4,18034.98,0.18,23348.78,-21255.2,UPI,Delivered,2,Not Returned
FLK11679,2023-04-02,Customer 1679,Books,Product 1679,Puma,Seller 3,Tamil Nadu,New Delhi,2,47553.58,0.13,15675.7,63755.76,UPI,Delivered,2,Not Returned
FLK11680,2023-03-12,Customer 1680,Home & Kitchen,Product 1680,Biba,Seller 4,Karnataka,Ahmedabad,3,28504.6,0.29,14061.36,43329.72,UPI,Delivered,4,Not Returned
FLK11681,2023-01-05,Customer 1681,Clothing,Product 1681,Puma,Seller 5,Maharashtra,Ahmedabad,5,1833.16,0.09,19243.43,-87051.35,Cash on Delivery,Delivered,5,Not Returned
FLK11682,2023-08-13,Customer 1682,Electronics,Product 1682,Samsung,Seller 7,Tamil Nadu,Chennai,3,27902.5,0.18,12628.29,45822.63,Cash on Delivery,Delivered,2,Not Returned
FLK11683,2023-10-20,Customer 1683,Home & Kitchen,Product 1683,Biba,Seller 5,Delhi,Ahmedabad,1,30604.71,0.16,12442.46,18162.25,Cash on Delivery,Delivered,2,Not Returned
FLK11684,2023-11-19,Customer 1684,Home & Kitchen,Product 1684,LG,Seller 7,Gujarat,Ahmedabad,4,5975.75,0.12,31091.36,-100462.44,Credit Card,Delivered,2,Not Returned
FLK11685,2023-03-27,Customer 1685,Electronics,Product 1685,Sony,Seller 7,Delhi,Mumbai,5,6538.12,0.27,1788.52,23748,Cash on Delivery,Delivered,3,Not Returned
FLK11686,2023-05-29,Customer 1686,Electronics,Product 1686,Samsung,Seller 1,Delhi,Ahmedabad,1,26988.73,0.08,21009.61,5979.12,UPI,Delivered,5,Not Returned
FLK11687,2023-04-08,Customer 1687,Books,Product 1687,Nike,Seller 8,Karnataka,Ahmedabad,3,31124.94,0.22,10855.11,60809.49,Credit Card,Delivered,3,Not Returned
FLK11688,2023-01-08,Customer 1688,Beauty,Product 1688,Biba,Seller 6,Delhi,Chennai,1,2984.91,0.11,15907.97,-12923.06,Cash on Delivery,Delivered,5,Not Returned
FLK11689,2023-07-02,Customer 1689,Beauty,Product 1689,Apple,Seller 6,Tamil Nadu,Mumbai,1,13551.47,0.17,33021.09,-19469.62,Debit Card,Delivered,4,Not Returned
FLK11690,2023-09-03,Customer 1690,Books,Product 1690,Puma,Seller 2,Gujarat,New Delhi,1,43862.31,0.24,1781.87,42080.44,UPI,Delivered,5,Not Returned
FLK11691,2023-04-29,Customer 1691,Home & Kitchen,Product 1691,Nike,Seller 5,Karnataka,Bangalore,3,46807.09,0.12,11340.75,106399.02,Debit Card,Shipped,4,Pending
FLK11692,2023-07-11,Customer 1692,Beauty,Product 1692,Nike,Seller 1,Tamil Nadu,Bangalore,4,6920.16,0.1,14091.43,-28685.08,Cash on Delivery,Cancelled,1,Pending
FLK11693,2023-04-02,Customer 1693,Beauty,Product 1693,Sony,Seller 3,Delhi,Ahmedabad,1,12316.33,0.28,26021.84,-13705.51,Debit Card,Delivered,1,Not Returned
FLK11694,2023-09-03,Customer 1694,Clothing,Product 1694,Nike,Seller 9,Karnataka,Mumbai,2,11674.17,0.14,7268.43,8811.48,UPI,Delivered,2,Not Returned
FLK11695,2023-02-11,Customer 1695,Beauty,Product 1695,Nike,Seller 6,Karnataka,Bangalore,1,35184.98,0.26,23992.91,11192.07,Credit Card,Processing,3,Not Returned
FLK11696,2023-02-16,Customer 1696,Books,Product 1696,Puma,Seller 8,Maharashtra,Bangalore,3,23485.44,0.06,30933.84,-22345.2,UPI,Delivered,4,Not Returned
FLK11697,2023-06-14,Customer 1697,Electronics,Product 1697,Nike,Seller 3,Maharashtra,Ahmedabad,4,9094.29,0.25,6057.81,12145.92,Debit Card,Delivered,1,Not Returned
FLK11698,2023-09-08,Customer 1698,Home & Kitchen,Product 1698,Samsung,Seller 2,Tamil Nadu,Chennai,1,45731.17,0.16,25597.67,20133.5,Debit Card,Delivered,1,Not Returned
FLK11699,2023-06-07,Customer 1699,Home & Kitchen,Product 1699,Biba,Seller 4,Karnataka,Bangalore,2,7661.82,0.14,21357.34,-27391.04,Debit Card,Delivered,5,Not Returned
FLK11700,2023-07-02,Customer 1700,Electronics,Product 1700,Nike,Seller 10,Tamil Nadu,Bangalore,2,42350.44,0.18,1994.93,80711.02,UPI,Delivered,3,Not Returned
FLK11701,2023-03-05,Customer 1701,Electronics,Product 1701,LG,Seller 7,Delhi,Chennai,4,12499.74,0.2,36678.06,-96713.28,UPI,Delivered,1,Not Returned
FLK11702,2023-10-01,Customer 1702,Beauty,Product 1702,Sony,Seller 9,Delhi,Mumbai,4,24300.99,0.15,932.79,93472.8,Cash on Delivery,Delivered,4,Not Returned
FLK11703,2023-03-04,Customer 1703,Clothing,Product 1703,Puma,Seller 5,Tamil Nadu,Mumbai,5,11176.6,0.1,9459.39,8586.05,Credit Card,Delivered,4,Not Returned
FLK11704,2023-08-06,Customer 1704,Clothing,Product 1704,LG,Seller 5,Karnataka,New Delhi,3,36840.38,0.14,15456.53,64151.55,UPI,Delivered,3,Pending
FLK11705,2023-06-08,Customer 1705,Beauty,Product 1705,LG,Seller 7,Maharashtra,Ahmedabad,3,13349.77,0.12,31778.14,-55285.11,Debit Card,Shipped,2,Not Returned
FLK11706,2023-10-22,Customer 1706,Electronics,Product 1706,Sony,Seller 1,Delhi,Chennai,1,29981.66,0.11,9516.37,20465.29,Credit Card,Delivered,2,Pending
FLK11707,2023-12-29,Customer 1707,Home & Kitchen,Product 1707,LG,Seller 2,Delhi,Ahmedabad,3,33321.24,0.09,11861.16,64380.24,Debit Card,Delivered,4,Not Returned
FLK11708,2023-09-22,Customer 1708,Home & Kitchen,Product 1708,Samsung,Seller 10,Tamil Nadu,Ahmedabad,2,9113.22,0.27,15143.26,-12060.08,Cash on Delivery,Delivered,4,Not Returned
FLK11709,2023-09-24,Customer 1709,Beauty,Product 1709,Samsung,Seller 2,Gujarat,Chennai,1,4238.98,0.23,18754.97,-14515.99,Credit Card,Cancelled,2,Not Returned
FLK11710,2023-11-24,Customer 1710,Electronics,Product 1710,Sony,Seller 8,Delhi,New Delhi,1,16847.5,0.18,12323.67,4523.83,Debit Card,Shipped,5,Not Returned
FLK11711,2023-04-16,Customer 1711,Clothing,Product 1711,Biba,Seller 3,Gujarat,New Delhi,5,5877.19,0.06,9113.72,-16182.65,Credit Card,Delivered,3,Not Returned
FLK11712,2023-10-02,Customer 1712,Books,Product 1712,Sony,Seller 2,Gujarat,Bangalore,3,49149.8,0.25,3691.7,136374.3,Debit Card,Delivered,5,Not Returned
FLK11713,2023-11-13,Customer 1713,Electronics,Product 1713,Puma,Seller 3,Delhi,New Delhi,3,3037.45,0.1,22590.4,-58658.85,Cash on Delivery,Shipped,4,Not Returned
FLK11714,2023-07-11,Customer 1714,Books,Product 1714,Puma,Seller 6,Gujarat,Ahmedabad,4,37789.47,0.14,30013.52,31103.8,Debit Card,Delivered,4,Not Returned
FLK11715,2023-03-04,Customer 1715,Books,Product 1715,Samsung,Seller 4,Gujarat,Chennai,1,47808.24,0.16,34097.35,13710.89,Cash on Delivery,Delivered,4,Not Returned
FLK11716,2023-03-04,Customer 1716,Beauty,Product 1716,Puma,Seller 7,Delhi,Ahmedabad,1,26815.72,0.25,31925.02,-5109.3,Credit Card,Delivered,2,Not Returned
FLK11717,2023-06-03,Customer 1717,Beauty,Product 1717,Puma,Seller 8,Maharashtra,New Delhi,1,17588.4,0.21,31508.76,-13920.36,Cash on Delivery,Delivered,4,Not Returned
FLK11718,2023-08-14,Customer 1718,Books,Product 1718,LG,Seller 6,Gujarat,Ahmedabad,2,12779.7,0.11,31959.56,-38359.72,Credit Card,Delivered,4,Not Returned
FLK11719,2023-08-09,Customer 1719,Books,Product 1719,Nike,Seller 5,Tamil Nadu,Bangalore,1,17149.37,0.12,15325.7,1823.67,Cash on Delivery,Delivered,2,Not Returned
FLK11720,2023-03-01,Customer 1720,Books,Product 1720,Biba,Seller 5,Maharashtra,New Delhi,5,30859.22,0.2,33526.56,-13336.7,UPI,Delivered,2,Not Returned
FLK11721,2023-03-23,Customer 1721,Electronics,Product 1721,Samsung,Seller 7,Tamil Nadu,New Delhi,1,45626.83,0.1,21055.1,24571.73,Cash on Delivery,Processing,2,Not Returned
FLK11722,2023-12-16,Customer 1722,Clothing,Product 1722,Apple,Seller 1,Delhi,Ahmedabad,5,23412.39,0.29,25514.05,-10508.3,UPI,Delivered,5,Not Returned
FLK11723,2023-06-03,Customer 1723,Clothing,Product 1723,Sony,Seller 5,Delhi,Mumbai,5,2569.83,0.2,22062.91,-97465.4,UPI,Delivered,2,Not Returned
FLK11724,2023-09-07,Customer 1724,Clothing,Product 1724,LG,Seller 7,Maharashtra,Ahmedabad,5,13661.39,0.09,11196.38,12325.05,Credit Card,Delivered,4,Not Returned
FLK11725,2023-04-19,Customer 1725,Books,Product 1725,Samsung,Seller 7,Gujarat,Chennai,3,20480.4,0.21,34401.48,-41763.24,Credit Card,Delivered,1,Not Returned
FLK11726,2023-05-23,Customer 1726,Electronics,Product 1726,Samsung,Seller 8,Karnataka,Mumbai,4,17949.6,0.26,9880.37,32276.92,Debit Card,Delivered,5,Not Returned
FLK11727,2023-09-09,Customer 1727,Books,Product 1727,Biba,Seller 5,Maharashtra,Chennai,4,21594.66,0.17,22577.68,-3932.08,Credit Card,Processing,4,Not Returned
FLK11728,2023-05-19,Customer 1728,Books,Product 1728,LG,Seller 5,Maharashtra,Ahmedabad,3,26403.08,0.03,19960.78,19326.9,Cash on Delivery,Delivered,4,Returned
FLK11729,2023-04-24,Customer 1729,Beauty,Product 1729,LG,Seller 7,Karnataka,New Delhi,3,41466.1,0.04,28772.89,38079.63,Credit Card,Delivered,1,Returned
FLK11730,2023-04-09,Customer 1730,Electronics,Product 1730,Sony,Seller 7,Delhi,Bangalore,3,20174.21,0.11,31528.68,-34063.41,Credit Card,Shipped,1,Not Returned
FLK11731,2023-04-30,Customer 1731,Books,Product 1731,Samsung,Seller 1,Karnataka,New Delhi,3,1088.96,0.23,3160.65,-6215.07,Credit Card,Delivered,3,Not Returned
FLK11732,2023-12-27,Customer 1732,Home & Kitchen,Product 1732,Apple,Seller 10,Maharashtra,Bangalore,2,49738.73,0.08,22219.27,55038.92,Credit Card,Delivered,3,Not Returned
FLK11733,2023-02-20,Customer 1733,Beauty,Product 1733,LG,Seller 5,Gujarat,New Delhi,1,36593.28,0.17,6493.62,30099.66,Cash on Delivery,Shipped,5,Not Returned
FLK11734,2023-04-15,Customer 1734,Beauty,Product 1734,LG,Seller 6,Delhi,New Delhi,5,39700.42,0.06,1103.73,192983.45,UPI,Delivered,1,Not Returned
FLK11735,2023-11-15,Customer 1735,Books,Product 1735,Apple,Seller 4,Karnataka,New Delhi,3,5602.42,0.12,2530.38,9216.12,Credit Card,Delivered,3,Not Returned
FLK11736,2023-03-28,Customer 1736,Books,Product 1736,LG,Seller 1,Delhi,Ahmedabad,2,39649.91,0.12,32121.15,15057.52,UPI,Delivered,2,Not Returned
FLK11737,2023-10-06,Customer 1737,Electronics,Product 1737,Apple,Seller 1,Karnataka,New Delhi,3,16102.03,0.03,20020.38,-11755.05,UPI,Delivered,5,Returned
FLK11738,2023-01-14,Customer 1738,Clothing,Product 1738,LG,Seller 10,Tamil Nadu,Chennai,1,38975.54,0.2,7305.51,31670.03,Credit Card,Delivered,3,Not Returned
FLK11739,2023-01-22,Customer 1739,Electronics,Product 1739,Biba,Seller 2,Tamil Nadu,New Delhi,1,6620.77,0.24,10539.44,-3918.67,Debit Card,Processing,5,Returned
FLK11740,2023-02-26,Customer 1740,Electronics,Product 1740,LG,Seller 9,Delhi,New Delhi,5,23066.66,0.1,16564.23,32512.15,UPI,Cancelled,4,Not Returned
FLK11741,2023-03-09,Customer 1741,Beauty,Product 1741,Nike,Seller 3,Delhi,New Delhi,1,17542.74,0.07,23669.64,-6126.9,Credit Card,Delivered,4,Returned
FLK11742,2023-01-09,Customer 1742,Electronics,Product 1742,Nike,Seller 5,Tamil Nadu,New Delhi,5,19188.44,0.02,27079.35,-39454.55,Cash on Delivery,Delivered,2,Not Returned
FLK11743,2023-03-08,Customer 1743,Clothing,Product 1743,Biba,Seller 2,Tamil Nadu,Ahmedabad,5,36102.63,0.02,38732.4,-13148.85,UPI,Delivered,2,Not Returned
FLK11744,2023-10-27,Customer 1744,Electronics,Product 1744,Nike,Seller 2,Tamil Nadu,Chennai,1,5950.35,0.2,13126.85,-7176.5,Credit Card,Delivered,3,Not Returned
FLK11745,2023-12-26,Customer 1745,Home & Kitchen,Product 1745,Puma,Seller 10,Gujarat,New Delhi,2,28037.91,0.24,36279.1,-16482.38,Cash on Delivery,Delivered,3,Returned
FLK11746,2023-01-05,Customer 1746,Electronics,Product 1746,Samsung,Seller 5,Karnataka,New Delhi,2,25836,0.08,32840.02,-14008.04,Credit Card,Shipped,1,Not Returned
FLK11747,2023-05-30,Customer 1747,Electronics,Product 1747,Sony,Seller 10,Maharashtra,Chennai,3,2871.34,0.13,29540.54,-80007.6,UPI,Delivered,5,Not Returned
FLK11748,2023-04-12,Customer 1748,Home & Kitchen,Product 1748,LG,Seller 5,Gujarat,Mumbai,3,14011.19,0.28,2090.34,35762.55,UPI,Delivered,4,Not Returned
FLK11749,2023-06-13,Customer 1749,Home & Kitchen,Product 1749,Biba,Seller 3,Maharashtra,Chennai,1,49740.72,0.07,29142.33,20598.39,UPI,Cancelled,2,Not Returned
FLK11750,2023-04-17,Customer 1750,Beauty,Product 1750,Apple,Seller 1,Delhi,Chennai,3,19241.27,0.24,29807.98,-31700.13,Cash on Delivery,Delivered,4,Not Returned
FLK11751,2023-01-02,Customer 1751,Electronics,Product 1751,Samsung,Seller 10,Gujarat,Chennai,1,6579.54,0.24,1463.77,5115.77,Credit Card,Delivered,4,Not Returned
FLK11752,2023-05-01,Customer 1752,Beauty,Product 1752,Puma,Seller 8,Maharashtra,New Delhi,4,29313.43,0.16,30970.56,-6628.52,Cash on Delivery,Processing,4,Not Returned
FLK11753,2023-10-05,Customer 1753,Home & Kitchen,Product 1753,Nike,Seller 9,Delhi,Ahmedabad,3,49844.05,0.12,2151.61,143077.32,Credit Card,Shipped,5,Returned
FLK11754,2023-09-21,Customer 1754,Home & Kitchen,Product 1754,Puma,Seller 4,Maharashtra,New Delhi,1,5482.79,0.25,38040.85,-32558.06,Credit Card,Shipped,3,Not Returned
FLK11755,2023-02-17,Customer 1755,Electronics,Product 1755,Samsung,Seller 6,Karnataka,Mumbai,3,38019.6,0.29,12709.01,75931.77,Credit Card,Delivered,2,Not Returned
FLK11756,2023-01-07,Customer 1756,Books,Product 1756,Nike,Seller 4,Karnataka,Bangalore,2,20921.65,0.14,15305.57,11232.16,Debit Card,Delivered,5,Not Returned
FLK11757,2023-07-27,Customer 1757,Clothing,Product 1757,Biba,Seller 3,Delhi,Chennai,1,7504.75,0.27,28912.82,-21408.07,UPI,Delivered,3,Not Returned
FLK11758,2023-09-17,Customer 1758,Beauty,Product 1758,LG,Seller 4,Gujarat,New Delhi,3,38404.1,0.29,6425.51,95935.77,Cash on Delivery,Delivered,3,Not Returned
FLK11759,2023-02-05,Customer 1759,Clothing,Product 1759,Nike,Seller 6,Maharashtra,New Delhi,2,45559.55,0.19,8131.02,74857.06,Debit Card,Delivered,5,Not Returned
FLK11760,2023-08-21,Customer 1760,Books,Product 1760,Apple,Seller 5,Delhi,Bangalore,3,49476.44,0.17,6039.96,130309.44,Debit Card,Delivered,1,Not Returned
FLK11761,2023-02-05,Customer 1761,Beauty,Product 1761,Sony,Seller 6,Karnataka,Ahmedabad,1,33418.86,0.27,5054.01,28364.85,Credit Card,Delivered,4,Not Returned
FLK11762,2023-05-16,Customer 1762,Clothing,Product 1762,Biba,Seller 1,Delhi,Chennai,1,12630.24,0.05,3962.29,8667.95,Credit Card,Delivered,4,Not Returned
FLK11763,2023-03-07,Customer 1763,Electronics,Product 1763,Puma,Seller 7,Delhi,Mumbai,1,2171.58,0.27,37781.71,-35610.13,Debit Card,Delivered,4,Not Returned
FLK11764,2023-06-16,Customer 1764,Beauty,Product 1764,Sony,Seller 5,Karnataka,New Delhi,4,48403.48,0.1,7543.04,163441.76,UPI,Shipped,3,Not Returned
FLK11765,2023-11-21,Customer 1765,Home & Kitchen,Product 1765,Biba,Seller 1,Delhi,Ahmedabad,1,12350.03,0.12,28840.48,-16490.45,UPI,Shipped,2,Not Returned
FLK11766,2023-05-13,Customer 1766,Beauty,Product 1766,Nike,Seller 9,Tamil Nadu,Chennai,3,20858.61,0.06,37533.82,-50025.63,Credit Card,Processing,1,Not Returned
FLK11767,2023-04-04,Customer 1767,Clothing,Product 1767,Biba,Seller 1,Gujarat,New Delhi,5,35286.93,0.12,14362.4,104622.65,Cash on Delivery,Shipped,5,Not Returned
FLK11768,2023-02-09,Customer 1768,Electronics,Product 1768,Biba,Seller 7,Gujarat,New Delhi,3,42198.37,0.24,12095.66,90308.13,Cash on Delivery,Cancelled,4,Not Returned
FLK11769,2023-11-24,Customer 1769,Beauty,Product 1769,Nike,Seller 1,Delhi,New Delhi,5,6075.72,0.16,20243.22,-70837.5,Cash on Delivery,Shipped,5,Not Returned
FLK11770,2023-06-10,Customer 1770,Home & Kitchen,Product 1770,Sony,Seller 4,Karnataka,Chennai,2,21322.45,0.22,15437.02,11770.86,UPI,Shipped,1,Not Returned
FLK11771,2023-11-23,Customer 1771,Clothing,Product 1771,Sony,Seller 5,Gujarat,Mumbai,1,13341.19,0.24,1229.72,12111.47,Cash on Delivery,Delivered,2,Not Returned
FLK11772,2023-02-15,Customer 1772,Books,Product 1772,Apple,Seller 10,Tamil Nadu,Bangalore,3,4673.69,0.05,10350.32,-17029.89,Cash on Delivery,Delivered,2,Not Returned
FLK11773,2023-05-28,Customer 1773,Electronics,Product 1773,Sony,Seller 9,Maharashtra,Chennai,3,14345.59,0.24,21668.7,-21969.33,Cash on Delivery,Delivered,5,Not Returned
FLK11774,2023-02-20,Customer 1774,Books,Product 1774,Apple,Seller 3,Delhi,Bangalore,5,18954.76,0.07,30043,-55441.2,Credit Card,Processing,2,Not Returned
FLK11775,2023-03-02,Customer 1775,Clothing,Product 1775,Apple,Seller 5,Gujarat,Ahmedabad,3,41190.83,0.08,6149.63,105123.6,Cash on Delivery,Delivered,1,Not Returned
FLK11776,2023-12-24,Customer 1776,Beauty,Product 1776,Apple,Seller 10,Tamil Nadu,Ahmedabad,5,31323.52,0.27,2500.42,144115.5,Credit Card,Processing,1,Not Returned
FLK11777,2023-06-02,Customer 1777,Clothing,Product 1777,Sony,Seller 2,Maharashtra,Chennai,4,25109.58,0.04,32909.69,-31200.44,Cash on Delivery,Delivered,4,Not Returned
FLK11778,2023-07-18,Customer 1778,Beauty,Product 1778,Sony,Seller 6,Gujarat,Chennai,4,13419.41,0.18,11759.11,6641.2,Cash on Delivery,Cancelled,2,Not Returned
FLK11779,2023-01-05,Customer 1779,Books,Product 1779,Apple,Seller 4,Tamil Nadu,Mumbai,2,26766.13,0.21,1443.76,50644.74,UPI,Delivered,4,Not Returned
FLK11780,2023-09-25,Customer 1780,Books,Product 1780,Biba,Seller 3,Tamil Nadu,Ahmedabad,4,35850.11,0.15,37741.97,-7567.44,Credit Card,Delivered,4,Not Returned
FLK11781,2023-11-12,Customer 1781,Clothing,Product 1781,Sony,Seller 3,Maharashtra,Bangalore,4,43907.91,0.18,39407.72,18000.76,Debit Card,Delivered,5,Not Returned
FLK11782,2023-09-06,Customer 1782,Home & Kitchen,Product 1782,Sony,Seller 4,Delhi,New Delhi,5,28217.46,0.04,36068.18,-39253.6,UPI,Processing,4,Not Returned
FLK11783,2023-10-09,Customer 1783,Home & Kitchen,Product 1783,Sony,Seller 6,Tamil Nadu,Ahmedabad,1,9065.08,0.08,34698.95,-25633.87,UPI,Processing,1,Not Returned
FLK11784,2023-04-06,Customer 1784,Beauty,Product 1784,Sony,Seller 2,Tamil Nadu,Ahmedabad,1,49516.9,0.18,30580.54,18936.36,Debit Card,Cancelled,2,Not Returned
FLK11785,2023-01-11,Customer 1785,Clothing,Product 1785,Sony,Seller 8,Karnataka,Chennai,3,34623.92,0.08,33974.37,1948.65,Debit Card,Delivered,5,Returned
FLK11786,2023-02-15,Customer 1786,Home & Kitchen,Product 1786,Apple,Seller 2,Tamil Nadu,Mumbai,5,19805.7,0.01,37043.83,-86190.65,UPI,Delivered,1,Returned
FLK11787,2023-11-29,Customer 1787,Electronics,Product 1787,Sony,Seller 5,Maharashtra,Mumbai,5,35248.81,0.21,24939.67,51545.7,UPI,Delivered,2,Not Returned
FLK11788,2023-09-15,Customer 1788,Books,Product 1788,LG,Seller 1,Delhi,Mumbai,5,37005.88,0.18,32392.62,23066.3,Credit Card,Delivered,2,Not Returned
FLK11789,2023-07-08,Customer 1789,Books,Product 1789,Biba,Seller 8,Karnataka,Ahmedabad,5,35026.29,0.13,31790.77,16177.6,UPI,Delivered,5,Not Returned
FLK11790,2023-04-30,Customer 1790,Home & Kitchen,Product 1790,Samsung,Seller 2,Delhi,Chennai,2,41013.51,0.27,11414.64,59197.74,Cash on Delivery,Delivered,5,Not Returned
FLK11791,2023-09-16,Customer 1791,Electronics,Product 1791,Sony,Seller 7,Delhi,Mumbai,3,27831.96,0.1,30639.53,-8422.71,Credit Card,Delivered,5,Pending
FLK11792,2023-09-10,Customer 1792,Home & Kitchen,Product 1792,Sony,Seller 2,Maharashtra,Bangalore,3,38306.8,0.15,4426.27,101641.59,Debit Card,Delivered,2,Returned
FLK11793,2023-01-24,Customer 1793,Electronics,Product 1793,Biba,Seller 3,Maharashtra,New Delhi,1,15249.74,0.09,30382.3,-15132.56,Debit Card,Processing,3,Not Returned
FLK11794,2023-03-14,Customer 1794,Books,Product 1794,Nike,Seller 2,Tamil Nadu,Chennai,1,10728.04,0.25,18797.63,-8069.59,Debit Card,Delivered,2,Not Returned
FLK11795,2023-09-30,Customer 1795,Beauty,Product 1795,Biba,Seller 1,Maharashtra,Chennai,3,15802.77,0.08,1180.7,43866.21,UPI,Cancelled,2,Not Returned
FLK11796,2023-06-04,Customer 1796,Electronics,Product 1796,Sony,Seller 6,Tamil Nadu,Bangalore,2,8685.96,0.06,10762.62,-4153.32,Cash on Delivery,Delivered,3,Not Returned
FLK11797,2023-08-19,Customer 1797,Beauty,Product 1797,Samsung,Seller 9,Karnataka,Chennai,3,21780.93,0.05,18068.97,11135.88,Cash on Delivery,Delivered,1,Returned
FLK11798,2023-12-28,Customer 1798,Beauty,Product 1798,Nike,Seller 4,Gujarat,New Delhi,3,34699.31,0.11,5485.02,87642.87,Cash on Delivery,Delivered,5,Not Returned
FLK11799,2023-07-28,Customer 1799,Books,Product 1799,Sony,Seller 5,Gujarat,Ahmedabad,5,29772.64,0.08,2816.48,134780.8,Debit Card,Processing,5,Not Returned
FLK11800,2023-06-27,Customer 1800,Books,Product 1800,Puma,Seller 9,Gujarat,Bangalore,3,29104.11,0.23,38194.28,-27270.51,Debit Card,Delivered,3,Returned
FLK11801,2023-01-05,Customer 1801,Home & Kitchen,Product 1801,LG,Seller 6,Tamil Nadu,New Delhi,1,23995.04,0.18,18779.07,5215.97,Debit Card,Delivered,1,Not Returned
FLK11802,2023-10-28,Customer 1802,Books,Product 1802,LG,Seller 9,Karnataka,Bangalore,5,24150.59,0.26,30036.21,-29428.1,UPI,Delivered,2,Not Returned
FLK11803,2023-04-01,Customer 1803,Beauty,Product 1803,Puma,Seller 3,Tamil Nadu,Chennai,1,4413.54,0.14,15145.49,-10731.95,Cash on Delivery,Delivered,1,Not Returned
FLK11804,2023-08-05,Customer 1804,Beauty,Product 1804,Apple,Seller 5,Maharashtra,Ahmedabad,5,18997.93,0.09,33480.56,-72413.15,Cash on Delivery,Delivered,2,Not Returned
FLK11805,2023-02-23,Customer 1805,Clothing,Product 1805,Samsung,Seller 1,Maharashtra,Ahmedabad,5,9529.46,0.02,7640.53,9444.65,Cash on Delivery,Shipped,5,Not Returned
FLK11806,2023-01-08,Customer 1806,Books,Product 1806,Nike,Seller 3,Tamil Nadu,Mumbai,3,4532.45,0.13,1547.58,8954.61,Credit Card,Delivered,5,Not Returned
FLK11807,2023-04-21,Customer 1807,Books,Product 1807,Biba,Seller 4,Tamil Nadu,Chennai,5,34386.07,0.28,12007.3,111893.85,UPI,Delivered,3,Not Returned
FLK11808,2023-05-10,Customer 1808,Home & Kitchen,Product 1808,Biba,Seller 10,Maharashtra,Chennai,5,22368.3,0.17,31331.84,-44817.7,Cash on Delivery,Shipped,5,Not Returned
FLK11809,2023-04-24,Customer 1809,Electronics,Product 1809,Apple,Seller 7,Karnataka,Mumbai,1,43999.32,0.19,24654.33,19344.99,Debit Card,Delivered,4,Not Returned
FLK11810,2023-04-26,Customer 1810,Beauty,Product 1810,Biba,Seller 3,Tamil Nadu,Bangalore,3,5002.71,0.27,5189.74,-561.09,Cash on Delivery,Delivered,4,Not Returned
FLK11811,2023-10-16,Customer 1811,Clothing,Product 1811,Apple,Seller 3,Tamil Nadu,New Delhi,3,32452.41,0.25,18395.34,42171.21,UPI,Delivered,2,Returned
FLK11812,2023-10-29,Customer 1812,Clothing,Product 1812,Nike,Seller 10,Gujarat,Mumbai,1,36229.64,0.16,22034.14,14195.5,Debit Card,Cancelled,3,Not Returned
FLK11813,2023-07-06,Customer 1813,Clothing,Product 1813,Sony,Seller 1,Maharashtra,Chennai,3,33396.7,0.28,22778.04,31855.98,UPI,Delivered,1,Not Returned
FLK11814,2023-07-10,Customer 1814,Home & Kitchen,Product 1814,Sony,Seller 4,Gujarat,Chennai,2,27360.66,0.28,23554.34,7612.64,UPI,Cancelled,2,Not Returned
FLK11815,2023-04-16,Customer 1815,Beauty,Product 1815,Apple,Seller 3,Maharashtra,Mumbai,1,8291.4,0.12,26197.25,-17905.85,Debit Card,Delivered,5,Not Returned
FLK11816,2023-04-26,Customer 1816,Home & Kitchen,Product 1816,Nike,Seller 6,Delhi,Bangalore,5,29260.54,0.25,32355.12,-15472.9,Debit Card,Delivered,2,Not Returned
FLK11817,2023-05-06,Customer 1817,Beauty,Product 1817,LG,Seller 5,Maharashtra,New Delhi,5,29810.65,0.05,32485.3,-13373.25,Credit Card,Delivered,4,Not Returned
FLK11818,2023-11-27,Customer 1818,Beauty,Product 1818,Apple,Seller 3,Karnataka,Mumbai,1,43936.81,0.03,31235.71,12701.1,Cash on Delivery,Delivered,5,Not Returned
FLK11819,2023-03-10,Customer 1819,Books,Product 1819,Apple,Seller 3,Maharashtra,New Delhi,2,4425.46,0.14,23680.85,-38510.78,Debit Card,Delivered,5,Not Returned
FLK11820,2023-11-01,Customer 1820,Home & Kitchen,Product 1820,Puma,Seller 2,Gujarat,Bangalore,5,17521.94,0.3,4399.78,65610.8,UPI,Delivered,3,Not Returned
FLK11821,2023-02-21,Customer 1821,Clothing,Product 1821,Nike,Seller 4,Tamil Nadu,Bangalore,5,42722.03,0.09,13080.94,148205.45,Cash on Delivery,Delivered,1,Pending
FLK11822,2023-12-26,Customer 1822,Books,Product 1822,Samsung,Seller 7,Delhi,New Delhi,4,11955.66,0.01,23881.18,-47702.08,Debit Card,Delivered,1,Not Returned
FLK11823,2023-03-27,Customer 1823,Books,Product 1823,Apple,Seller 6,Maharashtra,Mumbai,2,16338.11,0.09,28864.74,-25053.26,UPI,Delivered,4,Not Returned
FLK11824,2023-12-08,Customer 1824,Books,Product 1824,Samsung,Seller 8,Tamil Nadu,Ahmedabad,3,7588.71,0.15,38856.31,-93802.8,Debit Card,Delivered,2,Not Returned
FLK11825,2023-02-17,Customer 1825,Electronics,Product 1825,Samsung,Seller 4,Karnataka,Mumbai,4,27237.22,0.04,7646.42,78363.2,Credit Card,Delivered,3,Not Returned
FLK11826,2023-08-09,Customer 1826,Clothing,Product 1826,Puma,Seller 7,Gujarat,Bangalore,5,43982.19,0.23,23716.78,101327.05,Cash on Delivery,Delivered,2,Not Returned
FLK11827,2023-01-30,Customer 1827,Beauty,Product 1827,Nike,Seller 8,Gujarat,Mumbai,5,14233.1,0.27,13672.56,2802.7,Debit Card,Processing,3,Not Returned
FLK11828,2023-10-05,Customer 1828,Beauty,Product 1828,Sony,Seller 6,Tamil Nadu,New Delhi,1,39459.02,0.02,20531.01,18928.01,Cash on Delivery,Delivered,4,Not Returned
FLK11829,2023-07-05,Customer 1829,Home & Kitchen,Product 1829,LG,Seller 6,Karnataka,Chennai,4,19972.45,0.17,7342.81,50518.56,Debit Card,Delivered,1,Not Returned
FLK11830,2023-12-06,Customer 1830,Clothing,Product 1830,LG,Seller 5,Tamil Nadu,Bangalore,3,9997.62,0.23,35197.89,-75600.81,Credit Card,Delivered,5,Not Returned
FLK11831,2023-05-06,Customer 1831,Home & Kitchen,Product 1831,Apple,Seller 5,Gujarat,Ahmedabad,1,1291.41,0.01,28171.32,-26879.91,Cash on Delivery,Delivered,5,Not Returned
FLK11832,2023-03-10,Customer 1832,Clothing,Product 1832,Biba,Seller 1,Karnataka,Mumbai,5,3313.55,0.18,17478.55,-70825,UPI,Delivered,5,Not Returned
FLK11833,2023-01-10,Customer 1833,Beauty,Product 1833,Samsung,Seller 2,Delhi,Chennai,3,12792.68,0.23,21743.54,-26852.58,UPI,Delivered,2,Not Returned
FLK11834,2023-02-14,Customer 1834,Electronics,Product 1834,LG,Seller 7,Delhi,Chennai,3,1773.87,0.16,18701.59,-50783.16,Credit Card,Delivered,2,Not Returned
FLK11835,2023-12-17,Customer 1835,Clothing,Product 1835,Sony,Seller 1,Tamil Nadu,New Delhi,5,19929.83,0.07,21231.37,-6507.7,Debit Card,Delivered,4,Not Returned
FLK11836,2023-03-30,Customer 1836,Beauty,Product 1836,Nike,Seller 7,Delhi,New Delhi,5,33098.44,0.26,27035.84,30313,UPI,Shipped,5,Not Returned
FLK11837,2023-02-28,Customer 1837,Books,Product 1837,Puma,Seller 10,Karnataka,Mumbai,4,48126.1,0.1,37474.42,42606.72,Credit Card,Delivered,2,Not Returned
FLK11838,2023-03-01,Customer 1838,Beauty,Product 1838,Biba,Seller 3,Tamil Nadu,New Delhi,4,19804.05,0.11,37959.42,-72621.48,Credit Card,Delivered,4,Not Returned
FLK11839,2023-11-06,Customer 1839,Home & Kitchen,Product 1839,LG,Seller 10,Delhi,Mumbai,5,40456.86,0.15,34314.34,30712.6,Credit Card,Delivered,3,Returned
FLK11840,2023-09-11,Customer 1840,Electronics,Product 1840,Samsung,Seller 10,Maharashtra,Bangalore,2,9705.34,0.27,11843.12,-4275.56,UPI,Delivered,2,Not Returned
FLK11841,2023-09-12,Customer 1841,Beauty,Product 1841,LG,Seller 5,Karnataka,New Delhi,4,39832.03,0.16,15842.83,95956.8,Debit Card,Delivered,5,Not Returned
FLK11842,2023-07-03,Customer 1842,Home & Kitchen,Product 1842,Sony,Seller 9,Karnataka,Bangalore,2,38109.76,0.13,22887.2,30445.12,Debit Card,Delivered,1,Not Returned
FLK11843,2023-12-28,Customer 1843,Home & Kitchen,Product 1843,Apple,Seller 1,Delhi,Ahmedabad,2,25329.52,0.11,35387.65,-20116.26,Cash on Delivery,Processing,2,Not Returned
FLK11844,2023-05-23,Customer 1844,Beauty,Product 1844,Nike,Seller 10,Gujarat,Chennai,5,2325.63,0.24,19313.29,-84938.3,Credit Card,Delivered,3,Not Returned
FLK11845,2023-11-28,Customer 1845,Clothing,Product 1845,Puma,Seller 2,Karnataka,Bangalore,3,47693.27,0.16,11401.66,108874.83,Cash on Delivery,Delivered,4,Not Returned
FLK11846,2023-08-20,Customer 1846,Home & Kitchen,Product 1846,Biba,Seller 5,Tamil Nadu,New Delhi,1,43796.11,0.23,16448.98,27347.13,Credit Card,Delivered,2,Not Returned
FLK11847,2023-09-23,Customer 1847,Home & Kitchen,Product 1847,Sony,Seller 9,Gujarat,Ahmedabad,1,3666.94,0.14,36916.36,-33249.42,UPI,Delivered,1,Not Returned
FLK11848,2023-06-07,Customer 1848,Home & Kitchen,Product 1848,Apple,Seller 8,Gujarat,New Delhi,1,48680.89,0.12,30166.78,18514.11,Cash on Delivery,Delivered,5,Not Returned
FLK11849,2023-05-07,Customer 1849,Clothing,Product 1849,Nike,Seller 7,Gujarat,Ahmedabad,2,2057.87,0.15,17860.98,-31606.22,UPI,Delivered,3,Not Returned
FLK11850,2023-03-03,Customer 1850,Electronics,Product 1850,LG,Seller 3,Maharashtra,New Delhi,3,42852.23,0.27,25819.54,51098.07,Credit Card,Delivered,5,Not Returned
FLK11851,2023-11-28,Customer 1851,Electronics,Product 1851,Biba,Seller 6,Maharashtra,Ahmedabad,4,33944.11,0.24,2389.98,126216.52,Cash on Delivery,Processing,4,Not Returned
FLK11852,2023-12-15,Customer 1852,Beauty,Product 1852,Puma,Seller 9,Gujarat,Ahmedabad,4,49226.98,0.02,33743.49,61933.96,Debit Card,Cancelled,5,Not Returned
FLK11853,2023-10-20,Customer 1853,Beauty,Product 1853,LG,Seller 2,Tamil Nadu,Chennai,2,42794.56,0.13,28092.39,29404.34,Credit Card,Delivered,3,Not Returned
FLK11854,2023-01-16,Customer 1854,Clothing,Product 1854,Biba,Seller 4,Maharashtra,Chennai,4,20484.68,0.06,37169.26,-66738.32,Credit Card,Delivered,5,Not Returned
FLK11855,2023-04-01,Customer 1855,Electronics,Product 1855,Sony,Seller 10,Delhi,Ahmedabad,5,46431.17,0.15,22652.47,118893.5,Cash on Delivery,Delivered,5,Not Returned
FLK11856,2023-04-30,Customer 1856,Clothing,Product 1856,Apple,Seller 8,Delhi,Ahmedabad,3,41518.08,0.19,7303.56,102643.56,Debit Card,Delivered,2,Not Returned
FLK11857,2023-10-02,Customer 1857,Beauty,Product 1857,Apple,Seller 4,Karnataka,Mumbai,4,32150.44,0.21,4996.29,108616.6,Debit Card,Processing,4,Not Returned
FLK11858,2023-01-14,Customer 1858,Clothing,Product 1858,Samsung,Seller 3,Delhi,Ahmedabad,2,27183.57,0.07,15022.48,24322.18,UPI,Shipped,2,Not Returned
FLK11859,2023-09-20,Customer 1859,Home & Kitchen,Product 1859,Puma,Seller 4,Delhi,Bangalore,4,34802.91,0.25,3517,125143.64,Credit Card,Delivered,3,Pending
FLK11860,2023-07-17,Customer 1860,Clothing,Product 1860,Puma,Seller 5,Maharashtra,Chennai,2,32418.92,0.18,30273.23,4291.38,Credit Card,Delivered,4,Not Returned
FLK11861,2023-10-25,Customer 1861,Beauty,Product 1861,Sony,Seller 9,Delhi,Mumbai,1,46872.9,0.23,5054.62,41818.28,Credit Card,Shipped,5,Not Returned
FLK11862,2023-06-02,Customer 1862,Books,Product 1862,Biba,Seller 1,Maharashtra,Chennai,3,27223.5,0.16,35883.94,-25981.32,Credit Card,Delivered,3,Not Returned
FLK11863,2023-11-04,Customer 1863,Clothing,Product 1863,Samsung,Seller 3,Karnataka,Mumbai,5,16753.33,0.28,26533.04,-48898.55,Credit Card,Delivered,3,Not Returned
FLK11864,2023-06-23,Customer 1864,Electronics,Product 1864,LG,Seller 8,Karnataka,Chennai,1,27243.91,0.13,23851.48,3392.43,Credit Card,Delivered,5,Not Returned
FLK11865,2023-02-26,Customer 1865,Beauty,Product 1865,Sony,Seller 8,Tamil Nadu,New Delhi,1,28109.95,0.16,33619.1,-5509.15,UPI,Delivered,3,Not Returned
FLK11866,2023-03-31,Customer 1866,Clothing,Product 1866,LG,Seller 5,Karnataka,Mumbai,1,40172.8,0.12,26157.32,14015.48,Debit Card,Delivered,3,Not Returned
FLK11867,2023-09-06,Customer 1867,Books,Product 1867,Apple,Seller 3,Delhi,Mumbai,5,46429.09,0.05,6937.4,197458.45,Debit Card,Delivered,4,Not Returned
FLK11868,2023-03-21,Customer 1868,Beauty,Product 1868,Biba,Seller 6,Maharashtra,Chennai,1,45398.94,0.18,16485.83,28913.11,Credit Card,Delivered,2,Not Returned
FLK11869,2023-01-01,Customer 1869,Beauty,Product 1869,Sony,Seller 5,Maharashtra,New Delhi,2,42205.86,0.27,12681.2,59049.32,Debit Card,Delivered,4,Not Returned
FLK11870,2023-09-14,Customer 1870,Books,Product 1870,Puma,Seller 9,Tamil Nadu,Mumbai,4,14402.27,0.01,10114.09,17152.72,Cash on Delivery,Cancelled,2,Not Returned
FLK11871,2023-09-19,Customer 1871,Electronics,Product 1871,LG,Seller 2,Karnataka,Ahmedabad,3,25209.34,0.16,11426.75,41347.77,Cash on Delivery,Delivered,5,Returned
FLK11872,2023-04-29,Customer 1872,Clothing,Product 1872,Apple,Seller 7,Tamil Nadu,New Delhi,3,31423.32,0.16,11712.25,59133.21,Credit Card,Delivered,4,Not Returned
FLK11873,2023-09-06,Customer 1873,Beauty,Product 1873,LG,Seller 1,Karnataka,Bangalore,3,19734.8,0.06,16708.44,9079.08,UPI,Delivered,3,Not Returned
FLK11874,2023-08-21,Customer 1874,Electronics,Product 1874,Samsung,Seller 7,Maharashtra,Bangalore,5,19243.82,0.3,36294.06,-85251.2,UPI,Delivered,4,Not Returned
FLK11875,2023-10-08,Customer 1875,Beauty,Product 1875,LG,Seller 6,Gujarat,New Delhi,5,20366.71,0.16,28484.01,-40586.5,Cash on Delivery,Delivered,2,Not Returned
FLK11876,2023-01-07,Customer 1876,Home & Kitchen,Product 1876,Apple,Seller 4,Karnataka,Ahmedabad,1,26429.59,0.26,10444.37,15985.22,UPI,Delivered,2,Not Returned
FLK11877,2023-04-08,Customer 1877,Electronics,Product 1877,Apple,Seller 3,Maharashtra,New Delhi,1,946.33,0.03,12254.53,-11308.2,Cash on Delivery,Shipped,1,Not Returned
FLK11878,2023-02-04,Customer 1878,Home & Kitchen,Product 1878,Puma,Seller 4,Delhi,Mumbai,4,28431.84,0.07,5202.95,92915.56,UPI,Delivered,4,Not Returned
FLK11879,2023-11-22,Customer 1879,Electronics,Product 1879,Biba,Seller 3,Delhi,Ahmedabad,3,22083.88,0.1,26959.74,-14627.58,Debit Card,Delivered,5,Returned
FLK11880,2023-03-11,Customer 1880,Home & Kitchen,Product 1880,Apple,Seller 6,Gujarat,Bangalore,1,9700.4,0.11,9683.63,16.77,Cash on Delivery,Shipped,3,Returned
FLK11881,2023-02-22,Customer 1881,Electronics,Product 1881,Nike,Seller 9,Gujarat,New Delhi,1,46784.99,0.28,33092.5,13692.49,Credit Card,Delivered,5,Not Returned
FLK11882,2023-03-09,Customer 1882,Books,Product 1882,Apple,Seller 8,Karnataka,Bangalore,3,865.74,0.19,16642.02,-47328.84,Cash on Delivery,Delivered,5,Not Returned
FLK11883,2023-11-30,Customer 1883,Home & Kitchen,Product 1883,Sony,Seller 1,Karnataka,Bangalore,4,15825.27,0.08,28511.77,-50746,Debit Card,Delivered,1,Not Returned
FLK11884,2023-12-05,Customer 1884,Electronics,Product 1884,Nike,Seller 7,Delhi,Chennai,1,24805.55,0.07,7222.64,17582.91,Cash on Delivery,Shipped,2,Not Returned
FLK11885,2023-02-14,Customer 1885,Electronics,Product 1885,Sony,Seller 3,Delhi,Bangalore,4,41658.92,0.23,23516.86,72568.24,Credit Card,Delivered,3,Not Returned
FLK11886,2023-08-24,Customer 1886,Books,Product 1886,LG,Seller 5,Maharashtra,Mumbai,5,15980.24,0.26,11826.6,20768.2,Credit Card,Processing,3,Not Returned
FLK11887,2023-10-01,Customer 1887,Clothing,Product 1887,Sony,Seller 3,Maharashtra,Mumbai,5,46063.59,0.27,27764.73,91494.3,Cash on Delivery,Delivered,1,Not Returned
FLK11888,2023-02-06,Customer 1888,Clothing,Product 1888,Puma,Seller 1,Gujarat,Mumbai,1,34868.66,0.29,7100.73,27767.93,Debit Card,Delivered,2,Not Returned
FLK11889,2023-05-11,Customer 1889,Books,Product 1889,Samsung,Seller 2,Gujarat,Mumbai,3,17640.57,0.17,3662.89,41933.04,Credit Card,Delivered,5,Not Returned
FLK11890,2023-11-14,Customer 1890,Clothing,Product 1890,Puma,Seller 6,Maharashtra,Ahmedabad,4,46005.66,0.02,19900.97,104418.76,Cash on Delivery,Delivered,2,Not Returned
FLK11891,2023-01-07,Customer 1891,Home & Kitchen,Product 1891,Nike,Seller 5,Delhi,Ahmedabad,2,1631.8,0.23,24318.38,-45373.16,UPI,Delivered,5,Not Returned
FLK11892,2023-04-18,Customer 1892,Electronics,Product 1892,Biba,Seller 7,Maharashtra,Chennai,2,18988,0.25,22370.49,-6764.98,Debit Card,Delivered,4,Not Returned
FLK11893,2023-08-16,Customer 1893,Electronics,Product 1893,Samsung,Seller 1,Maharashtra,New Delhi,2,30595.77,0.11,38738.36,-16285.18,Cash on Delivery,Delivered,3,Not Returned
FLK11894,2023-04-15,Customer 1894,Beauty,Product 1894,Nike,Seller 7,Maharashtra,Bangalore,1,10055.11,0.3,12352.47,-2297.36,Credit Card,Delivered,3,Not Returned
FLK11895,2023-08-10,Customer 1895,Clothing,Product 1895,Apple,Seller 9,Gujarat,Ahmedabad,3,48313.9,0.18,2167.18,138440.16,Credit Card,Delivered,4,Not Returned
FLK11896,2023-12-21,Customer 1896,Home & Kitchen,Product 1896,Sony,Seller 4,Delhi,Chennai,1,42780.38,0.05,15885.16,26895.22,Credit Card,Delivered,3,Not Returned
FLK11897,2023-10-15,Customer 1897,Books,Product 1897,Nike,Seller 3,Tamil Nadu,Bangalore,1,6589.07,0.18,16415.37,-9826.3,Debit Card,Shipped,5,Not Returned
FLK11898,2023-03-23,Customer 1898,Beauty,Product 1898,Apple,Seller 6,Maharashtra,Ahmedabad,5,34035.85,0.15,37996.83,-19804.9,Debit Card,Delivered,2,Not Returned
FLK11899,2023-01-30,Customer 1899,Electronics,Product 1899,Puma,Seller 3,Maharashtra,Chennai,3,3849.31,0.12,3441.64,1223.01,Debit Card,Delivered,4,Not Returned
FLK11900,2023-09-06,Customer 1900,Clothing,Product 1900,Biba,Seller 3,Tamil Nadu,Bangalore,2,35263.87,0.18,36851.32,-3174.9,Debit Card,Delivered,1,Not Returned
FLK11901,2023-02-07,Customer 1901,Electronics,Product 1901,Nike,Seller 1,Maharashtra,Mumbai,3,28014.4,0.14,9052.52,56885.64,Cash on Delivery,Delivered,1,Pending
FLK11902,2023-01-27,Customer 1902,Clothing,Product 1902,LG,Seller 1,Tamil Nadu,New Delhi,2,41457.99,0.12,5637.84,71640.3,Credit Card,Delivered,3,Not Returned
FLK11903,2023-11-16,Customer 1903,Electronics,Product 1903,Samsung,Seller 2,Delhi,Bangalore,3,29823.89,0.3,2862.42,80884.41,UPI,Delivered,1,Not Returned
FLK11904,2023-11-08,Customer 1904,Home & Kitchen,Product 1904,Nike,Seller 3,Maharashtra,New Delhi,4,28647.98,0.21,14975.43,54690.2,Credit Card,Delivered,5,Returned
FLK11905,2023-01-22,Customer 1905,Books,Product 1905,Samsung,Seller 9,Tamil Nadu,Chennai,1,48224.85,0.11,32598.65,15626.2,Cash on Delivery,Shipped,4,Not Returned
FLK11906,2023-05-20,Customer 1906,Electronics,Product 1906,LG,Seller 1,Karnataka,Mumbai,4,48010.52,0.09,11775.55,144939.88,Debit Card,Delivered,1,Not Returned
FLK11907,2023-11-19,Customer 1907,Electronics,Product 1907,Apple,Seller 9,Gujarat,New Delhi,2,17939.09,0.07,35414.35,-34950.52,Debit Card,Processing,3,Not Returned
FLK11908,2023-03-27,Customer 1908,Electronics,Product 1908,Sony,Seller 6,Maharashtra,Chennai,3,25043.75,0.1,16577.56,25398.57,Credit Card,Delivered,5,Not Returned
FLK11909,2023-08-04,Customer 1909,Beauty,Product 1909,Nike,Seller 9,Tamil Nadu,Chennai,3,15283.96,0.26,6621.06,25988.7,Cash on Delivery,Cancelled,3,Not Returned
FLK11910,2023-06-30,Customer 1910,Books,Product 1910,Nike,Seller 9,Karnataka,Chennai,1,47629.8,0.21,3222.28,44407.52,UPI,Delivered,4,Not Returned
FLK11911,2023-09-12,Customer 1911,Books,Product 1911,Nike,Seller 7,Delhi,Mumbai,3,28827.64,0.12,7603.55,63672.27,Debit Card,Delivered,2,Not Returned
FLK11912,2023-08-15,Customer 1912,Electronics,Product 1912,Nike,Seller 1,Tamil Nadu,Mumbai,4,18674.65,0.04,32477.62,-55211.88,Cash on Delivery,Delivered,2,Not Returned
FLK11913,2023-10-21,Customer 1913,Books,Product 1913,Sony,Seller 9,Gujarat,Ahmedabad,2,48097.92,0.28,33892.08,28411.68,Cash on Delivery,Delivered,3,Not Returned
FLK11914,2023-03-05,Customer 1914,Electronics,Product 1914,LG,Seller 4,Karnataka,Ahmedabad,3,31534.9,0.17,16128.65,46218.75,Credit Card,Delivered,3,Not Returned
FLK11915,2023-05-05,Customer 1915,Clothing,Product 1915,Sony,Seller 8,Delhi,Ahmedabad,2,42749.92,0.24,4497.04,76505.76,UPI,Delivered,4,Not Returned
FLK11916,2023-05-04,Customer 1916,Beauty,Product 1916,LG,Seller 3,Gujarat,New Delhi,1,34256.47,0.07,39818.64,-5562.17,Cash on Delivery,Delivered,1,Not Returned
FLK11917,2023-03-10,Customer 1917,Home & Kitchen,Product 1917,LG,Seller 3,Tamil Nadu,New Delhi,2,42942.82,0.2,10712.56,64460.52,Cash on Delivery,Delivered,2,Pending
FLK11918,2023-03-23,Customer 1918,Beauty,Product 1918,Puma,Seller 9,Karnataka,Bangalore,1,12433.56,0.06,23178.72,-10745.16,Debit Card,Delivered,1,Not Returned
FLK11919,2023-04-07,Customer 1919,Beauty,Product 1919,Sony,Seller 3,Gujarat,Mumbai,2,11162.4,0.1,26506.67,-30688.54,UPI,Cancelled,1,Not Returned
FLK11920,2023-06-19,Customer 1920,Home & Kitchen,Product 1920,Sony,Seller 2,Karnataka,Mumbai,4,6959.05,0.12,36536.25,-118308.8,Cash on Delivery,Delivered,4,Not Returned
FLK11921,2023-02-05,Customer 1921,Beauty,Product 1921,Samsung,Seller 4,Delhi,Chennai,1,41610.41,0.24,39283.32,2327.09,UPI,Delivered,2,Not Returned
FLK11922,2023-11-17,Customer 1922,Beauty,Product 1922,LG,Seller 8,Tamil Nadu,New Delhi,3,10736.77,0.03,35429.6,-74078.49,Credit Card,Shipped,3,Not Returned
FLK11923,2023-09-02,Customer 1923,Books,Product 1923,Sony,Seller 8,Delhi,Bangalore,3,3301,0.12,1912.58,4165.26,Debit Card,Delivered,3,Not Returned
FLK11924,2023-11-19,Customer 1924,Home & Kitchen,Product 1924,Apple,Seller 1,Tamil Nadu,Mumbai,4,7226.18,0.15,1281.27,23779.64,Cash on Delivery,Delivered,4,Not Returned
FLK11925,2023-08-08,Customer 1925,Clothing,Product 1925,Biba,Seller 3,Karnataka,Ahmedabad,5,42077.95,0.13,6842.8,176175.75,Credit Card,Delivered,3,Not Returned
FLK11926,2023-12-06,Customer 1926,Home & Kitchen,Product 1926,Puma,Seller 7,Karnataka,New Delhi,4,14615.58,0.14,12945.61,6679.88,Cash on Delivery,Delivered,2,Not Returned
FLK11927,2023-04-22,Customer 1927,Electronics,Product 1927,Puma,Seller 10,Tamil Nadu,Ahmedabad,5,35506.72,0.25,24080.42,57131.5,Credit Card,Delivered,5,Not Returned
FLK11928,2023-01-18,Customer 1928,Electronics,Product 1928,Puma,Seller 10,Karnataka,Mumbai,1,14584.7,0.21,26585.18,-12000.48,UPI,Cancelled,5,Not Returned
FLK11929,2023-04-21,Customer 1929,Beauty,Product 1929,LG,Seller 4,Gujarat,Mumbai,5,5711.09,0.04,28817.77,-115533.4,Credit Card,Delivered,5,Not Returned
FLK11930,2023-05-28,Customer 1930,Electronics,Product 1930,Nike,Seller 4,Karnataka,Chennai,1,4326.26,0.21,17739.28,-13413.02,UPI,Delivered,2,Not Returned
FLK11931,2023-09-29,Customer 1931,Home & Kitchen,Product 1931,Biba,Seller 5,Maharashtra,Bangalore,2,35853.73,0.23,27932.09,15843.28,Credit Card,Cancelled,5,Not Returned
FLK11932,2023-03-07,Customer 1932,Beauty,Product 1932,Biba,Seller 9,Gujarat,New Delhi,1,33011.49,0.29,11964.73,21046.76,Cash on Delivery,Delivered,3,Not Returned
FLK11933,2023-04-13,Customer 1933,Home & Kitchen,Product 1933,Samsung,Seller 6,Tamil Nadu,Mumbai,3,48840.46,0.18,38802.88,30112.74,Debit Card,Delivered,4,Not Returned
FLK11934,2023-08-08,Customer 1934,Clothing,Product 1934,Samsung,Seller 5,Gujarat,New Delhi,1,34043.23,0.08,699.34,33343.89,Cash on Delivery,Delivered,3,Not Returned
FLK11935,2023-10-06,Customer 1935,Books,Product 1935,Samsung,Seller 3,Tamil Nadu,Chennai,2,7232.66,0.04,13244.15,-12022.98,Debit Card,Delivered,4,Not Returned
FLK11936,2023-05-23,Customer 1936,Home & Kitchen,Product 1936,Biba,Seller 9,Tamil Nadu,Mumbai,2,37991.09,0.27,14401.06,47180.06,UPI,Delivered,3,Not Returned
FLK11937,2023-01-27,Customer 1937,Clothing,Product 1937,Samsung,Seller 8,Karnataka,Ahmedabad,4,21108.74,0.16,5776.55,61328.76,Credit Card,Delivered,3,Not Returned
FLK11938,2023-06-16,Customer 1938,Books,Product 1938,LG,Seller 3,Karnataka,Mumbai,2,38540.76,0.18,19130.55,38820.42,Debit Card,Delivered,5,Not Returned
FLK11939,2023-04-14,Customer 1939,Electronics,Product 1939,Biba,Seller 9,Tamil Nadu,Chennai,3,12192.04,0.1,19037.82,-20537.34,Credit Card,Delivered,3,Returned
FLK11940,2023-07-29,Customer 1940,Beauty,Product 1940,Apple,Seller 10,Karnataka,Mumbai,1,11149.78,0.2,2943.48,8206.3,Credit Card,Processing,2,Not Returned
FLK11941,2023-11-10,Customer 1941,Electronics,Product 1941,LG,Seller 1,Gujarat,Mumbai,4,11170.92,0.2,1030.07,40563.4,Cash on Delivery,Delivered,5,Not Returned
FLK11942,2023-09-06,Customer 1942,Electronics,Product 1942,Biba,Seller 3,Karnataka,Mumbai,5,28000.39,0.04,14814.58,65929.05,Debit Card,Delivered,2,Pending
FLK11943,2023-08-26,Customer 1943,Beauty,Product 1943,Nike,Seller 7,Tamil Nadu,Mumbai,5,48552.68,0.01,13213.34,176696.7,UPI,Delivered,4,Not Returned
FLK11944,2023-10-27,Customer 1944,Electronics,Product 1944,Apple,Seller 3,Tamil Nadu,Chennai,1,31033.43,0.09,26146.02,4887.41,Credit Card,Processing,5,Not Returned
FLK11945,2023-09-29,Customer 1945,Electronics,Product 1945,Sony,Seller 3,Karnataka,Ahmedabad,2,42061.95,0.02,8074.25,67975.4,Debit Card,Delivered,2,Not Returned
FLK11946,2023-08-14,Customer 1946,Clothing,Product 1946,Biba,Seller 5,Gujarat,New Delhi,3,30673.47,0.29,5024.77,76946.1,Debit Card,Delivered,5,Not Returned
FLK11947,2023-12-18,Customer 1947,Electronics,Product 1947,Puma,Seller 3,Maharashtra,Chennai,3,37792.93,0.05,24403.61,40167.96,Cash on Delivery,Delivered,5,Not Returned
FLK11948,2023-10-20,Customer 1948,Clothing,Product 1948,LG,Seller 4,Maharashtra,Bangalore,5,21817.87,0.22,14736.54,35406.65,Cash on Delivery,Delivered,4,Not Returned
FLK11949,2023-08-04,Customer 1949,Clothing,Product 1949,Nike,Seller 9,Maharashtra,Chennai,5,22509.9,0.21,15655.13,34273.85,UPI,Cancelled,2,Returned
FLK11950,2023-12-15,Customer 1950,Books,Product 1950,Nike,Seller 2,Gujarat,Chennai,3,25319.34,0.1,6322.84,56989.5,Cash on Delivery,Cancelled,5,Not Returned
FLK11951,2023-08-01,Customer 1951,Electronics,Product 1951,Samsung,Seller 10,Delhi,New Delhi,5,12299.38,0.14,6233.57,30329.05,Cash on Delivery,Delivered,4,Returned
FLK11952,2023-01-14,Customer 1952,Beauty,Product 1952,LG,Seller 4,Tamil Nadu,Ahmedabad,1,35524.5,0.24,39039.95,-3515.45,Debit Card,Cancelled,5,Not Returned
FLK11953,2023-11-18,Customer 1953,Clothing,Product 1953,Apple,Seller 9,Karnataka,New Delhi,5,29261.99,0.21,3330.43,129657.8,Cash on Delivery,Delivered,2,Not Returned
FLK11954,2023-09-26,Customer 1954,Books,Product 1954,Sony,Seller 9,Gujarat,Ahmedabad,4,42133.72,0.23,18755.29,93513.72,Credit Card,Delivered,1,Not Returned
FLK11955,2023-01-30,Customer 1955,Electronics,Product 1955,Samsung,Seller 5,Karnataka,Ahmedabad,5,38160.86,0.19,7147.52,155066.7,UPI,Delivered,4,Not Returned
FLK11956,2023-04-16,Customer 1956,Electronics,Product 1956,Apple,Seller 3,Delhi,New Delhi,2,8142.74,0.18,27349.01,-38412.54,UPI,Delivered,4,Not Returned
FLK11957,2023-01-15,Customer 1957,Home & Kitchen,Product 1957,Puma,Seller 2,Gujarat,Ahmedabad,1,46328.49,0.2,21793.77,24534.72,Cash on Delivery,Cancelled,5,Not Returned
FLK11958,2023-03-10,Customer 1958,Books,Product 1958,Puma,Seller 8,Delhi,New Delhi,2,38078.32,0.29,1994.97,72166.7,Credit Card,Delivered,4,Not Returned
FLK11959,2023-03-17,Customer 1959,Electronics,Product 1959,Samsung,Seller 3,Tamil Nadu,Ahmedabad,3,12073.5,0.09,28339.45,-48797.85,Cash on Delivery,Delivered,4,Not Returned
FLK11960,2023-01-24,Customer 1960,Beauty,Product 1960,Puma,Seller 6,Delhi,New Delhi,3,23334.51,0.19,34467.9,-33400.17,UPI,Shipped,2,Not Returned
FLK11961,2023-08-17,Customer 1961,Books,Product 1961,Sony,Seller 8,Tamil Nadu,Bangalore,4,38349.3,0.25,26442.06,47628.96,UPI,Delivered,2,Not Returned
FLK11962,2023-12-15,Customer 1962,Home & Kitchen,Product 1962,Biba,Seller 1,Karnataka,Bangalore,4,26505.24,0.19,27122.58,-2469.36,UPI,Delivered,4,Not Returned
FLK11963,2023-01-23,Customer 1963,Home & Kitchen,Product 1963,Nike,Seller 9,Gujarat,Bangalore,1,4479.29,0.03,35471.33,-30992.04,Credit Card,Delivered,4,Not Returned
FLK11964,2023-04-27,Customer 1964,Home & Kitchen,Product 1964,Sony,Seller 1,Maharashtra,New Delhi,3,22535.3,0.1,30054.81,-22558.53,Credit Card,Processing,4,Not Returned
FLK11965,2023-08-19,Customer 1965,Electronics,Product 1965,Biba,Seller 9,Delhi,Bangalore,2,48544.82,0.24,25237.03,46615.58,Debit Card,Delivered,2,Not Returned
FLK11966,2023-08-31,Customer 1966,Electronics,Product 1966,Sony,Seller 5,Delhi,Bangalore,5,21518.05,0.26,38067.85,-82749,Credit Card,Delivered,2,Not Returned
FLK11967,2023-06-13,Customer 1967,Clothing,Product 1967,LG,Seller 8,Gujarat,Bangalore,5,18168.77,0.28,14951.17,16088,UPI,Delivered,4,Not Returned
FLK11968,2023-08-13,Customer 1968,Beauty,Product 1968,Apple,Seller 9,Tamil Nadu,Ahmedabad,4,10963.95,0.02,22773.72,-47239.08,Credit Card,Delivered,2,Not Returned
FLK11969,2023-06-05,Customer 1969,Beauty,Product 1969,Sony,Seller 4,Maharashtra,Bangalore,2,19192.74,0.3,15218.51,7948.46,Debit Card,Delivered,2,Not Returned
FLK11970,2023-08-10,Customer 1970,Clothing,Product 1970,Apple,Seller 8,Maharashtra,Mumbai,2,19604.6,0.15,10567.85,18073.5,UPI,Delivered,2,Not Returned
FLK11971,2023-07-02,Customer 1971,Electronics,Product 1971,Nike,Seller 2,Tamil Nadu,Mumbai,4,46080.47,0.19,17257.75,115290.88,Cash on Delivery,Delivered,1,Not Returned
FLK11972,2023-03-26,Customer 1972,Books,Product 1972,Samsung,Seller 2,Tamil Nadu,Ahmedabad,3,32435.16,0.28,35608.07,-9518.73,Credit Card,Delivered,5,Not Returned
FLK11973,2023-12-08,Customer 1973,Clothing,Product 1973,Biba,Seller 1,Gujarat,Mumbai,5,10719.27,0.15,18243.17,-37619.5,Credit Card,Processing,1,Not Returned
FLK11974,2023-03-06,Customer 1974,Electronics,Product 1974,Biba,Seller 5,Maharashtra,Bangalore,4,2137.53,0.05,38381.11,-144974.32,Debit Card,Shipped,4,Not Returned
FLK11975,2023-11-27,Customer 1975,Electronics,Product 1975,Biba,Seller 3,Delhi,Ahmedabad,5,21142.69,0.14,5395.89,78734,Cash on Delivery,Shipped,3,Returned
FLK11976,2023-01-01,Customer 1976,Beauty,Product 1976,Nike,Seller 7,Maharashtra,Mumbai,1,47395.86,0.02,31761.11,15634.75,UPI,Delivered,4,Not Returned
FLK11977,2023-11-11,Customer 1977,Electronics,Product 1977,Samsung,Seller 1,Delhi,Bangalore,4,48467.54,0.17,35602.68,51459.44,Cash on Delivery,Delivered,4,Not Returned
FLK11978,2023-08-20,Customer 1978,Electronics,Product 1978,Apple,Seller 6,Maharashtra,Mumbai,2,20552.77,0.09,1611.63,37882.28,UPI,Delivered,5,Not Returned
FLK11979,2023-08-23,Customer 1979,Home & Kitchen,Product 1979,Sony,Seller 7,Karnataka,New Delhi,5,7611.05,0.24,32552.57,-124707.6,Credit Card,Delivered,2,Not Returned
FLK11980,2023-07-14,Customer 1980,Beauty,Product 1980,Apple,Seller 10,Gujarat,Mumbai,4,32303.3,0.27,25478.63,27298.68,Debit Card,Delivered,1,Not Returned
FLK11981,2023-12-17,Customer 1981,Clothing,Product 1981,Biba,Seller 5,Delhi,Mumbai,3,2022.31,0.28,38656.56,-109902.75,Debit Card,Delivered,1,Not Returned
FLK11982,2023-06-25,Customer 1982,Books,Product 1982,Puma,Seller 4,Karnataka,Mumbai,5,13294.04,0.17,19476.74,-30913.5,UPI,Delivered,3,Not Returned
FLK11983,2023-06-03,Customer 1983,Clothing,Product 1983,Sony,Seller 4,Maharashtra,Chennai,2,18469.85,0.12,29617.63,-22295.56,Credit Card,Delivered,3,Not Returned
FLK11984,2023-04-12,Customer 1984,Beauty,Product 1984,Nike,Seller 2,Delhi,Mumbai,4,29627.18,0.16,18904.28,42891.6,Debit Card,Delivered,1,Not Returned
FLK11985,2023-05-29,Customer 1985,Books,Product 1985,Samsung,Seller 6,Karnataka,Bangalore,3,32685.7,0.13,20763.76,35765.82,Credit Card,Delivered,5,Not Returned
FLK11986,2023-01-31,Customer 1986,Books,Product 1986,Puma,Seller 9,Tamil Nadu,Bangalore,1,10853.59,0.03,4176,6677.59,Credit Card,Delivered,3,Not Returned
FLK11987,2023-03-29,Customer 1987,Books,Product 1987,Sony,Seller 1,Tamil Nadu,Ahmedabad,1,23131.47,0.02,26960.77,-3829.3,Debit Card,Delivered,1,Not Returned
FLK11988,2023-01-28,Customer 1988,Clothing,Product 1988,Puma,Seller 9,Delhi,Bangalore,5,41101.07,0.2,10165.99,154675.4,Credit Card,Delivered,2,Not Returned
FLK11989,2023-04-11,Customer 1989,Books,Product 1989,Biba,Seller 1,Delhi,Bangalore,1,9816.71,0.16,34940.93,-25124.22,Debit Card,Cancelled,1,Not Returned
FLK11990,2023-03-12,Customer 1990,Beauty,Product 1990,Nike,Seller 2,Delhi,Mumbai,4,2070.57,0.13,1995.76,299.24,Debit Card,Delivered,2,Not Returned
FLK11991,2023-03-14,Customer 1991,Books,Product 1991,Apple,Seller 7,Tamil Nadu,Bangalore,1,37084.38,0.05,5890.26,31194.12,UPI,Delivered,1,Not Returned
FLK11992,2023-10-28,Customer 1992,Beauty,Product 1992,LG,Seller 3,Delhi,Mumbai,2,32901,0.04,26640.87,12520.26,Credit Card,Cancelled,1,Not Returned
FLK11993,2023-10-01,Customer 1993,Home & Kitchen,Product 1993,LG,Seller 4,Gujarat,Chennai,1,32249.1,0.12,20889.24,11359.86,Credit Card,Processing,1,Not Returned
FLK11994,2023-05-11,Customer 1994,Home & Kitchen,Product 1994,Sony,Seller 7,Karnataka,Mumbai,1,15674.27,0.16,12290.32,3383.95,Debit Card,Delivered,3,Not Returned
FLK11995,2023-05-16,Customer 1995,Electronics,Product 1995,Samsung,Seller 7,Tamil Nadu,Bangalore,2,37341.48,0.22,23497.76,27687.44,Debit Card,Delivered,4,Not Returned
FLK11996,2023-08-31,Customer 1996,Beauty,Product 1996,Nike,Seller 10,Gujarat,Mumbai,1,23907.01,0.08,16473.9,7433.11,Credit Card,Delivered,1,Not Returned
FLK11997,2023-07-26,Customer 1997,Home & Kitchen,Product 1997,Sony,Seller 6,Gujarat,Chennai,2,38255.41,0.12,6756.47,62997.88,UPI,Cancelled,3,Not Returned
FLK11998,2023-08-02,Customer 1998,Clothing,Product 1998,Nike,Seller 2,Karnataka,New Delhi,4,18876.37,0.08,33946.5,-60280.52,Debit Card,Delivered,5,Not Returned
FLK11999,2023-05-19,Customer 1999,Clothing,Product 1999,Biba,Seller 6,Maharashtra,Mumbai,1,29244.08,0.21,36972.63,-7728.55,UPI,Processing,5,Not Returned
FLK12000,2023-06-23,Customer 2000,Beauty,Product 2000,LG,Seller 5,Maharashtra,New Delhi,3,29825.12,0.1,13877.53,47842.77,Credit Card,Delivered,3,Not Returned
FLK12001,2023-08-03,Customer 2001,Beauty,Product 2001,Puma,Seller 9,Maharashtra,Mumbai,2,46907.46,0.09,22128.43,49558.06,Cash on Delivery,Delivered,4,Not Returned
FLK12002,2023-02-21,Customer 2002,Clothing,Product 2002,Puma,Seller 9,Maharashtra,Mumbai,3,29719.4,0.08,24484.03,15706.11,Credit Card,Delivered,2,Not Returned
FLK12003,2023-09-14,Customer 2003,Books,Product 2003,Apple,Seller 7,Gujarat,Bangalore,4,5070.38,0.08,20105.73,-60141.4,UPI,Delivered,2,Not Returned
FLK12004,2023-03-27,Customer 2004,Books,Product 2004,Apple,Seller 5,Gujarat,Ahmedabad,3,24401.9,0.17,28541.55,-12418.95,UPI,Delivered,2,Not Returned
FLK12005,2023-03-09,Customer 2005,Books,Product 2005,Nike,Seller 7,Maharashtra,Ahmedabad,4,39186.97,0.14,7788.45,125594.08,Debit Card,Cancelled,4,Returned
FLK12006,2023-11-21,Customer 2006,Beauty,Product 2006,Biba,Seller 5,Karnataka,New Delhi,1,40805.22,0.18,18646.76,22158.46,Debit Card,Delivered,3,Not Returned
FLK12007,2023-09-16,Customer 2007,Books,Product 2007,Puma,Seller 2,Maharashtra,New Delhi,4,19553.86,0.09,18652.86,3604,Cash on Delivery,Delivered,4,Not Returned
FLK12008,2023-10-09,Customer 2008,Beauty,Product 2008,LG,Seller 6,Maharashtra,Ahmedabad,1,5880.54,0.12,7232.47,-1351.93,Credit Card,Delivered,5,Not Returned
FLK12009,2023-11-05,Customer 2009,Home & Kitchen,Product 2009,Puma,Seller 10,Delhi,Chennai,1,12105.72,0.29,9027.44,3078.28,Cash on Delivery,Cancelled,4,Not Returned
FLK12010,2023-12-18,Customer 2010,Home & Kitchen,Product 2010,Samsung,Seller 2,Karnataka,Chennai,5,27521.83,0.21,4038.79,117415.2,Credit Card,Shipped,5,Not Returned
FLK12011,2023-04-21,Customer 2011,Books,Product 2011,Apple,Seller 5,Gujarat,Chennai,1,1241.17,0.09,26294.67,-25053.5,Credit Card,Processing,1,Not Returned
FLK12012,2023-03-24,Customer 2012,Books,Product 2012,LG,Seller 9,Gujarat,New Delhi,5,46202.33,0.13,21961.76,121202.85,Credit Card,Processing,1,Not Returned
FLK12013,2023-01-21,Customer 2013,Beauty,Product 2013,Nike,Seller 3,Delhi,Bangalore,2,44703.75,0.28,12446.17,64515.16,Debit Card,Cancelled,5,Not Returned
FLK12014,2023-04-12,Customer 2014,Books,Product 2014,Biba,Seller 1,Tamil Nadu,Ahmedabad,5,5452.69,0.25,37059.52,-158034.15,Credit Card,Delivered,3,Not Returned
FLK12015,2023-06-15,Customer 2015,Clothing,Product 2015,Apple,Seller 2,Tamil Nadu,Chennai,1,7371.32,0.21,23482.96,-16111.64,Debit Card,Shipped,5,Returned
FLK12016,2023-06-05,Customer 2016,Clothing,Product 2016,Puma,Seller 1,Maharashtra,Ahmedabad,3,32910.31,0.09,5243.16,83001.45,Cash on Delivery,Cancelled,2,Not Returned
FLK12017,2023-09-06,Customer 2017,Books,Product 2017,Sony,Seller 10,Maharashtra,New Delhi,3,25782.2,0.15,12139.41,40928.37,Cash on Delivery,Delivered,1,Not Returned
FLK12018,2023-02-10,Customer 2018,Books,Product 2018,Puma,Seller 8,Karnataka,Ahmedabad,5,33029.01,0.12,31329.38,8498.15,Debit Card,Delivered,4,Not Returned
FLK12019,2023-05-26,Customer 2019,Books,Product 2019,Apple,Seller 4,Delhi,Mumbai,1,3253.81,0.18,17597.88,-14344.07,UPI,Delivered,3,Not Returned
FLK12020,2023-06-26,Customer 2020,Home & Kitchen,Product 2020,LG,Seller 6,Maharashtra,New Delhi,4,44610.56,0.01,25450.74,76639.28,Debit Card,Delivered,5,Pending
FLK12021,2023-08-27,Customer 2021,Electronics,Product 2021,Samsung,Seller 10,Gujarat,Mumbai,3,45665.58,0.11,15909.91,89267.01,Debit Card,Delivered,5,Not Returned
FLK12022,2023-01-30,Customer 2022,Books,Product 2022,Nike,Seller 2,Gujarat,Mumbai,3,17815.18,0.2,16360.8,4363.14,Debit Card,Delivered,3,Not Returned
FLK12023,2023-04-05,Customer 2023,Clothing,Product 2023,Puma,Seller 2,Tamil Nadu,Bangalore,2,7274.93,0.2,16486.79,-18423.72,Credit Card,Delivered,5,Not Returned
FLK12024,2023-12-06,Customer 2024,Books,Product 2024,Apple,Seller 5,Karnataka,Chennai,5,979.47,0.25,20583.27,-98019,Cash on Delivery,Cancelled,2,Not Returned
FLK12025,2023-09-20,Customer 2025,Clothing,Product 2025,Sony,Seller 2,Delhi,Chennai,5,48885.82,0.13,21851.79,135170.15,Credit Card,Delivered,5,Not Returned
FLK12026,2023-02-21,Customer 2026,Clothing,Product 2026,LG,Seller 9,Maharashtra,Chennai,3,9005.36,0.16,4932.02,12220.02,Debit Card,Cancelled,4,Not Returned
FLK12027,2023-03-15,Customer 2027,Electronics,Product 2027,LG,Seller 3,Maharashtra,Ahmedabad,1,1376.19,0.09,13405.05,-12028.86,UPI,Delivered,2,Not Returned
FLK12028,2023-11-01,Customer 2028,Home & Kitchen,Product 2028,Apple,Seller 1,Karnataka,Chennai,1,37630.59,0.09,24362.93,13267.66,Credit Card,Delivered,5,Not Returned
FLK12029,2023-03-01,Customer 2029,Beauty,Product 2029,Nike,Seller 1,Karnataka,Bangalore,2,39028.4,0.14,6281.05,65494.7,UPI,Shipped,1,Pending
FLK12030,2023-05-29,Customer 2030,Books,Product 2030,Puma,Seller 6,Tamil Nadu,Ahmedabad,5,30139.7,0.14,10003.66,100680.2,UPI,Shipped,1,Not Returned
FLK12031,2023-06-03,Customer 2031,Books,Product 2031,Samsung,Seller 5,Karnataka,Bangalore,2,30850.38,0.26,5519.13,50662.5,Credit Card,Shipped,2,Not Returned
FLK12032,2023-07-29,Customer 2032,Clothing,Product 2032,Nike,Seller 3,Gujarat,Chennai,1,32240.12,0.21,36988.56,-4748.44,UPI,Delivered,2,Not Returned
FLK12033,2023-10-14,Customer 2033,Books,Product 2033,Puma,Seller 4,Tamil Nadu,Ahmedabad,3,6397.7,0.05,9282.09,-8653.17,Cash on Delivery,Delivered,5,Not Returned
FLK12034,2023-07-26,Customer 2034,Electronics,Product 2034,Samsung,Seller 1,Karnataka,Mumbai,3,47773.65,0.28,31399.81,49121.52,Debit Card,Delivered,1,Not Returned
FLK12035,2023-04-06,Customer 2035,Electronics,Product 2035,Puma,Seller 1,Tamil Nadu,Ahmedabad,5,28550.49,0.02,12276.02,81372.35,UPI,Delivered,5,Not Returned
FLK12036,2023-07-13,Customer 2036,Books,Product 2036,Puma,Seller 1,Tamil Nadu,Mumbai,3,12546.24,0.14,11305.73,3721.53,Cash on Delivery,Cancelled,1,Not Returned
FLK12037,2023-08-16,Customer 2037,Clothing,Product 2037,Apple,Seller 4,Tamil Nadu,Ahmedabad,1,29597.01,0.17,6060.57,23536.44,UPI,Delivered,3,Not Returned
FLK12038,2023-07-24,Customer 2038,Electronics,Product 2038,Samsung,Seller 3,Gujarat,New Delhi,2,15527.64,0.23,20176.3,-9297.32,UPI,Delivered,5,Not Returned
FLK12039,2023-05-25,Customer 2039,Beauty,Product 2039,LG,Seller 3,Karnataka,Bangalore,1,25890.61,0.23,11326.9,14563.71,Cash on Delivery,Delivered,2,Not Returned
FLK12040,2023-06-25,Customer 2040,Beauty,Product 2040,Sony,Seller 7,Gujarat,Chennai,2,17332.29,0.14,33822.55,-32980.52,Credit Card,Delivered,5,Not Returned
FLK12041,2023-07-13,Customer 2041,Books,Product 2041,LG,Seller 5,Maharashtra,Mumbai,3,12475.96,0.23,9270.48,9616.44,UPI,Delivered,2,Not Returned
FLK12042,2023-07-03,Customer 2042,Beauty,Product 2042,LG,Seller 2,Karnataka,Ahmedabad,5,7571.12,0.12,2366.35,26023.85,Credit Card,Shipped,1,Not Returned
FLK12043,2023-04-05,Customer 2043,Electronics,Product 2043,Samsung,Seller 2,Tamil Nadu,Bangalore,1,15242.61,0.06,6014.21,9228.4,UPI,Delivered,1,Not Returned
FLK12044,2023-04-01,Customer 2044,Books,Product 2044,Nike,Seller 4,Gujarat,Bangalore,5,19513.69,0.07,34317.87,-74020.9,Credit Card,Delivered,5,Not Returned
FLK12045,2023-01-17,Customer 2045,Beauty,Product 2045,Apple,Seller 4,Gujarat,Bangalore,3,15565.77,0.24,32858.08,-51876.93,Credit Card,Delivered,1,Not Returned
FLK12046,2023-10-27,Customer 2046,Books,Product 2046,Apple,Seller 10,Maharashtra,Bangalore,1,31131.85,0.15,19716.76,11415.09,Credit Card,Delivered,4,Not Returned
FLK12047,2023-10-25,Customer 2047,Home & Kitchen,Product 2047,Biba,Seller 2,Tamil Nadu,Bangalore,1,17453.88,0.22,27182.1,-9728.22,Cash on Delivery,Delivered,4,Not Returned
FLK12048,2023-11-04,Customer 2048,Home & Kitchen,Product 2048,Apple,Seller 8,Gujarat,Ahmedabad,5,7734.53,0.01,31780.31,-120228.9,Debit Card,Delivered,5,Not Returned
FLK12049,2023-04-30,Customer 2049,Books,Product 2049,Biba,Seller 8,Tamil Nadu,Ahmedabad,4,14720.66,0.12,17902.7,-12728.16,Debit Card,Cancelled,3,Not Returned
FLK12050,2023-03-02,Customer 2050,Electronics,Product 2050,Nike,Seller 6,Maharashtra,Ahmedabad,4,5857.5,0.03,18306.55,-49796.2,Cash on Delivery,Delivered,3,Not Returned
FLK12051,2023-01-30,Customer 2051,Home & Kitchen,Product 2051,LG,Seller 8,Tamil Nadu,Chennai,1,39224.12,0.06,3957.36,35266.76,Debit Card,Delivered,1,Not Returned
FLK12052,2023-11-16,Customer 2052,Books,Product 2052,LG,Seller 3,Maharashtra,Chennai,4,19923.41,0.19,27289.77,-29465.44,Cash on Delivery,Delivered,4,Not Returned
FLK12053,2023-08-07,Customer 2053,Beauty,Product 2053,Nike,Seller 4,Maharashtra,Bangalore,1,24614.12,0.17,23593.36,1020.76,Credit Card,Cancelled,2,Not Returned
FLK12054,2023-05-26,Customer 2054,Electronics,Product 2054,Nike,Seller 7,Maharashtra,New Delhi,1,14779.75,0.05,12808.25,1971.5,Credit Card,Delivered,5,Not Returned
FLK12055,2023-06-22,Customer 2055,Beauty,Product 2055,Samsung,Seller 9,Gujarat,Bangalore,5,35259.75,0.03,6185.96,145368.95,Cash on Delivery,Delivered,4,Not Returned
FLK12056,2023-07-14,Customer 2056,Clothing,Product 2056,Samsung,Seller 4,Maharashtra,New Delhi,4,27024.65,0.08,19861.31,28653.36,UPI,Processing,3,Not Returned
FLK12057,2023-02-06,Customer 2057,Home & Kitchen,Product 2057,LG,Seller 9,Maharashtra,Chennai,1,38987.86,0.2,1746.62,37241.24,Cash on Delivery,Processing,1,Not Returned
FLK12058,2023-05-30,Customer 2058,Beauty,Product 2058,Biba,Seller 8,Maharashtra,Mumbai,1,7826.55,0.06,11552.8,-3726.25,Debit Card,Delivered,5,Not Returned
FLK12059,2023-07-07,Customer 2059,Clothing,Product 2059,Nike,Seller 7,Gujarat,New Delhi,5,13508.18,0.14,12097.76,7052.1,Cash on Delivery,Delivered,2,Not Returned
FLK12060,2023-05-28,Customer 2060,Home & Kitchen,Product 2060,Sony,Seller 2,Delhi,Mumbai,2,7511.71,0.01,16808.61,-18593.8,UPI,Shipped,3,Not Returned
FLK12061,2023-06-20,Customer 2061,Books,Product 2061,LG,Seller 1,Tamil Nadu,Bangalore,4,43745.86,0.22,7606.71,144556.6,UPI,Processing,4,Not Returned
FLK12062,2023-10-27,Customer 2062,Beauty,Product 2062,Nike,Seller 5,Maharashtra,Chennai,1,6144.18,0.14,31334.23,-25190.05,Debit Card,Cancelled,2,Not Returned
FLK12063,2023-05-30,Customer 2063,Clothing,Product 2063,Biba,Seller 9,Delhi,Mumbai,5,48492.91,0.22,18789.6,148516.55,UPI,Delivered,5,Not Returned
FLK12064,2023-12-02,Customer 2064,Books,Product 2064,Biba,Seller 1,Maharashtra,Bangalore,4,26746.02,0.04,18362.55,33533.88,UPI,Processing,2,Not Returned
FLK12065,2023-03-21,Customer 2065,Books,Product 2065,Samsung,Seller 5,Karnataka,Chennai,4,20115.74,0.13,29259.97,-36576.92,Credit Card,Delivered,3,Not Returned
FLK12066,2023-03-13,Customer 2066,Electronics,Product 2066,Biba,Seller 4,Delhi,Chennai,1,7522.93,0.24,6514.28,1008.65,Credit Card,Cancelled,4,Not Returned
FLK12067,2023-09-15,Customer 2067,Home & Kitchen,Product 2067,LG,Seller 7,Karnataka,Ahmedabad,1,49494.16,0.07,33951.19,15542.97,Cash on Delivery,Delivered,5,Not Returned
FLK12068,2023-12-20,Customer 2068,Electronics,Product 2068,Samsung,Seller 7,Tamil Nadu,Chennai,4,19451.84,0.26,25730.73,-25115.56,Debit Card,Delivered,2,Not Returned
FLK12069,2023-11-03,Customer 2069,Beauty,Product 2069,Apple,Seller 9,Karnataka,New Delhi,2,35856.67,0.03,34658.06,2397.22,UPI,Delivered,2,Not Returned
FLK12070,2023-10-16,Customer 2070,Beauty,Product 2070,Nike,Seller 1,Delhi,Chennai,1,17026.09,0.12,19243.98,-2217.89,Credit Card,Delivered,1,Returned
FLK12071,2023-09-18,Customer 2071,Electronics,Product 2071,Puma,Seller 1,Karnataka,Mumbai,3,3737.7,0.03,10071.56,-19001.58,Debit Card,Delivered,5,Not Returned
FLK12072,2023-12-18,Customer 2072,Beauty,Product 2072,Sony,Seller 6,Maharashtra,Ahmedabad,3,5789.6,0.16,9098.13,-9925.59,Debit Card,Delivered,2,Not Returned
FLK12073,2023-01-22,Customer 2073,Electronics,Product 2073,Puma,Seller 1,Delhi,New Delhi,3,16336.44,0.09,4879.68,34370.28,Cash on Delivery,Delivered,1,Returned
FLK12074,2023-11-08,Customer 2074,Books,Product 2074,LG,Seller 8,Delhi,New Delhi,5,26619.08,0.17,28215.32,-7981.2,Cash on Delivery,Delivered,3,Not Returned
FLK12075,2023-09-22,Customer 2075,Clothing,Product 2075,Biba,Seller 9,Tamil Nadu,Chennai,1,28788.58,0.25,15711.41,13077.17,Debit Card,Delivered,4,Not Returned
FLK12076,2023-04-12,Customer 2076,Beauty,Product 2076,Biba,Seller 2,Tamil Nadu,Chennai,4,43206.64,0.11,39061.47,16580.68,UPI,Delivered,2,Not Returned
FLK12077,2023-02-04,Customer 2077,Electronics,Product 2077,Nike,Seller 7,Karnataka,New Delhi,4,27518.74,0.08,37992.2,-41893.84,UPI,Delivered,4,Not Returned
FLK12078,2023-03-25,Customer 2078,Home & Kitchen,Product 2078,LG,Seller 7,Tamil Nadu,Bangalore,1,45199.97,0.21,13735.79,31464.18,Credit Card,Delivered,2,Not Returned
FLK12079,2023-08-06,Customer 2079,Clothing,Product 2079,Samsung,Seller 8,Gujarat,Bangalore,1,43704.42,0.07,6517.28,37187.14,Debit Card,Delivered,5,Not Returned
FLK12080,2023-09-03,Customer 2080,Clothing,Product 2080,Biba,Seller 10,Gujarat,Bangalore,2,4149.35,0.12,29606.43,-50914.16,Credit Card,Delivered,1,Not Returned
FLK12081,2023-06-03,Customer 2081,Clothing,Product 2081,Apple,Seller 4,Delhi,Ahmedabad,3,10083.11,0.28,21603.03,-34559.76,Cash on Delivery,Delivered,4,Not Returned
FLK12082,2023-08-22,Customer 2082,Beauty,Product 2082,Samsung,Seller 3,Tamil Nadu,New Delhi,3,45908.82,0.29,5114.25,122383.71,Debit Card,Delivered,1,Not Returned
FLK12083,2023-12-01,Customer 2083,Electronics,Product 2083,Biba,Seller 4,Delhi,Ahmedabad,1,22467.31,0.03,3431.99,19035.32,UPI,Delivered,2,Not Returned
FLK12084,2023-12-12,Customer 2084,Home & Kitchen,Product 2084,Biba,Seller 4,Delhi,Mumbai,4,24473.36,0.25,26599.98,-8506.48,Cash on Delivery,Delivered,4,Pending
FLK12085,2023-12-31,Customer 2085,Clothing,Product 2085,Apple,Seller 10,Gujarat,New Delhi,1,18645.06,0.19,14314.6,4330.46,Cash on Delivery,Delivered,3,Not Returned
FLK12086,2023-11-07,Customer 2086,Electronics,Product 2086,Puma,Seller 7,Gujarat,Bangalore,1,38989.6,0.01,24742.63,14246.97,Debit Card,Delivered,5,Not Returned
FLK12087,2023-03-12,Customer 2087,Clothing,Product 2087,Puma,Seller 6,Maharashtra,New Delhi,3,47742.52,0.06,33505.69,42710.49,Credit Card,Processing,2,Not Returned
FLK12088,2023-01-07,Customer 2088,Clothing,Product 2088,Apple,Seller 6,Karnataka,New Delhi,4,21423.5,0.23,13713.13,30841.48,Credit Card,Delivered,5,Not Returned
FLK12089,2023-12-26,Customer 2089,Books,Product 2089,Apple,Seller 2,Tamil Nadu,Bangalore,3,2238.62,0.02,16338.59,-42299.91,UPI,Delivered,5,Pending
FLK12090,2023-11-03,Customer 2090,Clothing,Product 2090,Sony,Seller 9,Maharashtra,Bangalore,2,25660.57,0.22,14640.65,22039.84,Credit Card,Delivered,1,Not Returned
FLK12091,2023-08-30,Customer 2091,Electronics,Product 2091,Apple,Seller 5,Tamil Nadu,Bangalore,5,35644.89,0.28,39293.94,-18245.25,Cash on Delivery,Cancelled,4,Not Returned
FLK12092,2023-03-21,Customer 2092,Books,Product 2092,LG,Seller 2,Tamil Nadu,Bangalore,5,20752.31,0.12,31180.82,-52142.55,UPI,Delivered,3,Not Returned
FLK12093,2023-10-31,Customer 2093,Beauty,Product 2093,Puma,Seller 8,Maharashtra,Mumbai,1,40554.7,0.21,29448.52,11106.18,UPI,Delivered,3,Not Returned
FLK12094,2023-06-05,Customer 2094,Clothing,Product 2094,Sony,Seller 1,Karnataka,Chennai,3,28208.62,0.11,8753.19,58366.29,UPI,Delivered,1,Returned
FLK12095,2023-04-14,Customer 2095,Books,Product 2095,Puma,Seller 4,Maharashtra,Mumbai,5,42233.07,0.27,15554.45,133393.1,UPI,Processing,1,Not Returned
FLK12096,2023-01-20,Customer 2096,Electronics,Product 2096,Apple,Seller 9,Gujarat,Ahmedabad,2,27892.61,0.16,29152.77,-2520.32,Debit Card,Cancelled,3,Not Returned
FLK12097,2023-09-27,Customer 2097,Beauty,Product 2097,Nike,Seller 5,Delhi,Mumbai,3,47061.64,0.23,25135.96,65777.04,Credit Card,Delivered,2,Pending
FLK12098,2023-12-28,Customer 2098,Beauty,Product 2098,Puma,Seller 8,Tamil Nadu,New Delhi,1,38564.05,0.12,21548.7,17015.35,Credit Card,Delivered,5,Not Returned
FLK12099,2023-03-12,Customer 2099,Clothing,Product 2099,Samsung,Seller 2,Karnataka,Ahmedabad,2,23266.85,0.21,10639.69,25254.32,Cash on Delivery,Cancelled,5,Pending
FLK12100,2023-04-23,Customer 2100,Books,Product 2100,Sony,Seller 2,Delhi,Mumbai,4,47236.12,0.21,29725.59,70042.12,Credit Card,Cancelled,3,Pending
FLK12101,2023-11-06,Customer 2101,Clothing,Product 2101,Samsung,Seller 9,Karnataka,Bangalore,1,29439.04,0.05,12684.58,16754.46,Cash on Delivery,Delivered,3,Not Returned
FLK12102,2023-07-02,Customer 2102,Books,Product 2102,Sony,Seller 2,Tamil Nadu,New Delhi,3,34623.21,0.04,20032.44,43772.31,Cash on Delivery,Cancelled,1,Not Returned
FLK12103,2023-04-21,Customer 2103,Clothing,Product 2103,LG,Seller 7,Gujarat,Ahmedabad,5,33478.27,0.02,29215.36,21314.55,Cash on Delivery,Cancelled,5,Not Returned
FLK12104,2023-07-25,Customer 2104,Beauty,Product 2104,Samsung,Seller 3,Maharashtra,New Delhi,3,22529.58,0.25,20804.89,5174.07,UPI,Delivered,3,Returned
FLK12105,2023-06-16,Customer 2105,Beauty,Product 2105,LG,Seller 9,Gujarat,Ahmedabad,5,762.48,0.09,23513.06,-113752.9,Debit Card,Delivered,1,Not Returned
FLK12106,2023-11-15,Customer 2106,Clothing,Product 2106,Biba,Seller 8,Maharashtra,New Delhi,2,30359.08,0.15,12211.06,36296.04,UPI,Shipped,2,Not Returned
FLK12107,2023-01-13,Customer 2107,Home & Kitchen,Product 2107,Apple,Seller 2,Karnataka,Chennai,4,6100.64,0.28,15796.04,-38781.6,Cash on Delivery,Delivered,2,Not Returned
FLK12108,2023-03-13,Customer 2108,Electronics,Product 2108,Sony,Seller 6,Tamil Nadu,Mumbai,4,26976.05,0.14,26052.16,3695.56,Debit Card,Delivered,1,Not Returned
FLK12109,2023-07-04,Customer 2109,Books,Product 2109,Apple,Seller 10,Maharashtra,Mumbai,2,35307.24,0.06,37836.4,-5058.32,Cash on Delivery,Delivered,3,Not Returned
FLK12110,2023-04-30,Customer 2110,Books,Product 2110,Sony,Seller 3,Gujarat,Bangalore,1,5723.18,0.26,13922.39,-8199.21,Credit Card,Delivered,3,Not Returned
FLK12111,2023-01-19,Customer 2111,Clothing,Product 2111,Nike,Seller 3,Gujarat,Chennai,2,32317.16,0.11,39707.41,-14780.5,UPI,Delivered,2,Not Returned
FLK12112,2023-03-02,Customer 2112,Electronics,Product 2112,Apple,Seller 7,Maharashtra,Chennai,1,47498.79,0.2,1332.81,46165.98,UPI,Processing,5,Pending
FLK12113,2023-11-30,Customer 2113,Clothing,Product 2113,LG,Seller 5,Gujarat,New Delhi,2,23792.86,0.24,25531.76,-3477.8,Credit Card,Delivered,2,Not Returned
FLK12114,2023-12-20,Customer 2114,Books,Product 2114,Sony,Seller 5,Karnataka,New Delhi,5,47931.28,0.12,16601.37,156649.55,Cash on Delivery,Delivered,4,Not Returned
FLK12115,2023-09-10,Customer 2115,Beauty,Product 2115,Nike,Seller 5,Karnataka,Mumbai,1,16952.61,0.03,15531.94,1420.67,Cash on Delivery,Cancelled,5,Not Returned
FLK12116,2023-08-03,Customer 2116,Home & Kitchen,Product 2116,Sony,Seller 9,Maharashtra,Mumbai,3,39361.42,0.17,34227.87,15400.65,Debit Card,Delivered,5,Not Returned
FLK12117,2023-08-02,Customer 2117,Clothing,Product 2117,LG,Seller 7,Tamil Nadu,Mumbai,3,12533.71,0.02,26630.67,-42290.88,Cash on Delivery,Delivered,3,Not Returned
FLK12118,2023-09-18,Customer 2118,Electronics,Product 2118,Nike,Seller 4,Maharashtra,New Delhi,4,30694.17,0.07,33164.76,-9882.36,Debit Card,Delivered,5,Not Returned
FLK12119,2023-11-02,Customer 2119,Home & Kitchen,Product 2119,Sony,Seller 9,Delhi,Mumbai,1,36292.2,0.1,32007.96,4284.24,Debit Card,Shipped,1,Not Returned
FLK12120,2023-05-18,Customer 2120,Clothing,Product 2120,Biba,Seller 3,Delhi,Chennai,3,14499.65,0.28,30373.64,-47621.97,UPI,Delivered,4,Not Returned
FLK12121,2023-09-08,Customer 2121,Beauty,Product 2121,Sony,Seller 10,Karnataka,Mumbai,3,46018.45,0.2,38685.96,21997.47,Credit Card,Delivered,5,Not Returned
FLK12122,2023-03-12,Customer 2122,Home & Kitchen,Product 2122,Samsung,Seller 6,Delhi,Mumbai,1,7244.78,0.21,744.89,6499.89,Debit Card,Delivered,2,Not Returned
FLK12123,2023-06-09,Customer 2123,Beauty,Product 2123,Nike,Seller 4,Delhi,Bangalore,5,30033.12,0.23,27561.63,12357.45,UPI,Cancelled,4,Not Returned
FLK12124,2023-06-19,Customer 2124,Beauty,Product 2124,Apple,Seller 2,Delhi,Bangalore,2,18047.24,0.02,39640.36,-43186.24,UPI,Delivered,2,Not Returned
FLK12125,2023-05-16,Customer 2125,Beauty,Product 2125,Samsung,Seller 7,Tamil Nadu,Bangalore,4,17622.54,0.21,21146.84,-14097.2,Cash on Delivery,Delivered,2,Not Returned
FLK12126,2023-06-29,Customer 2126,Home & Kitchen,Product 2126,Nike,Seller 6,Delhi,Mumbai,3,21917.38,0.02,24295.63,-7134.75,Credit Card,Delivered,2,Not Returned
FLK12127,2023-12-07,Customer 2127,Home & Kitchen,Product 2127,Nike,Seller 6,Karnataka,Bangalore,4,35038.66,0.28,16989.67,72195.96,Cash on Delivery,Delivered,5,Not Returned
FLK12128,2023-04-13,Customer 2128,Beauty,Product 2128,Biba,Seller 5,Tamil Nadu,Chennai,5,7625.04,0.04,13039.98,-27074.7,Cash on Delivery,Delivered,3,Not Returned
FLK12129,2023-03-27,Customer 2129,Clothing,Product 2129,Nike,Seller 2,Maharashtra,New Delhi,1,13378.55,0.04,38930.33,-25551.78,Cash on Delivery,Delivered,1,Not Returned
FLK12130,2023-01-31,Customer 2130,Clothing,Product 2130,Samsung,Seller 4,Delhi,Ahmedabad,5,12541.63,0.24,9791.56,13750.35,Debit Card,Shipped,3,Not Returned
FLK12131,2023-01-31,Customer 2131,Home & Kitchen,Product 2131,Nike,Seller 1,Karnataka,Ahmedabad,5,27244.7,0.28,5471.74,108864.8,Cash on Delivery,Delivered,4,Not Returned
FLK12132,2023-03-30,Customer 2132,Beauty,Product 2132,Nike,Seller 4,Gujarat,Ahmedabad,3,2619.19,0.16,33994.22,-94125.09,Credit Card,Delivered,4,Not Returned
FLK12133,2023-07-09,Customer 2133,Electronics,Product 2133,Sony,Seller 4,Tamil Nadu,Mumbai,2,42920.96,0.05,7464.38,70913.16,UPI,Delivered,2,Not Returned
FLK12134,2023-07-09,Customer 2134,Clothing,Product 2134,Biba,Seller 8,Maharashtra,Ahmedabad,3,6141.83,0.11,23778.08,-52908.75,Debit Card,Delivered,2,Not Returned
FLK12135,2023-12-29,Customer 2135,Beauty,Product 2135,Puma,Seller 5,Maharashtra,New Delhi,5,19025.59,0.28,3879.32,75731.35,Credit Card,Delivered,5,Not Returned
FLK12136,2023-10-27,Customer 2136,Clothing,Product 2136,Biba,Seller 2,Delhi,Mumbai,1,7953.14,0.18,37869.03,-29915.89,Cash on Delivery,Delivered,3,Not Returned
FLK12137,2023-06-23,Customer 2137,Books,Product 2137,Biba,Seller 4,Maharashtra,Ahmedabad,1,21719.53,0.21,3833.1,17886.43,Credit Card,Delivered,3,Not Returned
FLK12138,2023-03-21,Customer 2138,Beauty,Product 2138,Apple,Seller 10,Gujarat,Bangalore,2,44928.41,0.24,17964.11,53928.6,Cash on Delivery,Delivered,3,Not Returned
FLK12139,2023-07-03,Customer 2139,Beauty,Product 2139,Samsung,Seller 9,Tamil Nadu,New Delhi,1,32333.92,0.11,23950.62,8383.3,Credit Card,Delivered,2,Not Returned
FLK12140,2023-06-12,Customer 2140,Books,Product 2140,Apple,Seller 3,Delhi,Bangalore,4,19259.95,0.24,10152.01,36431.76,Cash on Delivery,Delivered,1,Not Returned
FLK12141,2023-06-08,Customer 2141,Home & Kitchen,Product 2141,Apple,Seller 3,Gujarat,Mumbai,3,22958.65,0.13,9904.37,39162.84,Credit Card,Delivered,4,Not Returned
FLK12142,2023-04-16,Customer 2142,Home & Kitchen,Product 2142,Biba,Seller 8,Karnataka,Mumbai,3,27078.52,0.22,9996.96,51244.68,Cash on Delivery,Delivered,1,Not Returned
FLK12143,2023-05-05,Customer 2143,Electronics,Product 2143,Puma,Seller 3,Tamil Nadu,Bangalore,1,43526.39,0.1,10138.19,33388.2,Debit Card,Delivered,1,Not Returned
FLK12144,2023-03-18,Customer 2144,Books,Product 2144,Apple,Seller 4,Gujarat,Ahmedabad,1,39830.25,0.06,30876.7,8953.55,UPI,Delivered,1,Not Returned
FLK12145,2023-07-18,Customer 2145,Electronics,Product 2145,Apple,Seller 7,Maharashtra,New Delhi,5,12397.24,0.17,26810.38,-72065.7,Credit Card,Delivered,4,Returned
FLK12146,2023-07-14,Customer 2146,Electronics,Product 2146,Apple,Seller 8,Gujarat,Ahmedabad,4,32557.24,0.13,7798.03,99036.84,Credit Card,Delivered,1,Not Returned
FLK12147,2023-02-21,Customer 2147,Books,Product 2147,Biba,Seller 1,Tamil Nadu,Chennai,3,13941.21,0.12,31794.28,-53559.21,Debit Card,Delivered,2,Not Returned
FLK12148,2023-07-10,Customer 2148,Books,Product 2148,Sony,Seller 2,Gujarat,Chennai,3,39950.74,0.1,10761.9,87566.52,Debit Card,Delivered,3,Not Returned
FLK12149,2023-06-26,Customer 2149,Home & Kitchen,Product 2149,Biba,Seller 2,Gujarat,Bangalore,3,25214.41,0.08,18101.53,21338.64,Credit Card,Delivered,4,Not Returned
FLK12150,2023-03-14,Customer 2150,Clothing,Product 2150,LG,Seller 10,Karnataka,New Delhi,1,37182.45,0.23,15565.99,21616.46,Cash on Delivery,Delivered,5,Not Returned
FLK12151,2023-09-11,Customer 2151,Beauty,Product 2151,Biba,Seller 2,Maharashtra,Ahmedabad,5,26503.05,0.23,32930.48,-32137.15,Credit Card,Delivered,1,Not Returned
FLK12152,2023-05-28,Customer 2152,Clothing,Product 2152,Apple,Seller 5,Karnataka,New Delhi,5,9369.22,0.13,29168.62,-98997,Credit Card,Delivered,4,Not Returned
FLK12153,2023-08-23,Customer 2153,Clothing,Product 2153,Sony,Seller 2,Karnataka,Bangalore,3,5752.19,0.06,20666.44,-44742.75,Credit Card,Delivered,5,Not Returned
FLK12154,2023-04-17,Customer 2154,Clothing,Product 2154,Nike,Seller 8,Delhi,Mumbai,2,19251.31,0.29,15794.76,6913.1,Cash on Delivery,Shipped,2,Not Returned
FLK12155,2023-04-29,Customer 2155,Books,Product 2155,Apple,Seller 5,Gujarat,Bangalore,3,30363.49,0.2,16347.99,42046.5,UPI,Delivered,1,Not Returned
FLK12156,2023-04-03,Customer 2156,Beauty,Product 2156,Sony,Seller 10,Delhi,Bangalore,3,3560.88,0.11,9326.76,-17297.64,Credit Card,Delivered,2,Not Returned
FLK12157,2023-12-18,Customer 2157,Beauty,Product 2157,Samsung,Seller 2,Delhi,Ahmedabad,3,7030.01,0.06,19425.73,-37187.16,UPI,Delivered,3,Not Returned
FLK12158,2023-10-26,Customer 2158,Clothing,Product 2158,Puma,Seller 1,Tamil Nadu,Mumbai,4,26555.47,0.22,33455.45,-27599.92,Debit Card,Cancelled,3,Not Returned
FLK12159,2023-11-11,Customer 2159,Clothing,Product 2159,Samsung,Seller 10,Delhi,Mumbai,1,43374.19,0.04,5440.12,37934.07,Debit Card,Delivered,3,Not Returned
FLK12160,2023-08-02,Customer 2160,Home & Kitchen,Product 2160,Samsung,Seller 2,Gujarat,Ahmedabad,3,5739.39,0.28,38623.3,-98651.73,Cash on Delivery,Delivered,2,Not Returned
FLK12161,2023-12-28,Customer 2161,Home & Kitchen,Product 2161,Biba,Seller 4,Delhi,New Delhi,1,5352.01,0.18,39141.27,-33789.26,Debit Card,Cancelled,3,Not Returned
FLK12162,2023-08-01,Customer 2162,Books,Product 2162,Biba,Seller 10,Karnataka,Ahmedabad,3,24698.07,0.17,3347.32,64052.25,UPI,Delivered,4,Not Returned
FLK12163,2023-10-25,Customer 2163,Electronics,Product 2163,Apple,Seller 7,Gujarat,Bangalore,4,6320.1,0.07,32935.75,-106462.6,Cash on Delivery,Delivered,5,Not Returned
FLK12164,2023-12-16,Customer 2164,Beauty,Product 2164,Apple,Seller 7,Maharashtra,Bangalore,3,6649.45,0.25,3577.46,9215.97,Debit Card,Delivered,1,Not Returned
FLK12165,2023-06-08,Customer 2165,Electronics,Product 2165,Sony,Seller 1,Maharashtra,New Delhi,4,30266.5,0.23,15168.29,60392.84,Debit Card,Delivered,2,Not Returned
FLK12166,2023-05-01,Customer 2166,Electronics,Product 2166,Samsung,Seller 9,Delhi,Bangalore,3,14405.72,0.22,24300.67,-29684.85,UPI,Delivered,2,Returned
FLK12167,2023-06-25,Customer 2167,Books,Product 2167,Biba,Seller 5,Delhi,Ahmedabad,4,9779.21,0.17,35093.88,-101258.68,Debit Card,Cancelled,5,Pending
FLK12168,2023-02-24,Customer 2168,Beauty,Product 2168,Puma,Seller 4,Tamil Nadu,Chennai,1,27350.16,0.08,24083.46,3266.7,Debit Card,Delivered,5,Not Returned
FLK12169,2023-10-12,Customer 2169,Home & Kitchen,Product 2169,Nike,Seller 4,Delhi,Mumbai,2,38842.36,0.18,894.8,75895.12,Cash on Delivery,Delivered,3,Not Returned
FLK12170,2023-11-15,Customer 2170,Books,Product 2170,Puma,Seller 10,Tamil Nadu,Mumbai,2,39445.46,0.17,5887.43,67116.06,Debit Card,Shipped,1,Returned
FLK12171,2023-11-09,Customer 2171,Electronics,Product 2171,Sony,Seller 3,Delhi,New Delhi,3,38862.94,0.06,26152.98,38129.88,Credit Card,Delivered,3,Not Returned
FLK12172,2023-04-16,Customer 2172,Beauty,Product 2172,Samsung,Seller 8,Maharashtra,New Delhi,3,24217.49,0.05,19386.69,14492.4,UPI,Delivered,5,Not Returned
FLK12173,2023-04-03,Customer 2173,Home & Kitchen,Product 2173,LG,Seller 3,Maharashtra,Mumbai,1,31020.56,0.27,33572.45,-2551.89,UPI,Processing,1,Not Returned
FLK12174,2023-05-06,Customer 2174,Beauty,Product 2174,Puma,Seller 4,Tamil Nadu,Mumbai,2,1437.35,0.27,4481.96,-6089.22,Debit Card,Delivered,1,Not Returned
FLK12175,2023-10-11,Customer 2175,Home & Kitchen,Product 2175,LG,Seller 1,Maharashtra,Mumbai,2,41828.77,0.12,27995.94,27665.66,Debit Card,Delivered,2,Pending
FLK12176,2023-02-16,Customer 2176,Books,Product 2176,Puma,Seller 9,Tamil Nadu,Chennai,5,21187.5,0.09,24651.98,-17322.4,Debit Card,Delivered,3,Not Returned
FLK12177,2023-10-04,Customer 2177,Electronics,Product 2177,Puma,Seller 2,Maharashtra,New Delhi,1,16006.63,0.19,12356.44,3650.19,Debit Card,Shipped,4,Not Returned
FLK12178,2023-09-18,Customer 2178,Beauty,Product 2178,Biba,Seller 2,Delhi,Chennai,4,16363.21,0.1,11061.85,21205.44,UPI,Delivered,5,Not Returned
FLK12179,2023-07-15,Customer 2179,Clothing,Product 2179,Biba,Seller 10,Tamil Nadu,Ahmedabad,1,8974.93,0.11,9667.32,-692.39,Cash on Delivery,Delivered,2,Not Returned
FLK12180,2023-11-17,Customer 2180,Electronics,Product 2180,Sony,Seller 4,Gujarat,Chennai,5,39680.7,0.24,12571.26,135547.2,Debit Card,Delivered,5,Not Returned
FLK12181,2023-07-13,Customer 2181,Clothing,Product 2181,Puma,Seller 3,Gujarat,Bangalore,2,10125.94,0.24,27084.97,-33918.06,UPI,Shipped,2,Not Returned
FLK12182,2023-02-22,Customer 2182,Electronics,Product 2182,Biba,Seller 7,Gujarat,Mumbai,4,25666.97,0.24,14790.69,43505.12,Debit Card,Delivered,2,Not Returned
FLK12183,2023-07-16,Customer 2183,Electronics,Product 2183,LG,Seller 9,Karnataka,Mumbai,1,13940.93,0.11,33311.99,-19371.06,Debit Card,Delivered,4,Not Returned
FLK12184,2023-09-25,Customer 2184,Electronics,Product 2184,Nike,Seller 10,Karnataka,New Delhi,5,43245.51,0.08,17345.27,129501.2,Cash on Delivery,Delivered,2,Not Returned
FLK12185,2023-08-29,Customer 2185,Clothing,Product 2185,Nike,Seller 1,Karnataka,New Delhi,1,27715.97,0.07,2033.81,25682.16,Debit Card,Delivered,4,Returned
FLK12186,2023-04-19,Customer 2186,Home & Kitchen,Product 2186,Nike,Seller 10,Tamil Nadu,New Delhi,3,22027.86,0.14,21749.47,835.17,Debit Card,Delivered,3,Not Returned
FLK12187,2023-12-25,Customer 2187,Books,Product 2187,Sony,Seller 7,Gujarat,Chennai,1,13541.8,0.14,3780.17,9761.63,Credit Card,Shipped,2,Not Returned
FLK12188,2023-08-18,Customer 2188,Books,Product 2188,Nike,Seller 7,Tamil Nadu,Mumbai,3,36480.6,0.01,13875.63,67814.91,Cash on Delivery,Shipped,4,Not Returned
FLK12189,2023-12-06,Customer 2189,Home & Kitchen,Product 2189,Nike,Seller 10,Maharashtra,Bangalore,2,10920.23,0.29,24573.62,-27306.78,Cash on Delivery,Delivered,2,Not Returned
FLK12190,2023-05-23,Customer 2190,Home & Kitchen,Product 2190,Sony,Seller 1,Karnataka,New Delhi,2,35474.41,0.24,9573.45,51801.92,Debit Card,Delivered,1,Not Returned
FLK12191,2023-05-16,Customer 2191,Beauty,Product 2191,Sony,Seller 9,Tamil Nadu,Chennai,3,35258.22,0.18,35933.28,-2025.18,Cash on Delivery,Delivered,5,Not Returned
FLK12192,2023-06-19,Customer 2192,Books,Product 2192,Sony,Seller 4,Gujarat,Mumbai,5,49795.77,0.13,7335.58,212300.95,Cash on Delivery,Cancelled,2,Returned
FLK12193,2023-02-06,Customer 2193,Clothing,Product 2193,Sony,Seller 4,Gujarat,Mumbai,3,37995.6,0.13,22551.6,46332,Credit Card,Delivered,2,Not Returned
FLK12194,2023-04-24,Customer 2194,Books,Product 2194,Puma,Seller 2,Delhi,Chennai,5,7669.49,0.17,15396.46,-38634.85,Debit Card,Delivered,5,Not Returned
FLK12195,2023-01-01,Customer 2195,Home & Kitchen,Product 2195,Puma,Seller 9,Karnataka,Bangalore,5,45115.52,0.15,14330.77,153923.75,Cash on Delivery,Processing,1,Not Returned
FLK12196,2023-06-17,Customer 2196,Clothing,Product 2196,LG,Seller 1,Maharashtra,New Delhi,1,15662.74,0.09,25288.36,-9625.62,Debit Card,Delivered,5,Not Returned
FLK12197,2023-05-06,Customer 2197,Beauty,Product 2197,Apple,Seller 9,Delhi,Bangalore,1,18940.7,0.21,4045.34,14895.36,Credit Card,Delivered,2,Not Returned
FLK12198,2023-08-17,Customer 2198,Home & Kitchen,Product 2198,Nike,Seller 6,Tamil Nadu,New Delhi,5,9229.27,0.13,5898.97,16651.5,UPI,Shipped,3,Not Returned
FLK12199,2023-01-22,Customer 2199,Electronics,Product 2199,Samsung,Seller 9,Gujarat,New Delhi,5,13743.36,0.15,30972.48,-86145.6,Debit Card,Delivered,4,Not Returned
FLK12200,2023-05-27,Customer 2200,Electronics,Product 2200,Puma,Seller 6,Maharashtra,Ahmedabad,2,10074.01,0.23,31516.37,-42884.72,Credit Card,Shipped,5,Not Returned
FLK12201,2023-08-27,Customer 2201,Clothing,Product 2201,Samsung,Seller 8,Karnataka,Chennai,2,8111.31,0.29,19433.76,-22644.9,Cash on Delivery,Delivered,2,Not Returned
FLK12202,2023-04-13,Customer 2202,Home & Kitchen,Product 2202,Apple,Seller 2,Karnataka,New Delhi,4,32740.18,0.07,25017.84,30889.36,Credit Card,Processing,4,Not Returned
FLK12203,2023-05-23,Customer 2203,Books,Product 2203,Sony,Seller 7,Karnataka,New Delhi,2,25593.8,0.08,11979.75,27228.1,Debit Card,Delivered,3,Returned
FLK12204,2023-06-20,Customer 2204,Clothing,Product 2204,Nike,Seller 4,Karnataka,Bangalore,5,43210.65,0.05,16743.4,132336.25,Credit Card,Delivered,5,Not Returned
FLK12205,2023-01-07,Customer 2205,Books,Product 2205,Nike,Seller 8,Delhi,Ahmedabad,4,4174.26,0.22,32606.72,-113729.84,Debit Card,Cancelled,1,Not Returned
FLK12206,2023-11-03,Customer 2206,Electronics,Product 2206,Samsung,Seller 10,Tamil Nadu,Mumbai,5,4990.77,0.04,35430.73,-152199.8,UPI,Processing,3,Pending
FLK12207,2023-07-25,Customer 2207,Clothing,Product 2207,Apple,Seller 5,Karnataka,New Delhi,3,46078.91,0.16,30607.93,46412.94,Cash on Delivery,Delivered,4,Not Returned
FLK12208,2023-08-25,Customer 2208,Electronics,Product 2208,Biba,Seller 7,Tamil Nadu,Ahmedabad,5,35511.75,0.01,15219.12,101463.15,UPI,Delivered,2,Not Returned
FLK12209,2023-07-11,Customer 2209,Books,Product 2209,Samsung,Seller 10,Delhi,Mumbai,4,35178.44,0.21,695.47,137931.88,UPI,Delivered,2,Not Returned
FLK12210,2023-05-27,Customer 2210,Books,Product 2210,Nike,Seller 5,Tamil Nadu,Bangalore,3,21472.5,0.28,3192.14,54841.08,Credit Card,Delivered,2,Not Returned
FLK12211,2023-07-18,Customer 2211,Clothing,Product 2211,Apple,Seller 5,Tamil Nadu,Mumbai,3,12695.71,0.17,33514.34,-62455.89,Debit Card,Delivered,4,Not Returned
FLK12212,2023-05-14,Customer 2212,Clothing,Product 2212,Nike,Seller 5,Maharashtra,Chennai,1,30479.22,0.09,1209.86,29269.36,UPI,Shipped,2,Not Returned
FLK12213,2023-11-27,Customer 2213,Beauty,Product 2213,Sony,Seller 6,Delhi,Ahmedabad,5,34224.36,0.23,16533.74,88453.1,Debit Card,Shipped,5,Not Returned
FLK12214,2023-02-18,Customer 2214,Beauty,Product 2214,Apple,Seller 4,Karnataka,Chennai,3,9958.11,0.05,20774.92,-32450.43,UPI,Delivered,5,Not Returned
FLK12215,2023-06-12,Customer 2215,Electronics,Product 2215,Sony,Seller 2,Karnataka,Bangalore,5,46685.4,0.23,14897.23,158940.85,UPI,Delivered,3,Not Returned
FLK12216,2023-06-25,Customer 2216,Electronics,Product 2216,Sony,Seller 10,Delhi,Ahmedabad,3,35399.37,0.21,38842.19,-10328.46,UPI,Shipped,4,Not Returned
FLK12217,2023-07-04,Customer 2217,Electronics,Product 2217,Sony,Seller 2,Tamil Nadu,New Delhi,2,31222.15,0.07,8637.65,45169,Credit Card,Delivered,2,Not Returned
FLK12218,2023-10-20,Customer 2218,Books,Product 2218,Samsung,Seller 1,Delhi,Bangalore,5,3923.34,0.08,15703.52,-58900.9,Debit Card,Delivered,4,Not Returned
FLK12219,2023-06-09,Customer 2219,Beauty,Product 2219,Apple,Seller 10,Karnataka,Ahmedabad,3,42044.88,0.29,33867.67,24531.63,Credit Card,Delivered,3,Not Returned
FLK12220,2023-04-09,Customer 2220,Home & Kitchen,Product 2220,Apple,Seller 2,Karnataka,New Delhi,1,12981.7,0.11,25769.99,-12788.29,Debit Card,Delivered,1,Not Returned
FLK12221,2023-04-25,Customer 2221,Books,Product 2221,LG,Seller 1,Karnataka,Mumbai,1,22387.04,0.04,28566.39,-6179.35,Credit Card,Delivered,5,Not Returned
FLK12222,2023-11-11,Customer 2222,Electronics,Product 2222,Nike,Seller 6,Karnataka,New Delhi,2,41957.75,0.14,30025.71,23864.08,Debit Card,Delivered,5,Not Returned
FLK12223,2023-10-13,Customer 2223,Beauty,Product 2223,Samsung,Seller 10,Delhi,Bangalore,2,30880.35,0.27,11051.34,39658.02,UPI,Delivered,2,Not Returned
FLK12224,2023-11-13,Customer 2224,Books,Product 2224,Apple,Seller 7,Delhi,New Delhi,5,19419.66,0.19,1232.76,90934.5,UPI,Delivered,2,Not Returned
FLK12225,2023-03-05,Customer 2225,Clothing,Product 2225,Samsung,Seller 3,Tamil Nadu,Ahmedabad,5,8192.22,0.03,32434.42,-121211,Debit Card,Shipped,3,Not Returned
FLK12226,2023-07-15,Customer 2226,Electronics,Product 2226,Samsung,Seller 7,Maharashtra,Chennai,3,31742.46,0.15,32004.86,-787.2,Credit Card,Processing,1,Not Returned
FLK12227,2023-03-13,Customer 2227,Home & Kitchen,Product 2227,Biba,Seller 3,Maharashtra,Ahmedabad,3,3143.65,0.07,6286.88,-9429.69,Credit Card,Shipped,4,Pending
FLK12228,2023-05-17,Customer 2228,Electronics,Product 2228,Nike,Seller 10,Tamil Nadu,Bangalore,2,10128.84,0.14,5355.86,9545.96,Debit Card,Delivered,2,Pending
FLK12229,2023-01-23,Customer 2229,Home & Kitchen,Product 2229,Puma,Seller 9,Delhi,Bangalore,5,47277.75,0.13,32255.91,75109.2,Credit Card,Delivered,1,Not Returned
FLK12230,2023-04-04,Customer 2230,Home & Kitchen,Product 2230,Apple,Seller 7,Karnataka,Mumbai,5,13670.86,0.29,16252.6,-12908.7,Debit Card,Delivered,4,Not Returned
FLK12231,2023-02-12,Customer 2231,Electronics,Product 2231,Puma,Seller 10,Gujarat,Mumbai,3,48024.88,0.09,1941.05,138251.49,Cash on Delivery,Delivered,5,Not Returned
FLK12232,2023-03-10,Customer 2232,Beauty,Product 2232,Samsung,Seller 9,Tamil Nadu,Ahmedabad,3,25800.57,0.22,15535.87,30794.1,Cash on Delivery,Delivered,5,Not Returned
FLK12233,2023-05-02,Customer 2233,Books,Product 2233,LG,Seller 7,Delhi,New Delhi,4,44199.35,0.05,23821.66,81510.76,Credit Card,Shipped,5,Not Returned
FLK12234,2023-10-12,Customer 2234,Clothing,Product 2234,Apple,Seller 5,Tamil Nadu,Ahmedabad,2,37725.23,0.27,3686,68078.46,Credit Card,Delivered,1,Not Returned
FLK12235,2023-05-12,Customer 2235,Electronics,Product 2235,Samsung,Seller 6,Maharashtra,Ahmedabad,1,36007.25,0.09,3441.21,32566.04,Credit Card,Delivered,5,Not Returned
FLK12236,2023-07-05,Customer 2236,Beauty,Product 2236,Nike,Seller 8,Maharashtra,Ahmedabad,2,18332.81,0.04,29479.16,-22292.7,Cash on Delivery,Delivered,1,Not Returned
FLK12237,2023-04-24,Customer 2237,Beauty,Product 2237,Puma,Seller 7,Tamil Nadu,Chennai,4,13295.49,0.16,20891,-30382.04,Cash on Delivery,Cancelled,2,Not Returned
FLK12238,2023-03-18,Customer 2238,Electronics,Product 2238,LG,Seller 6,Gujarat,Bangalore,5,8531.38,0.27,28751.02,-101098.2,Credit Card,Processing,1,Not Returned
FLK12239,2023-05-06,Customer 2239,Home & Kitchen,Product 2239,LG,Seller 1,Tamil Nadu,Ahmedabad,3,21706.43,0.22,27358.82,-16957.17,Cash on Delivery,Delivered,3,Not Returned
FLK12240,2023-01-10,Customer 2240,Electronics,Product 2240,Biba,Seller 5,Karnataka,Ahmedabad,1,48546.95,0.22,23151.2,25395.75,Cash on Delivery,Delivered,1,Not Returned
FLK12241,2023-04-13,Customer 2241,Books,Product 2241,Biba,Seller 6,Karnataka,Mumbai,3,8521.09,0.16,25043.89,-49568.4,Debit Card,Delivered,3,Not Returned
FLK12242,2023-12-18,Customer 2242,Books,Product 2242,Puma,Seller 5,Gujarat,New Delhi,4,48998.53,0.06,18007.74,123963.16,Credit Card,Cancelled,4,Not Returned
FLK12243,2023-11-13,Customer 2243,Clothing,Product 2243,Biba,Seller 5,Karnataka,Bangalore,2,20683.11,0.24,3383.15,34599.92,Debit Card,Processing,3,Not Returned
FLK12244,2023-11-10,Customer 2244,Clothing,Product 2244,Biba,Seller 9,Gujarat,New Delhi,2,36221.77,0.27,2513.07,67417.4,UPI,Delivered,3,Not Returned
FLK12245,2023-02-26,Customer 2245,Clothing,Product 2245,Sony,Seller 4,Delhi,Chennai,4,16804.02,0.15,25698.73,-35578.84,UPI,Shipped,1,Not Returned
FLK12246,2023-10-05,Customer 2246,Beauty,Product 2246,Nike,Seller 10,Maharashtra,New Delhi,2,27905.03,0.17,21002.39,13805.28,Debit Card,Delivered,4,Returned
FLK12247,2023-11-21,Customer 2247,Electronics,Product 2247,Apple,Seller 5,Delhi,Bangalore,1,15464.68,0.01,33533.88,-18069.2,Debit Card,Cancelled,3,Not Returned
FLK12248,2023-09-27,Customer 2248,Clothing,Product 2248,Biba,Seller 8,Delhi,Mumbai,2,14116.62,0.27,14125.15,-17.06,UPI,Cancelled,1,Pending
FLK12249,2023-09-06,Customer 2249,Home & Kitchen,Product 2249,Puma,Seller 7,Maharashtra,New Delhi,1,31629.46,0.23,16093.24,15536.22,Debit Card,Delivered,1,Not Returned
FLK12250,2023-03-20,Customer 2250,Electronics,Product 2250,Sony,Seller 6,Tamil Nadu,New Delhi,4,46185.49,0.05,20271.27,103656.88,Credit Card,Delivered,1,Not Returned
FLK12251,2023-07-02,Customer 2251,Home & Kitchen,Product 2251,Puma,Seller 4,Gujarat,Bangalore,5,33812.72,0.14,34959.54,-5734.1,UPI,Delivered,1,Not Returned
FLK12252,2023-05-14,Customer 2252,Beauty,Product 2252,Samsung,Seller 6,Tamil Nadu,New Delhi,4,13843.01,0.23,652.94,52760.28,Credit Card,Cancelled,5,Not Returned
FLK12253,2023-10-16,Customer 2253,Electronics,Product 2253,Apple,Seller 10,Gujarat,Chennai,3,19130.32,0.03,23074.68,-11833.08,Debit Card,Delivered,5,Not Returned
FLK12254,2023-03-26,Customer 2254,Home & Kitchen,Product 2254,LG,Seller 2,Tamil Nadu,Mumbai,3,9464.23,0.23,30444.27,-62940.12,Debit Card,Delivered,3,Not Returned
FLK12255,2023-08-11,Customer 2255,Home & Kitchen,Product 2255,Biba,Seller 6,Gujarat,Chennai,3,18491.83,0.1,24654.68,-18488.55,UPI,Delivered,2,Returned
FLK12256,2023-08-10,Customer 2256,Electronics,Product 2256,Biba,Seller 8,Delhi,Mumbai,5,40056.61,0.06,6094.03,169812.9,Credit Card,Cancelled,2,Not Returned
FLK12257,2023-01-28,Customer 2257,Clothing,Product 2257,Biba,Seller 4,Karnataka,Chennai,2,18408.2,0.14,5469.64,25877.12,Credit Card,Delivered,1,Returned
FLK12258,2023-11-26,Customer 2258,Home & Kitchen,Product 2258,Biba,Seller 8,Maharashtra,Mumbai,3,13638.48,0.2,32752.81,-57342.99,Debit Card,Delivered,3,Not Returned
FLK12259,2023-07-07,Customer 2259,Clothing,Product 2259,Samsung,Seller 6,Tamil Nadu,Mumbai,1,17556.86,0.2,29314.45,-11757.59,Cash on Delivery,Delivered,3,Not Returned
FLK12260,2023-11-29,Customer 2260,Home & Kitchen,Product 2260,Biba,Seller 4,Gujarat,Mumbai,1,43003.59,0.17,38577.58,4426.01,Debit Card,Delivered,5,Not Returned
FLK12261,2023-10-26,Customer 2261,Home & Kitchen,Product 2261,Biba,Seller 10,Karnataka,New Delhi,2,25365.14,0.2,16382.89,17964.5,UPI,Processing,5,Not Returned
FLK12262,2023-05-15,Customer 2262,Books,Product 2262,Sony,Seller 4,Tamil Nadu,Bangalore,2,37156.83,0.2,38404.2,-2494.74,Debit Card,Delivered,2,Not Returned
FLK12263,2023-05-09,Customer 2263,Clothing,Product 2263,Sony,Seller 10,Tamil Nadu,Chennai,2,48817.41,0.2,19792.52,58049.78,UPI,Shipped,1,Not Returned
FLK12264,2023-06-13,Customer 2264,Electronics,Product 2264,Nike,Seller 1,Gujarat,Bangalore,3,14648.82,0.22,16381.71,-5198.67,Credit Card,Delivered,2,Not Returned
FLK12265,2023-02-21,Customer 2265,Books,Product 2265,Apple,Seller 8,Karnataka,Ahmedabad,4,33099.35,0.02,4677.91,113685.76,Credit Card,Shipped,3,Not Returned
FLK12266,2023-05-19,Customer 2266,Electronics,Product 2266,Apple,Seller 8,Gujarat,New Delhi,4,9476.75,0.16,12896.63,-13679.52,Credit Card,Delivered,4,Not Returned
FLK12267,2023-07-06,Customer 2267,Electronics,Product 2267,Sony,Seller 4,Gujarat,Ahmedabad,3,20464.3,0.08,39815.61,-58053.93,Cash on Delivery,Delivered,2,Not Returned
FLK12268,2023-07-02,Customer 2268,Electronics,Product 2268,Samsung,Seller 7,Delhi,New Delhi,1,7020.42,0.16,8986.32,-1965.9,Credit Card,Shipped,2,Not Returned
FLK12269,2023-02-24,Customer 2269,Beauty,Product 2269,Samsung,Seller 1,Delhi,Mumbai,1,30375.75,0.27,12742.11,17633.64,Cash on Delivery,Delivered,5,Not Returned
FLK12270,2023-07-27,Customer 2270,Beauty,Product 2270,Nike,Seller 8,Gujarat,New Delhi,3,41013.42,0.03,27869.98,39430.32,Credit Card,Delivered,5,Returned
FLK12271,2023-12-08,Customer 2271,Books,Product 2271,Puma,Seller 1,Tamil Nadu,Bangalore,4,38753.88,0.14,14900.28,95414.4,UPI,Delivered,1,Not Returned
FLK12272,2023-06-25,Customer 2272,Beauty,Product 2272,Puma,Seller 7,Maharashtra,New Delhi,4,47191.83,0.22,32016.2,60702.52,UPI,Cancelled,5,Not Returned
FLK12273,2023-08-08,Customer 2273,Electronics,Product 2273,Apple,Seller 2,Maharashtra,Bangalore,5,39863.14,0.06,10931.51,144658.15,UPI,Delivered,1,Not Returned
FLK12274,2023-02-25,Customer 2274,Electronics,Product 2274,Biba,Seller 9,Gujarat,Bangalore,5,40513.83,0.26,16062.82,122255.05,Debit Card,Delivered,2,Not Returned
FLK12275,2023-07-13,Customer 2275,Home & Kitchen,Product 2275,Puma,Seller 4,Maharashtra,Mumbai,4,16300.32,0.09,3558.94,50965.52,Credit Card,Processing,4,Not Returned
FLK12276,2023-12-23,Customer 2276,Home & Kitchen,Product 2276,Apple,Seller 4,Tamil Nadu,New Delhi,1,48193.56,0.21,6232.5,41961.06,UPI,Delivered,4,Not Returned
FLK12277,2023-12-20,Customer 2277,Electronics,Product 2277,LG,Seller 8,Tamil Nadu,Ahmedabad,2,5626.99,0.24,11545.26,-11836.54,Cash on Delivery,Shipped,2,Not Returned
FLK12278,2023-03-26,Customer 2278,Books,Product 2278,Apple,Seller 5,Gujarat,Bangalore,1,16625.35,0.29,35929.02,-19303.67,Credit Card,Delivered,1,Not Returned
FLK12279,2023-07-19,Customer 2279,Books,Product 2279,LG,Seller 1,Gujarat,New Delhi,5,20124.84,0.09,36264.81,-80699.85,Credit Card,Delivered,1,Not Returned
FLK12280,2023-12-07,Customer 2280,Clothing,Product 2280,Biba,Seller 2,Gujarat,Bangalore,4,19256.65,0.22,15231.42,16100.92,Cash on Delivery,Delivered,3,Not Returned
FLK12281,2023-11-22,Customer 2281,Clothing,Product 2281,LG,Seller 2,Tamil Nadu,Bangalore,1,27526.98,0.26,16080.03,11446.95,Credit Card,Delivered,1,Not Returned
FLK12282,2023-10-22,Customer 2282,Beauty,Product 2282,Apple,Seller 4,Maharashtra,New Delhi,5,32867.91,0.24,10650.23,111088.4,Cash on Delivery,Delivered,1,Not Returned
FLK12283,2023-07-25,Customer 2283,Books,Product 2283,Nike,Seller 4,Gujarat,Chennai,2,45509.45,0.24,22938.64,45141.62,Cash on Delivery,Delivered,2,Not Returned
FLK12284,2023-12-05,Customer 2284,Books,Product 2284,Puma,Seller 10,Tamil Nadu,Chennai,1,4125.73,0.26,22526.65,-18400.92,Credit Card,Delivered,5,Not Returned
FLK12285,2023-07-20,Customer 2285,Clothing,Product 2285,Apple,Seller 8,Karnataka,Bangalore,1,17041.39,0.08,24088.45,-7047.06,Cash on Delivery,Delivered,5,Not Returned
FLK12286,2023-03-29,Customer 2286,Clothing,Product 2286,Sony,Seller 1,Maharashtra,Bangalore,1,28793.52,0.28,1540.13,27253.39,Cash on Delivery,Delivered,2,Not Returned
FLK12287,2023-11-05,Customer 2287,Beauty,Product 2287,LG,Seller 6,Gujarat,Bangalore,4,41375.53,0.07,33561.05,31257.92,Credit Card,Delivered,2,Not Returned
FLK12288,2023-06-17,Customer 2288,Books,Product 2288,Biba,Seller 5,Karnataka,Mumbai,2,11420.47,0.21,14129.51,-5418.08,Credit Card,Cancelled,4,Not Returned
FLK12289,2023-02-15,Customer 2289,Beauty,Product 2289,Samsung,Seller 4,Maharashtra,Chennai,3,18786.46,0.29,23480.59,-14082.39,Cash on Delivery,Delivered,1,Not Returned
FLK12290,2023-11-05,Customer 2290,Clothing,Product 2290,Apple,Seller 8,Tamil Nadu,Chennai,5,35074.08,0.07,14138.89,104675.95,Cash on Delivery,Cancelled,5,Not Returned
FLK12291,2023-03-08,Customer 2291,Home & Kitchen,Product 2291,Puma,Seller 7,Delhi,Mumbai,1,19990.64,0.17,9673.07,10317.57,Debit Card,Delivered,3,Not Returned
FLK12292,2023-03-01,Customer 2292,Electronics,Product 2292,Biba,Seller 7,Tamil Nadu,New Delhi,5,22123.39,0.03,15805.56,31589.15,UPI,Delivered,5,Not Returned
FLK12293,2023-10-28,Customer 2293,Clothing,Product 2293,Puma,Seller 4,Delhi,New Delhi,4,2920.22,0.08,10944.99,-32099.08,Cash on Delivery,Processing,4,Not Returned
FLK12294,2023-09-13,Customer 2294,Home & Kitchen,Product 2294,Sony,Seller 6,Delhi,Chennai,2,14526.27,0.16,2252.25,24548.04,Debit Card,Delivered,5,Not Returned
FLK12295,2023-04-22,Customer 2295,Books,Product 2295,Samsung,Seller 2,Karnataka,New Delhi,1,17473.19,0.09,19576.55,-2103.36,Cash on Delivery,Delivered,5,Pending
FLK12296,2023-07-04,Customer 2296,Electronics,Product 2296,Puma,Seller 5,Tamil Nadu,New Delhi,5,5895.61,0.02,38051.5,-160779.45,Cash on Delivery,Delivered,5,Not Returned
FLK12297,2023-12-11,Customer 2297,Home & Kitchen,Product 2297,Biba,Seller 6,Tamil Nadu,Bangalore,3,39543.15,0.05,15790.91,71256.72,UPI,Delivered,2,Returned
FLK12298,2023-12-15,Customer 2298,Books,Product 2298,Sony,Seller 4,Gujarat,Chennai,3,13392.43,0.21,21337.69,-23835.78,Debit Card,Processing,1,Not Returned
FLK12299,2023-10-30,Customer 2299,Electronics,Product 2299,LG,Seller 7,Delhi,Bangalore,3,46480.25,0.24,19289.78,81571.41,Cash on Delivery,Cancelled,5,Not Returned
FLK12300,2023-07-11,Customer 2300,Clothing,Product 2300,Apple,Seller 4,Gujarat,Ahmedabad,5,20683.54,0.12,20101.78,2908.8,UPI,Cancelled,5,Pending
FLK12301,2023-02-05,Customer 2301,Books,Product 2301,Apple,Seller 8,Maharashtra,Mumbai,1,27934.57,0.13,7925.63,20008.94,Credit Card,Delivered,5,Not Returned
FLK12302,2023-03-27,Customer 2302,Home & Kitchen,Product 2302,LG,Seller 3,Maharashtra,Bangalore,4,38858.81,0.03,6181.88,130707.72,UPI,Delivered,2,Not Returned
FLK12303,2023-12-29,Customer 2303,Books,Product 2303,Sony,Seller 7,Gujarat,Mumbai,4,34130.67,0.01,24623.8,38027.48,UPI,Delivered,3,Not Returned
FLK12304,2023-06-15,Customer 2304,Beauty,Product 2304,Samsung,Seller 5,Delhi,Bangalore,3,12636.98,0.22,2463.5,30520.44,Cash on Delivery,Cancelled,2,Not Returned
FLK12305,2023-10-12,Customer 2305,Home & Kitchen,Product 2305,Nike,Seller 9,Tamil Nadu,Mumbai,2,6448.74,0.18,30188.2,-47478.92,Credit Card,Delivered,2,Returned
FLK12306,2023-03-15,Customer 2306,Electronics,Product 2306,Sony,Seller 1,Karnataka,Bangalore,5,20876.53,0.3,38730.37,-89269.2,Debit Card,Delivered,1,Not Returned
FLK12307,2023-08-06,Customer 2307,Electronics,Product 2307,Samsung,Seller 8,Gujarat,New Delhi,1,9591.1,0.08,23763.2,-14172.1,UPI,Delivered,2,Not Returned
FLK12308,2023-09-04,Customer 2308,Books,Product 2308,Apple,Seller 10,Karnataka,Ahmedabad,2,21097.97,0.07,23833,-5470.06,UPI,Delivered,3,Not Returned
FLK12309,2023-09-05,Customer 2309,Beauty,Product 2309,Samsung,Seller 8,Maharashtra,Chennai,2,8465.33,0.1,14803.35,-12676.04,Cash on Delivery,Delivered,5,Not Returned
FLK12310,2023-12-08,Customer 2310,Electronics,Product 2310,Biba,Seller 5,Karnataka,Chennai,3,12244.77,0.23,21867.78,-28869.03,Credit Card,Delivered,1,Not Returned
FLK12311,2023-01-22,Customer 2311,Beauty,Product 2311,Samsung,Seller 8,Karnataka,Mumbai,4,8099.78,0.02,27342.98,-76972.8,Credit Card,Delivered,5,Not Returned
FLK12312,2023-07-07,Customer 2312,Home & Kitchen,Product 2312,Apple,Seller 7,Karnataka,Ahmedabad,3,7482.2,0.26,3234.05,12744.45,Debit Card,Delivered,1,Not Returned
FLK12313,2023-11-29,Customer 2313,Books,Product 2313,Sony,Seller 2,Karnataka,Bangalore,2,34154.98,0.14,11400.39,45509.18,Credit Card,Delivered,4,Not Returned
FLK12314,2023-10-01,Customer 2314,Home & Kitchen,Product 2314,Nike,Seller 9,Maharashtra,Bangalore,1,48253.69,0.16,19960.53,28293.16,UPI,Delivered,2,Not Returned
FLK12315,2023-11-26,Customer 2315,Books,Product 2315,Biba,Seller 1,Delhi,Mumbai,2,48756.05,0.05,5846.95,85818.2,Cash on Delivery,Delivered,4,Not Returned
FLK12316,2023-09-14,Customer 2316,Books,Product 2316,Samsung,Seller 8,Delhi,Chennai,2,36209.05,0.17,20076.17,32265.76,Cash on Delivery,Delivered,1,Not Returned
FLK12317,2023-02-07,Customer 2317,Electronics,Product 2317,LG,Seller 1,Delhi,Ahmedabad,1,36280.55,0.11,9925.43,26355.12,UPI,Shipped,3,Not Returned
FLK12318,2023-05-18,Customer 2318,Electronics,Product 2318,Puma,Seller 4,Tamil Nadu,Ahmedabad,2,8662.77,0.27,14070.9,-10816.26,Debit Card,Shipped,5,Not Returned
FLK12319,2023-04-19,Customer 2319,Electronics,Product 2319,Puma,Seller 8,Delhi,Mumbai,3,48548.4,0.27,18907.77,88921.89,Cash on Delivery,Delivered,5,Returned
FLK12320,2023-06-08,Customer 2320,Beauty,Product 2320,Nike,Seller 9,Tamil Nadu,Bangalore,3,8511.78,0.05,24203.66,-47075.64,UPI,Delivered,1,Not Returned
FLK12321,2023-08-29,Customer 2321,Clothing,Product 2321,LG,Seller 7,Tamil Nadu,New Delhi,1,37639.77,0.1,25543.56,12096.21,UPI,Delivered,2,Not Returned
FLK12322,2023-08-25,Customer 2322,Electronics,Product 2322,Biba,Seller 3,Gujarat,New Delhi,2,6147.65,0.27,30158.3,-48021.3,Debit Card,Delivered,3,Not Returned
FLK12323,2023-01-23,Customer 2323,Beauty,Product 2323,Samsung,Seller 10,Delhi,Bangalore,2,26954.33,0.02,12228.49,29451.68,Debit Card,Delivered,5,Returned
FLK12324,2023-11-17,Customer 2324,Books,Product 2324,Puma,Seller 1,Gujarat,Mumbai,1,3961.88,0.21,19548.25,-15586.37,Cash on Delivery,Delivered,2,Not Returned
FLK12325,2023-07-15,Customer 2325,Beauty,Product 2325,LG,Seller 6,Karnataka,Ahmedabad,1,2352.72,0.13,24137,-21784.28,Credit Card,Delivered,1,Returned
FLK12326,2023-11-19,Customer 2326,Books,Product 2326,Apple,Seller 6,Maharashtra,New Delhi,2,47105.72,0.04,18650.9,56909.64,UPI,Delivered,5,Not Returned
FLK12327,2023-06-18,Customer 2327,Clothing,Product 2327,Samsung,Seller 1,Delhi,Chennai,3,6911.7,0.19,9315.75,-7212.15,Debit Card,Delivered,5,Not Returned
FLK12328,2023-06-06,Customer 2328,Beauty,Product 2328,LG,Seller 10,Gujarat,Bangalore,5,48019.5,0.2,13259.51,173799.95,Cash on Delivery,Delivered,5,Not Returned
FLK12329,2023-09-02,Customer 2329,Books,Product 2329,Nike,Seller 4,Gujarat,Chennai,4,8890.6,0.23,6985.37,7620.92,Debit Card,Delivered,5,Not Returned
FLK12330,2023-01-06,Customer 2330,Books,Product 2330,Puma,Seller 4,Maharashtra,Ahmedabad,3,28953.76,0.21,25574.97,10136.37,Cash on Delivery,Delivered,3,Not Returned
FLK12331,2023-11-27,Customer 2331,Home & Kitchen,Product 2331,Nike,Seller 3,Tamil Nadu,Ahmedabad,3,42086.66,0.21,13065.09,87064.71,Credit Card,Delivered,2,Not Returned
FLK12332,2023-03-05,Customer 2332,Clothing,Product 2332,Samsung,Seller 8,Gujarat,Bangalore,4,37562.6,0.22,17972.81,78359.16,Debit Card,Processing,2,Not Returned
FLK12333,2023-11-15,Customer 2333,Beauty,Product 2333,Nike,Seller 4,Gujarat,New Delhi,3,14343.09,0.26,29633.55,-45871.38,UPI,Processing,4,Not Returned
FLK12334,2023-08-29,Customer 2334,Electronics,Product 2334,Puma,Seller 4,Karnataka,New Delhi,1,41359.78,0.25,4432,36927.78,UPI,Delivered,5,Not Returned
FLK12335,2023-06-24,Customer 2335,Beauty,Product 2335,Puma,Seller 4,Delhi,Bangalore,5,21510.29,0.04,7582.73,69637.8,Debit Card,Processing,5,Not Returned
FLK12336,2023-10-19,Customer 2336,Electronics,Product 2336,Nike,Seller 4,Tamil Nadu,Bangalore,1,12033.41,0.02,36576.2,-24542.79,Cash on Delivery,Delivered,2,Not Returned
FLK12337,2023-02-19,Customer 2337,Books,Product 2337,Biba,Seller 2,Karnataka,Mumbai,2,42929.72,0.03,23671.43,38516.58,Debit Card,Delivered,4,Not Returned
FLK12338,2023-03-19,Customer 2338,Home & Kitchen,Product 2338,Nike,Seller 7,Karnataka,Chennai,1,31213.12,0.12,15195.43,16017.69,Credit Card,Delivered,2,Not Returned
FLK12339,2023-01-19,Customer 2339,Clothing,Product 2339,Sony,Seller 9,Delhi,Ahmedabad,1,12982.07,0.29,38852.09,-25870.02,Debit Card,Cancelled,2,Not Returned
FLK12340,2023-12-19,Customer 2340,Home & Kitchen,Product 2340,Samsung,Seller 5,Delhi,Ahmedabad,4,23835.72,0.11,20110.04,14902.72,Debit Card,Delivered,5,Pending
FLK12341,2023-07-20,Customer 2341,Clothing,Product 2341,Sony,Seller 4,Maharashtra,Ahmedabad,3,7186.12,0.09,10230.5,-9133.14,Cash on Delivery,Delivered,3,Not Returned
FLK12342,2023-02-08,Customer 2342,Electronics,Product 2342,Puma,Seller 6,Tamil Nadu,Bangalore,2,1184.01,0.24,18575.65,-34783.28,Credit Card,Delivered,2,Not Returned
FLK12343,2023-11-07,Customer 2343,Electronics,Product 2343,Puma,Seller 7,Gujarat,Mumbai,4,21359.33,0.14,35058.37,-54796.16,Debit Card,Delivered,2,Returned
FLK12344,2023-01-13,Customer 2344,Electronics,Product 2344,Apple,Seller 10,Delhi,Chennai,1,45742.16,0.23,16978.61,28763.55,Credit Card,Cancelled,4,Not Returned
FLK12345,2023-09-06,Customer 2345,Electronics,Product 2345,Samsung,Seller 9,Gujarat,Chennai,3,10902.39,0.09,38855.78,-83860.17,Cash on Delivery,Delivered,3,Not Returned
FLK12346,2023-09-25,Customer 2346,Books,Product 2346,Biba,Seller 9,Tamil Nadu,Ahmedabad,4,5080.72,0.25,14446.53,-37463.24,Cash on Delivery,Shipped,1,Not Returned
FLK12347,2023-01-19,Customer 2347,Electronics,Product 2347,Biba,Seller 6,Tamil Nadu,Ahmedabad,3,8603.18,0.15,21163.87,-37682.07,Credit Card,Delivered,1,Not Returned
FLK12348,2023-01-01,Customer 2348,Electronics,Product 2348,Apple,Seller 5,Tamil Nadu,Bangalore,3,23229.39,0.11,11673.47,34667.76,Cash on Delivery,Delivered,4,Not Returned
FLK12349,2023-01-15,Customer 2349,Electronics,Product 2349,LG,Seller 1,Tamil Nadu,Ahmedabad,3,44162.95,0.23,23523.13,61919.46,Debit Card,Delivered,2,Returned
FLK12350,2023-11-08,Customer 2350,Electronics,Product 2350,LG,Seller 7,Tamil Nadu,Chennai,2,24344.55,0.17,37676.12,-26663.14,Cash on Delivery,Delivered,4,Not Returned
FLK12351,2023-02-05,Customer 2351,Electronics,Product 2351,Nike,Seller 8,Delhi,Chennai,3,18132.24,0.02,26860.36,-26184.36,Debit Card,Cancelled,2,Not Returned
FLK12352,2023-02-15,Customer 2352,Electronics,Product 2352,Apple,Seller 8,Maharashtra,Ahmedabad,5,1527.79,0.02,14299.77,-63859.9,Debit Card,Delivered,4,Not Returned
FLK12353,2023-08-29,Customer 2353,Clothing,Product 2353,Biba,Seller 4,Delhi,Bangalore,1,25048.04,0.17,4811.85,20236.19,UPI,Cancelled,1,Not Returned
FLK12354,2023-09-04,Customer 2354,Beauty,Product 2354,Apple,Seller 2,Maharashtra,Mumbai,4,7531.64,0.12,32729.9,-100793.04,Debit Card,Delivered,4,Returned
FLK12355,2023-06-01,Customer 2355,Electronics,Product 2355,Apple,Seller 9,Delhi,Ahmedabad,3,27770.66,0.07,33853.67,-18249.03,Cash on Delivery,Delivered,2,Not Returned
FLK12356,2023-03-11,Customer 2356,Home & Kitchen,Product 2356,Biba,Seller 2,Tamil Nadu,Bangalore,1,39940.25,0.23,10336.67,29603.58,UPI,Processing,1,Not Returned
FLK12357,2023-02-10,Customer 2357,Home & Kitchen,Product 2357,LG,Seller 6,Maharashtra,Ahmedabad,2,46743.04,0.3,19893.95,53698.18,Debit Card,Delivered,5,Not Returned
FLK12358,2023-11-26,Customer 2358,Clothing,Product 2358,Nike,Seller 5,Tamil Nadu,New Delhi,1,31141.78,0.21,14682.72,16459.06,Cash on Delivery,Delivered,2,Not Returned
FLK12359,2023-06-17,Customer 2359,Clothing,Product 2359,Apple,Seller 1,Maharashtra,Bangalore,2,7096.65,0.27,11840.71,-9488.12,Debit Card,Delivered,3,Not Returned
FLK12360,2023-02-22,Customer 2360,Beauty,Product 2360,Nike,Seller 2,Karnataka,Ahmedabad,3,2864.85,0.09,36858.34,-101980.47,UPI,Processing,3,Pending
FLK12361,2023-06-22,Customer 2361,Books,Product 2361,Biba,Seller 7,Tamil Nadu,Chennai,4,40073.07,0.26,9108.69,123857.52,UPI,Delivered,4,Not Returned
FLK12362,2023-09-06,Customer 2362,Electronics,Product 2362,Apple,Seller 10,Gujarat,New Delhi,4,21175.5,0.1,19182.7,7971.2,Debit Card,Cancelled,5,Not Returned
FLK12363,2023-05-25,Customer 2363,Home & Kitchen,Product 2363,Nike,Seller 3,Delhi,Bangalore,1,48719.59,0.21,6420.93,42298.66,Cash on Delivery,Delivered,1,Not Returned
FLK12364,2023-05-01,Customer 2364,Clothing,Product 2364,Apple,Seller 5,Karnataka,Chennai,2,4347.83,0.25,4875.23,-1054.8,Credit Card,Delivered,3,Not Returned
FLK12365,2023-10-28,Customer 2365,Books,Product 2365,Nike,Seller 2,Gujarat,Bangalore,4,20806.15,0.12,1517.45,77154.8,Cash on Delivery,Shipped,5,Not Returned
FLK12366,2023-10-18,Customer 2366,Books,Product 2366,Sony,Seller 2,Gujarat,Ahmedabad,1,16216.96,0.28,38171.47,-21954.51,UPI,Cancelled,4,Not Returned
FLK12367,2023-10-10,Customer 2367,Beauty,Product 2367,Nike,Seller 2,Delhi,Bangalore,2,14526.15,0.07,3297.36,22457.58,Credit Card,Delivered,5,Not Returned
FLK12368,2023-11-21,Customer 2368,Books,Product 2368,Nike,Seller 1,Karnataka,Chennai,4,12097.47,0.1,5109.94,27950.12,Credit Card,Delivered,3,Not Returned
FLK12369,2023-08-01,Customer 2369,Books,Product 2369,Samsung,Seller 5,Delhi,New Delhi,3,15263.31,0.25,18598.06,-10004.25,UPI,Delivered,2,Not Returned
FLK12370,2023-07-01,Customer 2370,Clothing,Product 2370,Nike,Seller 6,Tamil Nadu,Bangalore,5,8217.82,0.11,38970.05,-153761.15,Debit Card,Processing,3,Not Returned
FLK12371,2023-04-24,Customer 2371,Beauty,Product 2371,Sony,Seller 8,Karnataka,Mumbai,3,29247.23,0.28,21213.33,24101.7,Credit Card,Delivered,2,Not Returned
FLK12372,2023-12-29,Customer 2372,Beauty,Product 2372,Biba,Seller 10,Karnataka,Chennai,1,31675.98,0.29,3338.58,28337.4,Cash on Delivery,Delivered,1,Not Returned
FLK12373,2023-08-19,Customer 2373,Home & Kitchen,Product 2373,LG,Seller 2,Gujarat,Chennai,2,46184.16,0.13,3998.6,84371.12,Credit Card,Delivered,5,Not Returned
FLK12374,2023-11-26,Customer 2374,Home & Kitchen,Product 2374,Nike,Seller 7,Delhi,Bangalore,2,20187.32,0.12,11905.63,16563.38,Credit Card,Delivered,2,Not Returned
FLK12375,2023-08-26,Customer 2375,Electronics,Product 2375,Nike,Seller 9,Tamil Nadu,Ahmedabad,5,29753.99,0.16,20879.07,44374.6,Cash on Delivery,Delivered,4,Not Returned
FLK12376,2023-02-24,Customer 2376,Books,Product 2376,Apple,Seller 8,Tamil Nadu,Chennai,4,22562.12,0.29,30651.36,-32356.96,UPI,Delivered,2,Pending
FLK12377,2023-11-01,Customer 2377,Beauty,Product 2377,Sony,Seller 4,Delhi,New Delhi,3,6163.88,0.27,17952.16,-35364.84,Cash on Delivery,Cancelled,5,Not Returned
FLK12378,2023-01-13,Customer 2378,Beauty,Product 2378,Apple,Seller 5,Karnataka,Mumbai,1,48457.2,0.11,33954.85,14502.35,Cash on Delivery,Delivered,2,Not Returned
FLK12379,2023-12-05,Customer 2379,Electronics,Product 2379,Nike,Seller 10,Tamil Nadu,Mumbai,2,8674.22,0.17,4836.73,7674.98,Credit Card,Cancelled,4,Not Returned
FLK12380,2023-01-01,Customer 2380,Books,Product 2380,Nike,Seller 10,Gujarat,Ahmedabad,1,31500.84,0.29,8988.03,22512.81,Cash on Delivery,Delivered,5,Not Returned
FLK12381,2023-11-28,Customer 2381,Clothing,Product 2381,LG,Seller 2,Tamil Nadu,Bangalore,5,43413.7,0.23,27868.66,77725.2,UPI,Delivered,3,Not Returned
FLK12382,2023-04-11,Customer 2382,Electronics,Product 2382,Sony,Seller 6,Gujarat,New Delhi,5,48359.47,0.08,25007.77,116758.5,Cash on Delivery,Delivered,3,Not Returned
FLK12383,2023-02-17,Customer 2383,Home & Kitchen,Product 2383,Puma,Seller 2,Maharashtra,Mumbai,3,39581.56,0.27,19496.16,60256.2,Cash on Delivery,Delivered,1,Not Returned
FLK12384,2023-07-06,Customer 2384,Electronics,Product 2384,Puma,Seller 2,Tamil Nadu,Bangalore,5,23445.81,0.05,35198.86,-58765.25,Credit Card,Delivered,2,Not Returned
FLK12385,2023-10-28,Customer 2385,Electronics,Product 2385,Samsung,Seller 4,Karnataka,Mumbai,2,20407.32,0.25,21600.83,-2387.02,Cash on Delivery,Delivered,5,Not Returned
FLK12386,2023-11-18,Customer 2386,Home & Kitchen,Product 2386,Nike,Seller 8,Delhi,Bangalore,3,12386.33,0.2,19253.52,-20601.57,Credit Card,Delivered,5,Not Returned
FLK12387,2023-10-26,Customer 2387,Beauty,Product 2387,Nike,Seller 6,Maharashtra,Ahmedabad,5,32578.41,0.11,24984.32,37970.45,UPI,Delivered,1,Not Returned
FLK12388,2023-02-11,Customer 2388,Books,Product 2388,Puma,Seller 1,Delhi,Mumbai,3,21126.09,0.26,18633.53,7477.68,Debit Card,Processing,5,Not Returned
FLK12389,2023-11-17,Customer 2389,Electronics,Product 2389,Apple,Seller 3,Delhi,Bangalore,1,33764.01,0.17,6057.36,27706.65,UPI,Delivered,2,Returned
FLK12390,2023-10-21,Customer 2390,Electronics,Product 2390,Apple,Seller 9,Tamil Nadu,New Delhi,1,33826.29,0.07,2967,30859.29,Debit Card,Delivered,3,Not Returned
FLK12391,2023-08-27,Customer 2391,Beauty,Product 2391,Puma,Seller 7,Karnataka,Mumbai,4,4177.59,0.05,39407,-140917.64,UPI,Cancelled,1,Not Returned
FLK12392,2023-02-11,Customer 2392,Electronics,Product 2392,Puma,Seller 7,Karnataka,Chennai,3,3830.01,0.19,38892.6,-105187.77,UPI,Cancelled,1,Not Returned
FLK12393,2023-03-01,Customer 2393,Clothing,Product 2393,Samsung,Seller 4,Tamil Nadu,Ahmedabad,1,45575.18,0.19,3154.08,42421.1,Cash on Delivery,Delivered,1,Not Returned
FLK12394,2023-04-26,Customer 2394,Electronics,Product 2394,Puma,Seller 2,Gujarat,Bangalore,4,48740.7,0.05,35940.78,51199.68,UPI,Cancelled,4,Not Returned
FLK12395,2023-08-21,Customer 2395,Books,Product 2395,LG,Seller 7,Gujarat,Bangalore,3,13501.25,0.26,22881.32,-28140.21,UPI,Shipped,2,Pending
FLK12396,2023-08-01,Customer 2396,Home & Kitchen,Product 2396,Nike,Seller 5,Gujarat,Mumbai,4,12925.41,0.28,25324.77,-49597.44,Cash on Delivery,Delivered,5,Not Returned
FLK12397,2023-02-08,Customer 2397,Home & Kitchen,Product 2397,Sony,Seller 4,Maharashtra,Chennai,3,1923.21,0.22,1518.02,1215.57,Cash on Delivery,Delivered,5,Not Returned
FLK12398,2023-06-28,Customer 2398,Electronics,Product 2398,Puma,Seller 1,Tamil Nadu,Bangalore,4,26792.53,0.28,2603.93,96754.4,Debit Card,Delivered,4,Not Returned
FLK12399,2023-05-17,Customer 2399,Clothing,Product 2399,LG,Seller 8,Maharashtra,Chennai,3,44261.99,0.29,16100.4,84484.77,Credit Card,Delivered,2,Not Returned
FLK12400,2023-02-07,Customer 2400,Electronics,Product 2400,Sony,Seller 1,Maharashtra,Ahmedabad,2,33042.4,0.18,37973.81,-9862.82,Cash on Delivery,Processing,4,Returned
FLK12401,2023-10-20,Customer 2401,Beauty,Product 2401,Samsung,Seller 6,Tamil Nadu,Ahmedabad,2,17736.03,0.17,25863.82,-16255.58,UPI,Delivered,3,Not Returned
FLK12402,2023-02-07,Customer 2402,Books,Product 2402,Biba,Seller 4,Tamil Nadu,New Delhi,1,35625.42,0.13,38363.71,-2738.29,Cash on Delivery,Shipped,3,Not Returned
FLK12403,2023-02-22,Customer 2403,Beauty,Product 2403,Nike,Seller 9,Karnataka,Bangalore,1,2233.67,0.01,2243.28,-9.61,Cash on Delivery,Shipped,1,Returned
FLK12404,2023-12-25,Customer 2404,Beauty,Product 2404,Samsung,Seller 3,Karnataka,Ahmedabad,1,23633.93,0.29,33536.05,-9902.12,UPI,Processing,1,Not Returned
FLK12405,2023-09-25,Customer 2405,Electronics,Product 2405,LG,Seller 2,Maharashtra,New Delhi,2,21689.99,0.11,36725.68,-30071.38,Debit Card,Delivered,1,Not Returned
FLK12406,2023-02-02,Customer 2406,Electronics,Product 2406,Biba,Seller 1,Gujarat,Mumbai,1,23811.85,0.25,3281.4,20530.45,UPI,Delivered,4,Not Returned
FLK12407,2023-04-18,Customer 2407,Clothing,Product 2407,Nike,Seller 2,Maharashtra,Ahmedabad,4,16801.9,0.11,27473.79,-42687.56,Credit Card,Delivered,2,Not Returned
FLK12408,2023-09-20,Customer 2408,Books,Product 2408,Samsung,Seller 5,Gujarat,Mumbai,4,7056.48,0.26,8734.3,-6711.28,Credit Card,Delivered,3,Returned
FLK12409,2023-03-10,Customer 2409,Beauty,Product 2409,LG,Seller 6,Delhi,Bangalore,4,26709.05,0.01,36126.24,-37668.76,Debit Card,Delivered,5,Not Returned
FLK12410,2023-04-12,Customer 2410,Clothing,Product 2410,Nike,Seller 4,Gujarat,Chennai,5,38426.8,0.05,38182.83,1219.85,Credit Card,Cancelled,1,Not Returned
FLK12411,2023-07-22,Customer 2411,Beauty,Product 2411,Apple,Seller 7,Tamil Nadu,Ahmedabad,2,28143.47,0.22,12571.46,31144.02,UPI,Delivered,1,Not Returned
FLK12412,2023-05-10,Customer 2412,Books,Product 2412,Apple,Seller 7,Delhi,New Delhi,2,29230.56,0.01,27526.61,3407.9,Debit Card,Delivered,4,Not Returned
FLK12413,2023-02-21,Customer 2413,Home & Kitchen,Product 2413,Puma,Seller 2,Tamil Nadu,New Delhi,2,29221.81,0.13,27822.53,2798.56,Credit Card,Delivered,2,Not Returned
FLK12414,2023-01-04,Customer 2414,Home & Kitchen,Product 2414,Sony,Seller 1,Gujarat,New Delhi,3,48775.77,0.13,29297.89,58433.64,UPI,Delivered,5,Not Returned
FLK12415,2023-07-10,Customer 2415,Beauty,Product 2415,Puma,Seller 4,Maharashtra,Bangalore,4,48844.21,0.28,13312.03,142128.72,UPI,Shipped,4,Not Returned
FLK12416,2023-05-01,Customer 2416,Home & Kitchen,Product 2416,Nike,Seller 1,Karnataka,New Delhi,5,9293,0.11,34787.04,-127470.2,UPI,Delivered,1,Not Returned
FLK12417,2023-03-01,Customer 2417,Home & Kitchen,Product 2417,Sony,Seller 3,Karnataka,Mumbai,3,22114.49,0.06,18069.04,12136.35,UPI,Delivered,2,Returned
FLK12418,2023-05-22,Customer 2418,Electronics,Product 2418,Samsung,Seller 1,Maharashtra,Chennai,2,48069.29,0.24,21543.09,53052.4,Credit Card,Delivered,4,Not Returned
FLK12419,2023-10-06,Customer 2419,Clothing,Product 2419,Apple,Seller 5,Maharashtra,Bangalore,3,44583.66,0.12,28185.19,49195.41,Debit Card,Delivered,2,Not Returned
FLK12420,2023-01-24,Customer 2420,Home & Kitchen,Product 2420,Puma,Seller 6,Gujarat,New Delhi,3,22581.85,0.18,39199.67,-49853.46,Credit Card,Delivered,2,Not Returned
FLK12421,2023-10-31,Customer 2421,Electronics,Product 2421,LG,Seller 1,Karnataka,Mumbai,3,48448.71,0.14,10391.09,114172.86,Credit Card,Delivered,3,Not Returned
FLK12422,2023-07-02,Customer 2422,Electronics,Product 2422,Samsung,Seller 8,Delhi,Chennai,5,33111.34,0.29,7693.68,127088.3,UPI,Delivered,4,Not Returned
FLK12423,2023-07-12,Customer 2423,Books,Product 2423,Apple,Seller 9,Maharashtra,Mumbai,3,34165.43,0.03,26969.85,21586.74,UPI,Delivered,5,Not Returned
FLK12424,2023-07-19,Customer 2424,Books,Product 2424,Puma,Seller 2,Maharashtra,Ahmedabad,3,32116.92,0.18,34391.12,-6822.6,UPI,Delivered,4,Pending
FLK12425,2023-12-23,Customer 2425,Clothing,Product 2425,Apple,Seller 4,Maharashtra,Ahmedabad,4,37476.32,0.27,27166.8,41238.08,UPI,Delivered,4,Returned
FLK12426,2023-10-15,Customer 2426,Electronics,Product 2426,Samsung,Seller 7,Gujarat,Chennai,3,38400.72,0.24,38672.61,-815.67,Cash on Delivery,Delivered,2,Not Returned
FLK12427,2023-10-19,Customer 2427,Books,Product 2427,Puma,Seller 1,Tamil Nadu,Bangalore,3,14706.09,0.18,24613.87,-29723.34,Debit Card,Processing,2,Not Returned
FLK12428,2023-11-25,Customer 2428,Home & Kitchen,Product 2428,Sony,Seller 5,Karnataka,Chennai,5,2851.83,0.13,36173.92,-166610.45,UPI,Processing,1,Not Returned
FLK12429,2023-06-25,Customer 2429,Home & Kitchen,Product 2429,Puma,Seller 4,Karnataka,New Delhi,5,49526.73,0.04,15932.43,167971.5,Debit Card,Delivered,4,Pending
FLK12430,2023-04-18,Customer 2430,Electronics,Product 2430,Samsung,Seller 6,Gujarat,Chennai,3,30492.11,0.24,38553.51,-24184.2,Debit Card,Delivered,2,Not Returned
FLK12431,2023-04-25,Customer 2431,Clothing,Product 2431,Nike,Seller 7,Gujarat,Chennai,2,26576.46,0.3,9131.15,34890.62,Debit Card,Delivered,3,Returned
FLK12432,2023-04-18,Customer 2432,Books,Product 2432,Biba,Seller 2,Tamil Nadu,New Delhi,5,5342.24,0.28,25601.17,-101294.65,UPI,Delivered,1,Not Returned
FLK12433,2023-09-09,Customer 2433,Electronics,Product 2433,Samsung,Seller 4,Tamil Nadu,Ahmedabad,1,10098.04,0.22,20260.95,-10162.91,Debit Card,Delivered,5,Not Returned
FLK12434,2023-10-28,Customer 2434,Electronics,Product 2434,Nike,Seller 3,Gujarat,Mumbai,4,2851.99,0.06,3975.37,-4493.52,UPI,Shipped,4,Not Returned
FLK12435,2023-04-11,Customer 2435,Beauty,Product 2435,Biba,Seller 4,Karnataka,Mumbai,4,14714.75,0.14,10877.53,15348.88,Credit Card,Delivered,5,Not Returned
FLK12436,2023-09-04,Customer 2436,Clothing,Product 2436,Apple,Seller 5,Tamil Nadu,Ahmedabad,2,2368.77,0.08,14592.6,-24447.66,Debit Card,Delivered,3,Returned
FLK12437,2023-03-18,Customer 2437,Books,Product 2437,Apple,Seller 7,Delhi,New Delhi,2,10285.37,0.29,10995.03,-1419.32,Debit Card,Delivered,5,Not Returned
FLK12438,2023-02-26,Customer 2438,Beauty,Product 2438,Apple,Seller 9,Gujarat,Bangalore,5,30054.75,0.29,6354.05,118503.5,Credit Card,Cancelled,2,Not Returned
FLK12439,2023-07-27,Customer 2439,Books,Product 2439,LG,Seller 3,Maharashtra,Ahmedabad,4,32959.95,0.19,14897.14,72251.24,Debit Card,Delivered,4,Not Returned
FLK12440,2023-12-10,Customer 2440,Books,Product 2440,Nike,Seller 6,Karnataka,Mumbai,5,17434.1,0.11,5512.12,59609.9,Cash on Delivery,Delivered,2,Not Returned
FLK12441,2023-09-13,Customer 2441,Clothing,Product 2441,Sony,Seller 9,Gujarat,Mumbai,5,11357.38,0.2,19753.93,-41982.75,UPI,Delivered,4,Not Returned
FLK12442,2023-07-30,Customer 2442,Books,Product 2442,Apple,Seller 9,Maharashtra,Bangalore,2,19247.48,0.2,32790.96,-27086.96,UPI,Shipped,3,Pending
FLK12443,2023-01-09,Customer 2443,Beauty,Product 2443,Puma,Seller 3,Maharashtra,Chennai,3,19124.44,0.11,1472.47,52955.91,Credit Card,Delivered,4,Not Returned
FLK12444,2023-08-25,Customer 2444,Books,Product 2444,Puma,Seller 2,Karnataka,Chennai,1,3470.79,0.18,8765.52,-5294.73,Debit Card,Delivered,3,Not Returned
FLK12445,2023-03-25,Customer 2445,Books,Product 2445,Biba,Seller 3,Delhi,Ahmedabad,4,34416.33,0.23,32723.33,6772,Credit Card,Processing,1,Pending
FLK12446,2023-11-29,Customer 2446,Electronics,Product 2446,LG,Seller 2,Delhi,Mumbai,2,24323.82,0.06,36725.26,-24802.88,Credit Card,Cancelled,5,Not Returned
FLK12447,2023-03-16,Customer 2447,Electronics,Product 2447,LG,Seller 8,Tamil Nadu,Mumbai,1,39010.48,0.1,24956.96,14053.52,Debit Card,Delivered,3,Not Returned
FLK12448,2023-03-27,Customer 2448,Electronics,Product 2448,LG,Seller 1,Tamil Nadu,Bangalore,1,34765.18,0.16,27838.41,6926.77,Credit Card,Shipped,5,Not Returned
FLK12449,2023-10-23,Customer 2449,Electronics,Product 2449,Apple,Seller 5,Karnataka,New Delhi,4,18689.77,0.18,5955.98,50935.16,Debit Card,Delivered,1,Not Returned
FLK12450,2023-12-21,Customer 2450,Books,Product 2450,Puma,Seller 7,Karnataka,New Delhi,1,31555.82,0.28,39859.24,-8303.42,UPI,Delivered,2,Not Returned
FLK12451,2023-12-22,Customer 2451,Home & Kitchen,Product 2451,Biba,Seller 8,Gujarat,Ahmedabad,2,22414.92,0.25,28049.75,-11269.66,Debit Card,Delivered,3,Not Returned
FLK12452,2023-01-28,Customer 2452,Clothing,Product 2452,Apple,Seller 3,Gujarat,Ahmedabad,3,23016.18,0.28,22019.36,2990.46,UPI,Delivered,1,Not Returned
FLK12453,2023-09-20,Customer 2453,Beauty,Product 2453,Biba,Seller 2,Tamil Nadu,Mumbai,1,2047.85,0.11,34602.99,-32555.14,Credit Card,Delivered,5,Not Returned
FLK12454,2023-07-18,Customer 2454,Clothing,Product 2454,Samsung,Seller 9,Delhi,Bangalore,1,41953.81,0.2,15421.09,26532.72,Cash on Delivery,Shipped,4,Not Returned
FLK12455,2023-02-02,Customer 2455,Beauty,Product 2455,Biba,Seller 10,Gujarat,Bangalore,5,43957.12,0.23,39756.39,21003.65,UPI,Delivered,2,Returned
FLK12456,2023-12-11,Customer 2456,Home & Kitchen,Product 2456,Apple,Seller 7,Delhi,Chennai,3,4933.61,0.19,27335.43,-67205.46,Credit Card,Delivered,1,Not Returned
FLK12457,2023-08-30,Customer 2457,Books,Product 2457,Puma,Seller 9,Tamil Nadu,New Delhi,5,5777.02,0.06,19414.88,-68189.3,Credit Card,Delivered,1,Not Returned
FLK12458,2023-01-30,Customer 2458,Home & Kitchen,Product 2458,LG,Seller 4,Tamil Nadu,Ahmedabad,3,36682.66,0.18,18371.52,54933.42,UPI,Delivered,2,Not Returned
FLK12459,2023-01-28,Customer 2459,Home & Kitchen,Product 2459,Apple,Seller 2,Delhi,Ahmedabad,5,3246.07,0.15,32618.88,-146864.05,Cash on Delivery,Delivered,2,Not Returned
FLK12460,2023-01-07,Customer 2460,Home & Kitchen,Product 2460,Apple,Seller 3,Karnataka,Mumbai,3,8758.39,0.23,25203.78,-49336.17,UPI,Delivered,1,Not Returned
FLK12461,2023-11-14,Customer 2461,Clothing,Product 2461,Nike,Seller 10,Gujarat,New Delhi,2,23357.64,0.21,26654.89,-6594.5,Debit Card,Delivered,5,Not Returned
FLK12462,2023-11-01,Customer 2462,Clothing,Product 2462,Puma,Seller 5,Karnataka,Bangalore,2,19569.1,0.21,24763.75,-10389.3,Debit Card,Delivered,1,Not Returned
FLK12463,2023-07-27,Customer 2463,Home & Kitchen,Product 2463,Apple,Seller 6,Maharashtra,New Delhi,2,46955.19,0.24,34016.96,25876.46,Credit Card,Cancelled,5,Not Returned
FLK12464,2023-11-10,Customer 2464,Beauty,Product 2464,Sony,Seller 8,Tamil Nadu,New Delhi,4,38619.64,0.21,18146.42,81892.88,Credit Card,Processing,5,Not Returned
FLK12465,2023-01-03,Customer 2465,Electronics,Product 2465,Nike,Seller 6,Tamil Nadu,Chennai,4,23214.84,0.18,2379.58,83341.04,Debit Card,Delivered,4,Not Returned
FLK12466,2023-09-18,Customer 2466,Books,Product 2466,Nike,Seller 5,Gujarat,Ahmedabad,1,3593.34,0.29,31899.95,-28306.61,Cash on Delivery,Delivered,4,Not Returned
FLK12467,2023-08-16,Customer 2467,Home & Kitchen,Product 2467,Nike,Seller 6,Delhi,Ahmedabad,3,28128.21,0.07,10718.45,52229.28,UPI,Delivered,5,Not Returned
FLK12468,2023-02-25,Customer 2468,Books,Product 2468,Apple,Seller 2,Delhi,Ahmedabad,2,34765.76,0.03,21566.11,26399.3,Cash on Delivery,Delivered,5,Not Returned
FLK12469,2023-12-09,Customer 2469,Home & Kitchen,Product 2469,Samsung,Seller 4,Maharashtra,Chennai,2,41336.07,0.13,20222.83,42226.48,UPI,Delivered,4,Not Returned
FLK12470,2023-04-12,Customer 2470,Home & Kitchen,Product 2470,Puma,Seller 9,Delhi,Chennai,5,7988.47,0.26,10964.68,-14881.05,Debit Card,Delivered,5,Not Returned
FLK12471,2023-03-10,Customer 2471,Books,Product 2471,Nike,Seller 6,Karnataka,Ahmedabad,5,41133.87,0.16,35337.87,28980,Cash on Delivery,Shipped,4,Not Returned
FLK12472,2023-11-09,Customer 2472,Beauty,Product 2472,Apple,Seller 5,Tamil Nadu,Mumbai,3,27243.69,0.14,15759.26,34453.29,Debit Card,Delivered,2,Not Returned
FLK12473,2023-02-23,Customer 2473,Clothing,Product 2473,Puma,Seller 9,Karnataka,New Delhi,5,43930.68,0.03,17457.77,132364.55,Cash on Delivery,Delivered,2,Not Returned
FLK12474,2023-05-19,Customer 2474,Home & Kitchen,Product 2474,Sony,Seller 3,Gujarat,Bangalore,3,43178.89,0.25,24926.72,54756.51,Cash on Delivery,Delivered,3,Not Returned
FLK12475,2023-08-29,Customer 2475,Home & Kitchen,Product 2475,Nike,Seller 5,Karnataka,Ahmedabad,2,22925.74,0.1,3278.12,39295.24,Debit Card,Delivered,5,Pending
FLK12476,2023-03-11,Customer 2476,Electronics,Product 2476,Puma,Seller 4,Tamil Nadu,Chennai,4,48006.43,0.14,27904.41,80408.08,Debit Card,Delivered,1,Not Returned
FLK12477,2023-04-17,Customer 2477,Home & Kitchen,Product 2477,Biba,Seller 4,Gujarat,Ahmedabad,1,8253.43,0.09,38999.05,-30745.62,Debit Card,Processing,3,Not Returned
FLK12478,2023-12-09,Customer 2478,Home & Kitchen,Product 2478,Biba,Seller 2,Delhi,Mumbai,2,40185.02,0.05,5757.69,68854.66,UPI,Cancelled,1,Returned
FLK12479,2023-08-27,Customer 2479,Books,Product 2479,Puma,Seller 7,Karnataka,Ahmedabad,2,2215.34,0.1,9681.2,-14931.72,Cash on Delivery,Delivered,4,Not Returned
FLK12480,2023-06-03,Customer 2480,Beauty,Product 2480,LG,Seller 1,Maharashtra,New Delhi,5,9386.52,0.27,26141.86,-83776.7,Cash on Delivery,Delivered,3,Not Returned
FLK12481,2023-05-26,Customer 2481,Home & Kitchen,Product 2481,Biba,Seller 6,Tamil Nadu,Bangalore,5,40012.3,0.04,25157.59,74273.55,UPI,Delivered,1,Not Returned
FLK12482,2023-04-06,Customer 2482,Electronics,Product 2482,Biba,Seller 9,Delhi,New Delhi,3,16394.83,0.27,14190.7,6612.39,Debit Card,Delivered,2,Not Returned
FLK12483,2023-06-16,Customer 2483,Home & Kitchen,Product 2483,Apple,Seller 9,Delhi,Bangalore,3,27790.99,0.16,13870.99,41760,Credit Card,Shipped,5,Not Returned
FLK12484,2023-10-04,Customer 2484,Clothing,Product 2484,Biba,Seller 10,Delhi,Mumbai,5,30859.63,0.12,36831.39,-29858.8,Debit Card,Delivered,3,Not Returned
FLK12485,2023-12-21,Customer 2485,Electronics,Product 2485,Nike,Seller 8,Delhi,Mumbai,1,12641.83,0.2,33582.25,-20940.42,UPI,Processing,3,Not Returned
FLK12486,2023-08-24,Customer 2486,Books,Product 2486,Sony,Seller 3,Maharashtra,Bangalore,5,10944.69,0.14,15564.12,-23097.15,Cash on Delivery,Shipped,1,Not Returned
FLK12487,2023-09-04,Customer 2487,Electronics,Product 2487,Biba,Seller 3,Tamil Nadu,Ahmedabad,4,38931.51,0.06,6218.36,130852.6,Cash on Delivery,Processing,5,Not Returned
FLK12488,2023-03-18,Customer 2488,Books,Product 2488,Samsung,Seller 8,Tamil Nadu,Ahmedabad,2,13923.69,0.29,38178.35,-48509.32,Credit Card,Delivered,4,Not Returned
FLK12489,2023-04-24,Customer 2489,Home & Kitchen,Product 2489,Puma,Seller 6,Karnataka,New Delhi,2,44477.27,0.06,38078.12,12798.3,UPI,Cancelled,5,Not Returned
FLK12490,2023-11-26,Customer 2490,Books,Product 2490,Apple,Seller 5,Karnataka,Bangalore,2,18236.83,0.18,9140.71,18192.24,UPI,Processing,2,Not Returned
FLK12491,2023-03-06,Customer 2491,Beauty,Product 2491,Samsung,Seller 6,Tamil Nadu,Chennai,2,8745.85,0.08,30575.97,-43660.24,UPI,Delivered,2,Pending
FLK12492,2023-09-24,Customer 2492,Electronics,Product 2492,Puma,Seller 4,Gujarat,New Delhi,5,49013.45,0.2,12084.64,184644.05,Credit Card,Delivered,5,Not Returned
FLK12493,2023-02-05,Customer 2493,Home & Kitchen,Product 2493,Sony,Seller 10,Tamil Nadu,Mumbai,2,32405.34,0.08,15931.44,32947.8,Debit Card,Delivered,1,Returned
FLK12494,2023-05-23,Customer 2494,Electronics,Product 2494,Puma,Seller 5,Tamil Nadu,New Delhi,4,10907.55,0.22,25081.14,-56694.36,Credit Card,Shipped,1,Not Returned
FLK12495,2023-06-19,Customer 2495,Home & Kitchen,Product 2495,Samsung,Seller 8,Tamil Nadu,Chennai,1,42429.5,0.27,9959.92,32469.58,Debit Card,Shipped,4,Not Returned
FLK12496,2023-05-23,Customer 2496,Beauty,Product 2496,Biba,Seller 5,Delhi,New Delhi,3,31975.9,0.18,8668.92,69920.94,Credit Card,Delivered,4,Not Returned
FLK12497,2023-05-06,Customer 2497,Electronics,Product 2497,Samsung,Seller 1,Delhi,Bangalore,4,25510.99,0.04,30414.88,-19615.56,UPI,Delivered,2,Not Returned
FLK12498,2023-11-16,Customer 2498,Books,Product 2498,Nike,Seller 9,Delhi,Chennai,3,1559.77,0.04,32751.33,-93574.68,UPI,Delivered,5,Not Returned
FLK12499,2023-07-26,Customer 2499,Clothing,Product 2499,Apple,Seller 3,Tamil Nadu,New Delhi,1,38398.63,0.03,13091.49,25307.14,Cash on Delivery,Delivered,3,Not Returned
FLK12500,2023-08-25,Customer 2500,Electronics,Product 2500,Puma,Seller 5,Karnataka,New Delhi,2,17588.83,0.18,38952.19,-42726.72,Credit Card,Cancelled,2,Not Returned
FLK12501,2023-12-19,Customer 2501,Clothing,Product 2501,LG,Seller 10,Delhi,New Delhi,1,25972.26,0.26,38197.28,-12225.02,Debit Card,Cancelled,4,Not Returned
FLK12502,2023-03-24,Customer 2502,Home & Kitchen,Product 2502,LG,Seller 6,Maharashtra,Chennai,5,44649.79,0.23,25932.22,93587.85,UPI,Processing,1,Not Returned
FLK12503,2023-02-19,Customer 2503,Books,Product 2503,Samsung,Seller 3,Delhi,Mumbai,5,19111.48,0.1,12190.05,34607.15,UPI,Delivered,2,Not Returned
FLK12504,2023-12-07,Customer 2504,Beauty,Product 2504,Biba,Seller 7,Gujarat,Mumbai,3,1992.58,0.22,22065.36,-60218.34,Debit Card,Shipped,2,Not Returned
FLK12505,2023-12-16,Customer 2505,Beauty,Product 2505,LG,Seller 2,Maharashtra,Mumbai,5,14763.25,0.22,7353,37051.25,UPI,Shipped,3,Not Returned
FLK12506,2023-01-12,Customer 2506,Electronics,Product 2506,Nike,Seller 2,Maharashtra,Chennai,5,44991.55,0.11,33217.17,58871.9,UPI,Delivered,4,Not Returned
FLK12507,2023-02-01,Customer 2507,Books,Product 2507,Nike,Seller 8,Gujarat,Mumbai,1,40045.52,0.2,36119.28,3926.24,Debit Card,Delivered,1,Not Returned
FLK12508,2023-11-01,Customer 2508,Books,Product 2508,Sony,Seller 2,Maharashtra,Mumbai,4,36577.13,0.08,32060.46,18066.68,Debit Card,Delivered,2,Not Returned
FLK12509,2023-12-18,Customer 2509,Electronics,Product 2509,Biba,Seller 3,Tamil Nadu,New Delhi,3,5011.43,0.15,11973.82,-20887.17,UPI,Delivered,1,Not Returned
FLK12510,2023-03-26,Customer 2510,Electronics,Product 2510,Apple,Seller 4,Gujarat,Chennai,5,2666.1,0.09,34351.69,-158427.95,Credit Card,Delivered,3,Not Returned
FLK12511,2023-10-12,Customer 2511,Electronics,Product 2511,Puma,Seller 9,Delhi,Ahmedabad,2,20973.36,0.24,6759.5,28427.72,Credit Card,Cancelled,1,Not Returned
FLK12512,2023-10-30,Customer 2512,Books,Product 2512,Samsung,Seller 3,Delhi,Bangalore,1,20010.02,0.17,32673.89,-12663.87,UPI,Delivered,5,Not Returned
FLK12513,2023-08-09,Customer 2513,Clothing,Product 2513,Biba,Seller 1,Karnataka,Chennai,5,4907.89,0.26,9114.4,-21032.55,Credit Card,Delivered,5,Not Returned
FLK12514,2023-09-03,Customer 2514,Home & Kitchen,Product 2514,Apple,Seller 6,Delhi,Chennai,2,10844.45,0.06,30581.48,-39474.06,UPI,Delivered,5,Not Returned
FLK12515,2023-08-09,Customer 2515,Books,Product 2515,Biba,Seller 2,Karnataka,Ahmedabad,3,19925.81,0.03,28698.08,-26316.81,Cash on Delivery,Delivered,4,Not Returned
FLK12516,2023-12-01,Customer 2516,Clothing,Product 2516,LG,Seller 4,Delhi,New Delhi,4,10992.94,0.12,33405.76,-89651.28,Cash on Delivery,Shipped,3,Not Returned
FLK12517,2023-11-30,Customer 2517,Books,Product 2517,Nike,Seller 8,Delhi,Bangalore,4,28889.02,0.12,30897.86,-8035.36,Credit Card,Delivered,5,Not Returned
FLK12518,2023-06-26,Customer 2518,Electronics,Product 2518,Samsung,Seller 5,Tamil Nadu,Ahmedabad,5,48266.11,0.13,24333.69,119662.1,UPI,Shipped,2,Not Returned
FLK12519,2023-01-31,Customer 2519,Books,Product 2519,Biba,Seller 2,Karnataka,Ahmedabad,5,39106.11,0.18,34640.79,22326.6,Credit Card,Delivered,1,Not Returned
FLK12520,2023-05-08,Customer 2520,Beauty,Product 2520,LG,Seller 5,Maharashtra,Chennai,4,20681.23,0.27,31166.5,-41941.08,Debit Card,Delivered,4,Not Returned
FLK12521,2023-10-10,Customer 2521,Beauty,Product 2521,Samsung,Seller 3,Maharashtra,New Delhi,2,36692.43,0.25,19939.93,33505,UPI,Delivered,5,Pending
FLK12522,2023-12-21,Customer 2522,Beauty,Product 2522,Puma,Seller 6,Gujarat,Mumbai,4,18218.06,0.3,4981.15,52947.64,Credit Card,Cancelled,5,Not Returned
FLK12523,2023-04-20,Customer 2523,Home & Kitchen,Product 2523,Samsung,Seller 3,Maharashtra,New Delhi,3,28273.23,0.07,28496.56,-669.99,UPI,Delivered,4,Not Returned
FLK12524,2023-03-16,Customer 2524,Beauty,Product 2524,Samsung,Seller 1,Delhi,Mumbai,4,20925.52,0.14,20962.35,-147.32,Cash on Delivery,Delivered,5,Not Returned
FLK12525,2023-09-03,Customer 2525,Home & Kitchen,Product 2525,Apple,Seller 7,Maharashtra,New Delhi,4,7127.6,0.13,4708.95,9674.6,Debit Card,Delivered,1,Not Returned
FLK12526,2023-07-24,Customer 2526,Books,Product 2526,Apple,Seller 5,Karnataka,Ahmedabad,2,25919.46,0.04,31085.35,-10331.78,Debit Card,Processing,2,Not Returned
FLK12527,2023-02-27,Customer 2527,Home & Kitchen,Product 2527,Puma,Seller 4,Tamil Nadu,Chennai,1,27203.54,0.04,12625.23,14578.31,Credit Card,Cancelled,5,Not Returned
FLK12528,2023-09-22,Customer 2528,Electronics,Product 2528,LG,Seller 7,Delhi,Mumbai,2,35566.14,0.09,38758.87,-6385.46,Debit Card,Delivered,3,Returned
FLK12529,2023-07-14,Customer 2529,Electronics,Product 2529,Sony,Seller 5,Maharashtra,New Delhi,3,49287.26,0.24,8357.23,122790.09,Debit Card,Delivered,2,Returned
FLK12530,2023-10-18,Customer 2530,Home & Kitchen,Product 2530,Puma,Seller 7,Tamil Nadu,Chennai,1,49475.74,0.26,4200.25,45275.49,Cash on Delivery,Delivered,1,Not Returned
FLK12531,2023-03-18,Customer 2531,Beauty,Product 2531,Samsung,Seller 7,Gujarat,New Delhi,5,34471.44,0.21,26183.76,41438.4,Cash on Delivery,Processing,5,Not Returned
FLK12532,2023-09-29,Customer 2532,Beauty,Product 2532,Samsung,Seller 6,Delhi,Ahmedabad,2,34087.9,0.14,39092.91,-10010.02,UPI,Delivered,5,Not Returned
FLK12533,2023-02-13,Customer 2533,Clothing,Product 2533,Puma,Seller 6,Delhi,Ahmedabad,1,10011.03,0.24,31654.4,-21643.37,Credit Card,Delivered,5,Not Returned
FLK12534,2023-10-15,Customer 2534,Home & Kitchen,Product 2534,LG,Seller 8,Tamil Nadu,Chennai,1,21356.65,0.25,37052.05,-15695.4,Debit Card,Delivered,4,Not Returned
FLK12535,2023-03-05,Customer 2535,Home & Kitchen,Product 2535,Sony,Seller 3,Gujarat,Mumbai,2,30840.18,0.12,23211.99,15256.38,Debit Card,Delivered,1,Not Returned
FLK12536,2023-12-23,Customer 2536,Clothing,Product 2536,Sony,Seller 6,Tamil Nadu,Bangalore,3,9008.09,0.01,1024.75,23950.02,Cash on Delivery,Shipped,4,Returned
FLK12537,2023-02-04,Customer 2537,Clothing,Product 2537,LG,Seller 5,Karnataka,New Delhi,3,39194.77,0.21,13097.55,78291.66,UPI,Delivered,4,Not Returned
FLK12538,2023-12-31,Customer 2538,Beauty,Product 2538,Samsung,Seller 4,Maharashtra,New Delhi,2,36696.09,0.19,28811.11,15769.96,Credit Card,Delivered,3,Not Returned
FLK12539,2023-02-22,Customer 2539,Beauty,Product 2539,Puma,Seller 10,Karnataka,Mumbai,3,47489.62,0.22,9969.98,112558.92,Debit Card,Cancelled,5,Returned
FLK12540,2023-06-04,Customer 2540,Electronics,Product 2540,Nike,Seller 2,Karnataka,Bangalore,3,44492.96,0.26,32035.72,37371.72,Debit Card,Delivered,5,Not Returned
FLK12541,2023-10-05,Customer 2541,Beauty,Product 2541,Puma,Seller 4,Tamil Nadu,Bangalore,4,40497.42,0.22,34357.5,24559.68,Cash on Delivery,Delivered,4,Not Returned
FLK12542,2023-01-25,Customer 2542,Beauty,Product 2542,Biba,Seller 6,Tamil Nadu,Mumbai,3,47418.24,0.15,33118.27,42899.91,Debit Card,Delivered,1,Not Returned
FLK12543,2023-02-03,Customer 2543,Electronics,Product 2543,Sony,Seller 8,Delhi,Ahmedabad,4,14363.65,0.28,37368.91,-92021.04,Cash on Delivery,Delivered,1,Returned
FLK12544,2023-03-03,Customer 2544,Books,Product 2544,Nike,Seller 7,Karnataka,Mumbai,2,32636.8,0.29,39860.61,-14447.62,UPI,Delivered,4,Not Returned
FLK12545,2023-06-05,Customer 2545,Beauty,Product 2545,Puma,Seller 5,Tamil Nadu,Bangalore,5,40676.95,0.2,36630.94,20230.05,Debit Card,Shipped,2,Not Returned
FLK12546,2023-12-09,Customer 2546,Clothing,Product 2546,Nike,Seller 9,Tamil Nadu,New Delhi,1,23752.71,0.17,5312.72,18439.99,UPI,Delivered,1,Pending
FLK12547,2023-03-22,Customer 2547,Books,Product 2547,Sony,Seller 9,Delhi,Ahmedabad,5,37809.49,0.13,23041.82,73838.35,Credit Card,Delivered,4,Not Returned
FLK12548,2023-01-10,Customer 2548,Beauty,Product 2548,Samsung,Seller 7,Karnataka,Bangalore,3,11289.61,0.18,39785.9,-85488.87,Cash on Delivery,Delivered,2,Not Returned
FLK12549,2023-12-09,Customer 2549,Electronics,Product 2549,LG,Seller 2,Delhi,Chennai,1,49502.66,0.15,33276.7,16225.96,Credit Card,Delivered,5,Not Returned
FLK12550,2023-02-01,Customer 2550,Electronics,Product 2550,Puma,Seller 9,Tamil Nadu,New Delhi,4,46860.03,0.08,1992.47,179470.24,Credit Card,Delivered,5,Not Returned
FLK12551,2023-05-20,Customer 2551,Electronics,Product 2551,Nike,Seller 10,Maharashtra,New Delhi,3,15683.56,0.14,16654.83,-2913.81,UPI,Delivered,2,Not Returned
FLK12552,2023-05-27,Customer 2552,Home & Kitchen,Product 2552,Sony,Seller 6,Tamil Nadu,Mumbai,3,21705.28,0.12,27180.78,-16426.5,Credit Card,Processing,3,Not Returned
FLK12553,2023-08-17,Customer 2553,Electronics,Product 2553,Nike,Seller 8,Tamil Nadu,Ahmedabad,2,42925.06,0.24,8177.34,69495.44,Debit Card,Processing,4,Not Returned
FLK12554,2023-08-12,Customer 2554,Beauty,Product 2554,Biba,Seller 10,Maharashtra,Chennai,1,42240,0.12,37999.28,4240.72,Debit Card,Delivered,5,Not Returned
FLK12555,2023-08-15,Customer 2555,Beauty,Product 2555,LG,Seller 1,Gujarat,Chennai,5,23393.69,0.23,10697.74,63479.75,Credit Card,Delivered,2,Not Returned
FLK12556,2023-09-21,Customer 2556,Home & Kitchen,Product 2556,LG,Seller 3,Karnataka,New Delhi,2,24237.96,0.05,14028.69,20418.54,UPI,Delivered,4,Not Returned
FLK12557,2023-01-13,Customer 2557,Books,Product 2557,Puma,Seller 6,Maharashtra,New Delhi,4,38404.65,0.18,8768.71,118543.76,UPI,Delivered,2,Returned
FLK12558,2023-03-08,Customer 2558,Beauty,Product 2558,Samsung,Seller 6,Tamil Nadu,Bangalore,4,38586.82,0.08,6052.68,130136.56,UPI,Delivered,1,Not Returned
FLK12559,2023-10-24,Customer 2559,Beauty,Product 2559,Apple,Seller 1,Maharashtra,Bangalore,4,41227.98,0.22,28651.78,50304.8,Credit Card,Delivered,4,Not Returned
FLK12560,2023-12-02,Customer 2560,Beauty,Product 2560,Nike,Seller 1,Maharashtra,New Delhi,1,10430.37,0.08,30511.5,-20081.13,Credit Card,Delivered,3,Not Returned
FLK12561,2023-04-18,Customer 2561,Electronics,Product 2561,Nike,Seller 6,Tamil Nadu,Chennai,1,32442,0.27,25173.07,7268.93,Credit Card,Delivered,2,Not Returned
FLK12562,2023-09-26,Customer 2562,Home & Kitchen,Product 2562,Sony,Seller 2,Tamil Nadu,New Delhi,3,19670.5,0.01,38990.77,-57960.81,Cash on Delivery,Delivered,5,Not Returned
FLK12563,2023-06-04,Customer 2563,Beauty,Product 2563,Apple,Seller 6,Tamil Nadu,Ahmedabad,4,23497.86,0.2,17666.08,23327.12,Credit Card,Delivered,4,Not Returned
FLK12564,2023-08-19,Customer 2564,Beauty,Product 2564,Puma,Seller 10,Tamil Nadu,Ahmedabad,3,31021.1,0.09,38373.65,-22057.65,UPI,Delivered,4,Not Returned
FLK12565,2023-08-22,Customer 2565,Electronics,Product 2565,Samsung,Seller 8,Gujarat,Bangalore,4,4673.43,0.12,9915.5,-20968.28,Credit Card,Delivered,2,Not Returned
FLK12566,2023-12-12,Customer 2566,Clothing,Product 2566,Nike,Seller 6,Delhi,Chennai,1,1303.13,0.14,35046.04,-33742.91,Cash on Delivery,Delivered,5,Not Returned
FLK12567,2023-08-23,Customer 2567,Beauty,Product 2567,Nike,Seller 8,Tamil Nadu,New Delhi,1,15358.14,0.17,27242.07,-11883.93,Cash on Delivery,Delivered,4,Not Returned
FLK12568,2023-11-12,Customer 2568,Books,Product 2568,Puma,Seller 1,Maharashtra,Ahmedabad,2,15975.85,0.26,15544.39,862.92,UPI,Delivered,2,Not Returned
FLK12569,2023-05-04,Customer 2569,Clothing,Product 2569,Nike,Seller 4,Gujarat,New Delhi,2,30381.47,0.19,36619.44,-12475.94,Debit Card,Delivered,4,Not Returned
FLK12570,2023-05-27,Customer 2570,Clothing,Product 2570,Nike,Seller 7,Karnataka,Bangalore,1,3588.22,0.15,1785.07,1803.15,UPI,Processing,1,Not Returned
FLK12571,2023-08-28,Customer 2571,Beauty,Product 2571,Biba,Seller 7,Maharashtra,Bangalore,2,19910.14,0.24,8612.23,22595.82,UPI,Delivered,4,Not Returned
FLK12572,2023-09-16,Customer 2572,Clothing,Product 2572,Nike,Seller 10,Maharashtra,Ahmedabad,5,21656.85,0.12,31899.34,-51212.45,Credit Card,Delivered,1,Not Returned
FLK12573,2023-08-09,Customer 2573,Clothing,Product 2573,Puma,Seller 1,Tamil Nadu,Bangalore,5,37364.16,0.13,12518.68,124227.4,Cash on Delivery,Processing,4,Not Returned
FLK12574,2023-12-20,Customer 2574,Beauty,Product 2574,Puma,Seller 8,Gujarat,Mumbai,3,31677.32,0.09,19603.89,36220.29,Cash on Delivery,Processing,5,Not Returned
FLK12575,2023-01-12,Customer 2575,Electronics,Product 2575,LG,Seller 8,Delhi,New Delhi,2,46785.85,0.22,26585.84,40400.02,Credit Card,Delivered,2,Not Returned
FLK12576,2023-05-07,Customer 2576,Home & Kitchen,Product 2576,Biba,Seller 7,Gujarat,Mumbai,2,24980.68,0.07,38328.34,-26695.32,UPI,Delivered,5,Not Returned
FLK12577,2023-12-31,Customer 2577,Home & Kitchen,Product 2577,LG,Seller 9,Gujarat,Chennai,4,19834.97,0.11,39388.92,-78215.8,UPI,Delivered,5,Not Returned
FLK12578,2023-08-19,Customer 2578,Clothing,Product 2578,Apple,Seller 10,Gujarat,Ahmedabad,3,48699.13,0.09,32620.7,48235.29,Debit Card,Delivered,5,Not Returned
FLK12579,2023-11-13,Customer 2579,Beauty,Product 2579,Samsung,Seller 1,Tamil Nadu,Bangalore,4,3566.12,0.08,20672.16,-68424.16,Cash on Delivery,Delivered,5,Returned
FLK12580,2023-03-26,Customer 2580,Home & Kitchen,Product 2580,LG,Seller 5,Maharashtra,Mumbai,2,20655.67,0.11,39757.85,-38204.36,UPI,Cancelled,4,Not Returned
FLK12581,2023-05-01,Customer 2581,Electronics,Product 2581,Biba,Seller 2,Delhi,Ahmedabad,3,11022.87,0.26,17057.66,-18104.37,Debit Card,Delivered,1,Not Returned
FLK12582,2023-01-31,Customer 2582,Beauty,Product 2582,Biba,Seller 7,Karnataka,New Delhi,2,21864.52,0.28,5372.74,32983.56,Credit Card,Delivered,2,Not Returned
FLK12583,2023-06-23,Customer 2583,Books,Product 2583,Sony,Seller 4,Gujarat,New Delhi,4,48815.53,0.17,16631.6,128735.72,Credit Card,Delivered,5,Not Returned
FLK12584,2023-06-04,Customer 2584,Books,Product 2584,Nike,Seller 9,Gujarat,Bangalore,1,19040.07,0.26,16915.13,2124.94,Cash on Delivery,Delivered,5,Not Returned
FLK12585,2023-06-11,Customer 2585,Books,Product 2585,Sony,Seller 1,Maharashtra,Ahmedabad,2,42703.01,0.07,20953.55,43498.92,Credit Card,Shipped,5,Not Returned
FLK12586,2023-05-31,Customer 2586,Home & Kitchen,Product 2586,Sony,Seller 8,Delhi,Ahmedabad,1,19137.1,0.03,29961.26,-10824.16,Credit Card,Delivered,4,Not Returned
FLK12587,2023-03-01,Customer 2587,Beauty,Product 2587,Biba,Seller 6,Delhi,Mumbai,2,28999.81,0.2,29647.44,-1295.26,UPI,Cancelled,4,Not Returned
FLK12588,2023-02-11,Customer 2588,Electronics,Product 2588,Biba,Seller 8,Delhi,New Delhi,1,1292.56,0.1,37837.44,-36544.88,UPI,Delivered,4,Returned
FLK12589,2023-10-13,Customer 2589,Home & Kitchen,Product 2589,Apple,Seller 8,Delhi,Ahmedabad,3,8278.33,0.18,8716.38,-1314.15,UPI,Delivered,2,Not Returned
FLK12590,2023-03-25,Customer 2590,Beauty,Product 2590,Apple,Seller 10,Karnataka,Chennai,4,47078.54,0.25,19354.39,110896.6,Credit Card,Shipped,3,Not Returned
FLK12591,2023-10-12,Customer 2591,Home & Kitchen,Product 2591,Biba,Seller 3,Tamil Nadu,Mumbai,3,19818.7,0.04,27712.72,-23682.06,UPI,Cancelled,5,Not Returned
FLK12592,2023-01-17,Customer 2592,Beauty,Product 2592,Apple,Seller 7,Gujarat,Mumbai,5,21816.07,0.15,4223.32,87963.75,Credit Card,Delivered,3,Not Returned
FLK12593,2023-02-02,Customer 2593,Electronics,Product 2593,Apple,Seller 2,Maharashtra,Bangalore,5,30915.05,0.19,9271.61,108217.2,Credit Card,Delivered,2,Not Returned
FLK12594,2023-09-18,Customer 2594,Clothing,Product 2594,Samsung,Seller 3,Delhi,New Delhi,4,11591.87,0.24,32648.46,-84226.36,Debit Card,Delivered,4,Not Returned
FLK12595,2023-12-25,Customer 2595,Electronics,Product 2595,Sony,Seller 2,Delhi,Ahmedabad,4,31832.77,0.18,16465.86,61467.64,Credit Card,Shipped,2,Not Returned
FLK12596,2023-02-15,Customer 2596,Books,Product 2596,LG,Seller 1,Maharashtra,New Delhi,1,6743.5,0.24,31074.38,-24330.88,Credit Card,Delivered,4,Not Returned
FLK12597,2023-01-22,Customer 2597,Electronics,Product 2597,Puma,Seller 2,Gujarat,New Delhi,5,13335.12,0.24,22257.52,-44612,UPI,Delivered,4,Not Returned
FLK12598,2023-10-17,Customer 2598,Home & Kitchen,Product 2598,Apple,Seller 7,Delhi,Ahmedabad,4,42460.41,0.11,36294.08,24665.32,Credit Card,Delivered,1,Returned
FLK12599,2023-05-15,Customer 2599,Home & Kitchen,Product 2599,Biba,Seller 7,Gujarat,Ahmedabad,2,31094.64,0.17,33320.9,-4452.52,Credit Card,Delivered,1,Returned
FLK12600,2023-02-10,Customer 2600,Home & Kitchen,Product 2600,LG,Seller 10,Delhi,Mumbai,3,23042.73,0.26,26140.86,-9294.39,Cash on Delivery,Delivered,5,Not Returned
FLK12601,2023-11-18,Customer 2601,Electronics,Product 2601,Nike,Seller 8,Tamil Nadu,New Delhi,3,43859.87,0.24,8233.2,106880.01,Credit Card,Delivered,5,Not Returned
FLK12602,2023-03-13,Customer 2602,Electronics,Product 2602,Puma,Seller 7,Delhi,New Delhi,5,33749.78,0.12,20957.27,63962.55,Credit Card,Delivered,5,Not Returned
FLK12603,2023-03-08,Customer 2603,Electronics,Product 2603,Sony,Seller 8,Tamil Nadu,Chennai,1,19895.81,0.05,28839.77,-8943.96,Cash on Delivery,Delivered,5,Not Returned
FLK12604,2023-09-25,Customer 2604,Beauty,Product 2604,Nike,Seller 7,Gujarat,Ahmedabad,5,49743.21,0.21,19555.63,150937.9,Credit Card,Delivered,2,Not Returned
FLK12605,2023-09-12,Customer 2605,Clothing,Product 2605,Sony,Seller 5,Delhi,Bangalore,1,18603.72,0.28,37991.81,-19388.09,UPI,Delivered,5,Not Returned
FLK12606,2023-05-21,Customer 2606,Beauty,Product 2606,LG,Seller 6,Maharashtra,Mumbai,5,19898.2,0.02,21045.62,-5737.1,Debit Card,Delivered,5,Not Returned
FLK12607,2023-02-25,Customer 2607,Home & Kitchen,Product 2607,Sony,Seller 1,Karnataka,Bangalore,1,18410.09,0.22,9507.99,8902.1,UPI,Processing,2,Not Returned
FLK12608,2023-05-20,Customer 2608,Home & Kitchen,Product 2608,Biba,Seller 1,Karnataka,Ahmedabad,5,31361.77,0.09,6430.31,124657.3,UPI,Delivered,4,Not Returned
FLK12609,2023-11-06,Customer 2609,Books,Product 2609,LG,Seller 10,Karnataka,Mumbai,5,11840.35,0.04,32585.19,-103724.2,Credit Card,Delivered,1,Pending
FLK12610,2023-09-06,Customer 2610,Electronics,Product 2610,LG,Seller 5,Maharashtra,New Delhi,5,24389.12,0.23,6497.83,89456.45,Debit Card,Delivered,1,Pending
FLK12611,2023-08-07,Customer 2611,Electronics,Product 2611,LG,Seller 4,Delhi,Bangalore,3,46914.16,0.26,35999.86,32742.9,Credit Card,Delivered,4,Returned
FLK12612,2023-12-15,Customer 2612,Electronics,Product 2612,Biba,Seller 3,Karnataka,Bangalore,5,17615.55,0.14,30932.11,-66582.8,Cash on Delivery,Processing,4,Not Returned
FLK12613,2023-08-31,Customer 2613,Clothing,Product 2613,Nike,Seller 6,Maharashtra,New Delhi,1,35222.05,0.16,37933,-2710.95,UPI,Delivered,4,Not Returned
FLK12614,2023-11-17,Customer 2614,Beauty,Product 2614,Nike,Seller 5,Karnataka,Bangalore,1,16541.19,0.1,3212.72,13328.47,Cash on Delivery,Shipped,4,Not Returned
FLK12615,2023-10-11,Customer 2615,Books,Product 2615,Nike,Seller 1,Maharashtra,Mumbai,2,12045.68,0.22,7896.39,8298.58,Cash on Delivery,Delivered,5,Not Returned
FLK12616,2023-08-31,Customer 2616,Clothing,Product 2616,Biba,Seller 7,Delhi,Ahmedabad,1,27545.73,0.15,13177.34,14368.39,Cash on Delivery,Delivered,4,Not Returned
FLK12617,2023-08-30,Customer 2617,Home & Kitchen,Product 2617,LG,Seller 2,Maharashtra,New Delhi,3,30404.05,0.04,31120.07,-2148.06,UPI,Delivered,1,Not Returned
FLK12618,2023-09-04,Customer 2618,Home & Kitchen,Product 2618,Puma,Seller 2,Karnataka,Mumbai,1,31945.96,0.05,32226.63,-280.67,Credit Card,Delivered,2,Not Returned
FLK12619,2023-11-02,Customer 2619,Clothing,Product 2619,Nike,Seller 6,Tamil Nadu,Mumbai,2,10785.38,0.03,31850.11,-42129.46,Cash on Delivery,Delivered,1,Not Returned
FLK12620,2023-04-27,Customer 2620,Beauty,Product 2620,Sony,Seller 4,Karnataka,Ahmedabad,5,8815.14,0.14,24753.29,-79690.75,Credit Card,Delivered,4,Not Returned
FLK12621,2023-11-21,Customer 2621,Home & Kitchen,Product 2621,LG,Seller 5,Karnataka,Ahmedabad,3,18622.08,0.22,28126.1,-28512.06,Cash on Delivery,Delivered,4,Not Returned
FLK12622,2023-02-17,Customer 2622,Clothing,Product 2622,Samsung,Seller 7,Delhi,Bangalore,1,28857.41,0.05,24428.41,4429,UPI,Delivered,5,Not Returned
FLK12623,2023-03-07,Customer 2623,Clothing,Product 2623,Nike,Seller 10,Delhi,Bangalore,1,8596.6,0.06,34809.76,-26213.16,Debit Card,Delivered,1,Not Returned
FLK12624,2023-01-08,Customer 2624,Home & Kitchen,Product 2624,Biba,Seller 4,Delhi,Mumbai,4,43871.72,0.26,21217.16,90618.24,Cash on Delivery,Delivered,2,Not Returned
FLK12625,2023-09-12,Customer 2625,Home & Kitchen,Product 2625,Apple,Seller 8,Delhi,Bangalore,2,20922.35,0.3,30537.34,-19229.98,Cash on Delivery,Delivered,4,Not Returned
FLK12626,2023-03-13,Customer 2626,Beauty,Product 2626,Sony,Seller 9,Maharashtra,Chennai,5,9618.57,0.21,21744.44,-60629.35,Credit Card,Delivered,5,Not Returned
FLK12627,2023-09-15,Customer 2627,Clothing,Product 2627,Sony,Seller 9,Maharashtra,New Delhi,3,13577.5,0.14,17335.11,-11272.83,UPI,Delivered,2,Not Returned
FLK12628,2023-06-03,Customer 2628,Home & Kitchen,Product 2628,Puma,Seller 10,Tamil Nadu,Ahmedabad,1,38081.52,0.27,16321.32,21760.2,Cash on Delivery,Delivered,2,Not Returned
FLK12629,2023-04-29,Customer 2629,Books,Product 2629,LG,Seller 4,Karnataka,Mumbai,1,17431.27,0.25,11453.19,5978.08,Credit Card,Delivered,3,Not Returned
FLK12630,2023-08-10,Customer 2630,Home & Kitchen,Product 2630,Apple,Seller 3,Karnataka,Bangalore,1,43603.53,0.23,18948.56,24654.97,Credit Card,Delivered,4,Not Returned
FLK12631,2023-12-30,Customer 2631,Beauty,Product 2631,Sony,Seller 7,Karnataka,Ahmedabad,1,34584.82,0.22,23342.04,11242.78,Debit Card,Processing,5,Not Returned
FLK12632,2023-12-30,Customer 2632,Home & Kitchen,Product 2632,Samsung,Seller 5,Maharashtra,Chennai,3,25269.64,0.23,36794.17,-34573.59,UPI,Processing,3,Pending
FLK12633,2023-07-21,Customer 2633,Home & Kitchen,Product 2633,Samsung,Seller 8,Maharashtra,New Delhi,2,21734.71,0.15,19752.26,3964.9,UPI,Delivered,4,Not Returned
FLK12634,2023-06-08,Customer 2634,Books,Product 2634,Biba,Seller 5,Gujarat,Chennai,3,11537.7,0.25,22398.61,-32582.73,Debit Card,Delivered,5,Not Returned
FLK12635,2023-04-09,Customer 2635,Beauty,Product 2635,Samsung,Seller 10,Delhi,New Delhi,5,6376.72,0.26,1857.7,22595.1,Credit Card,Delivered,4,Not Returned
FLK12636,2023-09-27,Customer 2636,Books,Product 2636,Nike,Seller 5,Maharashtra,Bangalore,3,13063.02,0.19,30372.95,-51929.79,Debit Card,Shipped,4,Not Returned
FLK12637,2023-09-26,Customer 2637,Clothing,Product 2637,Apple,Seller 7,Karnataka,New Delhi,4,1640.3,0.25,39129.5,-149956.8,Credit Card,Delivered,5,Not Returned
FLK12638,2023-12-05,Customer 2638,Books,Product 2638,Biba,Seller 8,Gujarat,Ahmedabad,2,33455.6,0.12,7692.62,51525.96,Credit Card,Delivered,3,Not Returned
FLK12639,2023-04-03,Customer 2639,Beauty,Product 2639,Biba,Seller 3,Tamil Nadu,Mumbai,2,9248.51,0.12,31957.96,-45418.9,Cash on Delivery,Shipped,5,Pending
FLK12640,2023-11-14,Customer 2640,Clothing,Product 2640,Apple,Seller 6,Karnataka,New Delhi,3,8438.33,0.26,18917.98,-31438.95,Credit Card,Delivered,2,Not Returned
FLK12641,2023-02-19,Customer 2641,Clothing,Product 2641,Puma,Seller 8,Maharashtra,Bangalore,4,42480.22,0.01,38564.74,15661.92,Cash on Delivery,Delivered,3,Not Returned
FLK12642,2023-10-02,Customer 2642,Electronics,Product 2642,Biba,Seller 2,Delhi,Ahmedabad,2,30442.02,0.07,14192.75,32498.54,Cash on Delivery,Shipped,3,Not Returned
FLK12643,2023-10-30,Customer 2643,Home & Kitchen,Product 2643,Sony,Seller 4,Maharashtra,New Delhi,2,44133.49,0.02,15605.17,57056.64,UPI,Delivered,5,Not Returned
FLK12644,2023-06-29,Customer 2644,Electronics,Product 2644,Biba,Seller 5,Karnataka,Ahmedabad,3,37144.7,0.12,10751.72,79178.94,Debit Card,Shipped,4,Not Returned
FLK12645,2023-11-18,Customer 2645,Beauty,Product 2645,Nike,Seller 8,Karnataka,Mumbai,4,35940.6,0.05,1478.53,137848.28,Debit Card,Delivered,3,Not Returned
FLK12646,2023-01-03,Customer 2646,Electronics,Product 2646,Puma,Seller 5,Gujarat,Ahmedabad,2,43877.44,0.2,10728.72,66297.44,Credit Card,Delivered,5,Not Returned
FLK12647,2023-10-11,Customer 2647,Books,Product 2647,Sony,Seller 8,Gujarat,Chennai,2,26863.7,0.07,21544.31,10638.78,Cash on Delivery,Delivered,2,Not Returned
FLK12648,2023-05-07,Customer 2648,Clothing,Product 2648,Samsung,Seller 7,Karnataka,Ahmedabad,1,45857.23,0.25,1701.06,44156.17,UPI,Delivered,1,Not Returned
FLK12649,2023-05-21,Customer 2649,Books,Product 2649,Nike,Seller 1,Tamil Nadu,Bangalore,1,49326.38,0.08,1706.51,47619.87,Credit Card,Delivered,4,Not Returned
FLK12650,2023-07-04,Customer 2650,Electronics,Product 2650,LG,Seller 9,Tamil Nadu,Ahmedabad,3,10655.19,0.09,16072.8,-16252.83,Debit Card,Delivered,2,Returned
FLK12651,2023-07-21,Customer 2651,Clothing,Product 2651,Puma,Seller 1,Maharashtra,Bangalore,5,47470.2,0.27,8284.92,195926.4,Cash on Delivery,Delivered,2,Not Returned
FLK12652,2023-01-28,Customer 2652,Electronics,Product 2652,Nike,Seller 2,Delhi,Chennai,1,31588.15,0.14,19548.62,12039.53,Credit Card,Delivered,4,Not Returned
FLK12653,2023-06-03,Customer 2653,Electronics,Product 2653,Nike,Seller 10,Tamil Nadu,New Delhi,3,23781.03,0.16,39722.41,-47824.14,Credit Card,Delivered,2,Not Returned
FLK12654,2023-06-14,Customer 2654,Clothing,Product 2654,Sony,Seller 6,Karnataka,New Delhi,3,11061.99,0.11,37755.49,-80080.5,Debit Card,Delivered,5,Not Returned
FLK12655,2023-07-29,Customer 2655,Books,Product 2655,LG,Seller 8,Delhi,New Delhi,5,23832.04,0.14,19057.22,23874.1,Cash on Delivery,Delivered,5,Not Returned
FLK12656,2023-12-15,Customer 2656,Books,Product 2656,LG,Seller 10,Maharashtra,Bangalore,5,20332.8,0.04,9144.54,55941.3,Credit Card,Delivered,3,Not Returned
FLK12657,2023-11-03,Customer 2657,Electronics,Product 2657,Samsung,Seller 5,Delhi,Bangalore,5,12932.67,0.13,20241.26,-36542.95,Credit Card,Delivered,4,Not Returned
FLK12658,2023-01-06,Customer 2658,Clothing,Product 2658,Samsung,Seller 2,Delhi,New Delhi,5,18576.33,0.27,32753.71,-70886.9,Debit Card,Delivered,1,Not Returned
FLK12659,2023-04-15,Customer 2659,Electronics,Product 2659,Puma,Seller 5,Tamil Nadu,Ahmedabad,4,25890.94,0.07,971.62,99677.28,Debit Card,Delivered,5,Not Returned
FLK12660,2023-08-10,Customer 2660,Home & Kitchen,Product 2660,Puma,Seller 5,Delhi,Mumbai,5,31190.59,0.15,20773.19,52087,Credit Card,Delivered,5,Not Returned
FLK12661,2023-09-17,Customer 2661,Beauty,Product 2661,Sony,Seller 7,Karnataka,Bangalore,4,4791.53,0.15,20977.12,-64742.36,Debit Card,Shipped,5,Not Returned
FLK12662,2023-10-10,Customer 2662,Electronics,Product 2662,Puma,Seller 10,Karnataka,Ahmedabad,1,10547.72,0.06,25160.47,-14612.75,Cash on Delivery,Delivered,2,Not Returned
FLK12663,2023-06-25,Customer 2663,Beauty,Product 2663,Biba,Seller 10,Gujarat,Chennai,1,18489.78,0.07,36427.78,-17938,Credit Card,Cancelled,4,Not Returned
FLK12664,2023-11-15,Customer 2664,Clothing,Product 2664,Biba,Seller 4,Maharashtra,Chennai,5,41128.22,0.06,10224.85,154516.85,Cash on Delivery,Delivered,5,Returned
FLK12665,2023-01-16,Customer 2665,Clothing,Product 2665,Samsung,Seller 10,Delhi,Mumbai,2,39769.14,0.03,7633.36,64271.56,Cash on Delivery,Delivered,1,Not Returned
FLK12666,2023-11-18,Customer 2666,Electronics,Product 2666,Nike,Seller 4,Delhi,Ahmedabad,5,16758.68,0.02,5588.96,55848.6,Credit Card,Delivered,3,Not Returned
FLK12667,2023-12-21,Customer 2667,Clothing,Product 2667,Samsung,Seller 3,Delhi,Mumbai,3,6841.57,0.21,22839.82,-47994.75,Credit Card,Cancelled,2,Not Returned
FLK12668,2023-12-29,Customer 2668,Clothing,Product 2668,LG,Seller 9,Karnataka,New Delhi,4,24570.85,0.14,8599.87,63883.92,UPI,Delivered,4,Not Returned
FLK12669,2023-06-17,Customer 2669,Beauty,Product 2669,Samsung,Seller 2,Karnataka,Chennai,3,24600.62,0.26,7939.89,49982.19,UPI,Delivered,2,Not Returned
FLK12670,2023-07-01,Customer 2670,Books,Product 2670,Samsung,Seller 6,Maharashtra,Mumbai,2,23668.32,0.13,21315.74,4705.16,Credit Card,Delivered,2,Not Returned
FLK12671,2023-01-28,Customer 2671,Electronics,Product 2671,Apple,Seller 10,Tamil Nadu,Ahmedabad,2,15627.71,0.23,18390.04,-5524.66,Credit Card,Delivered,2,Not Returned
FLK12672,2023-05-31,Customer 2672,Electronics,Product 2672,Samsung,Seller 5,Gujarat,Chennai,5,42247.37,0.22,20629.56,108089.05,UPI,Delivered,2,Not Returned
FLK12673,2023-01-22,Customer 2673,Beauty,Product 2673,Nike,Seller 1,Tamil Nadu,New Delhi,3,18465.66,0.24,24205.4,-17219.22,UPI,Delivered,2,Not Returned
FLK12674,2023-02-01,Customer 2674,Electronics,Product 2674,Sony,Seller 3,Maharashtra,New Delhi,3,16924.57,0.14,33449.67,-49575.3,Cash on Delivery,Shipped,2,Not Returned
FLK12675,2023-04-03,Customer 2675,Home & Kitchen,Product 2675,Nike,Seller 2,Maharashtra,Bangalore,3,8017.35,0.09,23633.51,-46848.48,UPI,Delivered,3,Not Returned
FLK12676,2023-09-10,Customer 2676,Books,Product 2676,Puma,Seller 5,Karnataka,Mumbai,3,14688.47,0.25,22941.11,-24757.92,Cash on Delivery,Delivered,2,Not Returned
FLK12677,2023-02-24,Customer 2677,Clothing,Product 2677,Biba,Seller 3,Maharashtra,Ahmedabad,2,21445.11,0.26,5171.64,32546.94,Debit Card,Delivered,2,Pending
FLK12678,2023-03-28,Customer 2678,Clothing,Product 2678,Biba,Seller 8,Karnataka,Ahmedabad,4,1751.96,0.1,31320.77,-118275.24,UPI,Delivered,4,Not Returned
FLK12679,2023-04-12,Customer 2679,Books,Product 2679,Nike,Seller 6,Delhi,Bangalore,2,25112.25,0.28,32771.57,-15318.64,Credit Card,Delivered,5,Not Returned
FLK12680,2023-05-04,Customer 2680,Home & Kitchen,Product 2680,Nike,Seller 6,Gujarat,Mumbai,5,18584.45,0.14,7921.93,53312.6,Credit Card,Delivered,4,Returned
FLK12681,2023-04-20,Customer 2681,Beauty,Product 2681,Nike,Seller 8,Tamil Nadu,New Delhi,3,28258.35,0.24,14560.6,41093.25,Credit Card,Delivered,5,Not Returned
FLK12682,2023-01-16,Customer 2682,Electronics,Product 2682,Biba,Seller 1,Karnataka,Bangalore,1,5090.52,0.27,27318.87,-22228.35,Debit Card,Processing,1,Not Returned
FLK12683,2023-08-22,Customer 2683,Electronics,Product 2683,LG,Seller 4,Tamil Nadu,Ahmedabad,2,2999.72,0.28,27364.38,-48729.32,UPI,Cancelled,4,Not Returned
FLK12684,2023-09-26,Customer 2684,Electronics,Product 2684,Samsung,Seller 9,Gujarat,Mumbai,4,1929.87,0.04,15049.6,-52478.92,UPI,Delivered,1,Not Returned
FLK12685,2023-04-15,Customer 2685,Beauty,Product 2685,Apple,Seller 3,Tamil Nadu,Mumbai,1,30743.54,0.07,27215.56,3527.98,UPI,Delivered,5,Not Returned
FLK12686,2023-09-13,Customer 2686,Electronics,Product 2686,Apple,Seller 3,Delhi,Bangalore,3,31980.89,0.16,37668.95,-17064.18,Credit Card,Delivered,4,Not Returned
FLK12687,2023-05-26,Customer 2687,Clothing,Product 2687,Samsung,Seller 2,Tamil Nadu,New Delhi,3,12932.94,0.27,35192.63,-66779.07,UPI,Processing,3,Not Returned
FLK12688,2023-12-25,Customer 2688,Books,Product 2688,LG,Seller 5,Maharashtra,New Delhi,3,24341.05,0.05,32655.46,-24943.23,Debit Card,Delivered,1,Not Returned
FLK12689,2023-10-14,Customer 2689,Beauty,Product 2689,Sony,Seller 3,Tamil Nadu,Ahmedabad,5,20693.22,0.14,31425.28,-53660.3,Debit Card,Delivered,4,Not Returned
FLK12690,2023-08-16,Customer 2690,Home & Kitchen,Product 2690,Nike,Seller 10,Gujarat,Bangalore,2,26587.61,0.2,12587.46,28000.3,Debit Card,Delivered,4,Returned
FLK12691,2023-10-19,Customer 2691,Electronics,Product 2691,Puma,Seller 6,Maharashtra,Chennai,5,16951.38,0.14,12784,20836.9,UPI,Delivered,2,Returned
FLK12692,2023-11-17,Customer 2692,Clothing,Product 2692,Sony,Seller 10,Delhi,Ahmedabad,5,40277.67,0.09,38121.81,10779.3,Cash on Delivery,Delivered,4,Not Returned
FLK12693,2023-02-02,Customer 2693,Books,Product 2693,Puma,Seller 9,Maharashtra,Bangalore,3,39563.86,0.08,30922.44,25924.26,UPI,Delivered,4,Not Returned
FLK12694,2023-01-27,Customer 2694,Beauty,Product 2694,Biba,Seller 4,Maharashtra,New Delhi,4,38722.37,0.03,15767.5,91819.48,Credit Card,Delivered,3,Pending
FLK12695,2023-12-28,Customer 2695,Electronics,Product 2695,Nike,Seller 8,Gujarat,Bangalore,1,13769.36,0.11,23528.38,-9759.02,Debit Card,Delivered,3,Not Returned
FLK12696,2023-12-08,Customer 2696,Home & Kitchen,Product 2696,Sony,Seller 8,Gujarat,New Delhi,3,833.86,0.27,13821.26,-38962.2,UPI,Shipped,4,Not Returned
FLK12697,2023-08-06,Customer 2697,Home & Kitchen,Product 2697,Puma,Seller 5,Gujarat,Mumbai,1,21074.66,0.08,18917.47,2157.19,Debit Card,Delivered,2,Not Returned
FLK12698,2023-04-09,Customer 2698,Home & Kitchen,Product 2698,Sony,Seller 5,Maharashtra,Chennai,1,8142.15,0.29,20617,-12474.85,Cash on Delivery,Delivered,4,Not Returned
FLK12699,2023-03-12,Customer 2699,Books,Product 2699,LG,Seller 6,Delhi,Ahmedabad,1,48421.47,0.11,37685.45,10736.02,Credit Card,Processing,3,Not Returned
FLK12700,2023-05-01,Customer 2700,Beauty,Product 2700,Nike,Seller 9,Karnataka,Chennai,3,31471.38,0.3,36441.95,-14911.71,UPI,Delivered,3,Pending
FLK12701,2023-08-05,Customer 2701,Clothing,Product 2701,Puma,Seller 4,Maharashtra,New Delhi,4,34709.66,0.02,11533.11,92706.2,UPI,Delivered,1,Not Returned
FLK12702,2023-09-16,Customer 2702,Electronics,Product 2702,Apple,Seller 8,Delhi,Chennai,2,6962.58,0.03,11065.92,-8206.68,Cash on Delivery,Cancelled,4,Not Returned
FLK12703,2023-06-01,Customer 2703,Electronics,Product 2703,Sony,Seller 7,Karnataka,Ahmedabad,3,17121.87,0.05,1298.69,47469.54,UPI,Delivered,4,Not Returned
FLK12704,2023-02-27,Customer 2704,Home & Kitchen,Product 2704,LG,Seller 6,Gujarat,Bangalore,1,47005.21,0.01,19589.58,27415.63,Debit Card,Delivered,1,Not Returned
FLK12705,2023-11-01,Customer 2705,Beauty,Product 2705,LG,Seller 2,Tamil Nadu,Ahmedabad,3,14850.17,0.24,8465.86,19152.93,Cash on Delivery,Delivered,5,Not Returned
FLK12706,2023-03-21,Customer 2706,Books,Product 2706,Nike,Seller 4,Delhi,Ahmedabad,1,14580.19,0.24,7618.2,6961.99,Cash on Delivery,Delivered,3,Not Returned
FLK12707,2023-04-24,Customer 2707,Beauty,Product 2707,Biba,Seller 2,Tamil Nadu,Mumbai,2,1818.22,0.23,10408.1,-17179.76,Debit Card,Delivered,1,Not Returned
FLK12708,2023-03-13,Customer 2708,Books,Product 2708,Puma,Seller 4,Tamil Nadu,New Delhi,4,7800.69,0.22,4987.63,11252.24,Credit Card,Cancelled,2,Not Returned
FLK12709,2023-12-17,Customer 2709,Clothing,Product 2709,Samsung,Seller 8,Delhi,New Delhi,3,16407.45,0.29,30941.73,-43602.84,UPI,Delivered,3,Not Returned
FLK12710,2023-08-21,Customer 2710,Electronics,Product 2710,LG,Seller 3,Maharashtra,Mumbai,4,9944.59,0.24,30455.55,-82043.84,UPI,Delivered,5,Not Returned
FLK12711,2023-05-25,Customer 2711,Electronics,Product 2711,Puma,Seller 6,Delhi,New Delhi,2,40891.41,0.27,23432.41,34918,UPI,Delivered,1,Not Returned
FLK12712,2023-01-17,Customer 2712,Beauty,Product 2712,Nike,Seller 3,Tamil Nadu,Mumbai,3,26678.28,0.11,37087.46,-31227.54,Debit Card,Processing,4,Not Returned
FLK12713,2023-01-18,Customer 2713,Home & Kitchen,Product 2713,Apple,Seller 2,Karnataka,Mumbai,3,2339.17,0.1,2516.34,-531.51,UPI,Delivered,3,Not Returned
FLK12714,2023-05-07,Customer 2714,Beauty,Product 2714,Biba,Seller 4,Maharashtra,Chennai,2,35536.23,0.12,12457.64,46157.18,Cash on Delivery,Delivered,1,Not Returned
FLK12715,2023-10-04,Customer 2715,Home & Kitchen,Product 2715,Apple,Seller 7,Karnataka,Bangalore,3,22781.06,0.2,6324.45,49369.83,Cash on Delivery,Delivered,5,Not Returned
FLK12716,2023-02-01,Customer 2716,Books,Product 2716,Sony,Seller 3,Karnataka,Ahmedabad,1,44861.12,0.25,9362.97,35498.15,UPI,Shipped,4,Not Returned
FLK12717,2023-08-29,Customer 2717,Books,Product 2717,Biba,Seller 9,Karnataka,New Delhi,3,23028.6,0.19,15302.19,23179.23,Debit Card,Delivered,3,Not Returned
FLK12718,2023-12-19,Customer 2718,Electronics,Product 2718,LG,Seller 1,Delhi,Chennai,4,36147.27,0.27,23746.29,49603.92,Cash on Delivery,Delivered,4,Not Returned
FLK12719,2023-11-30,Customer 2719,Books,Product 2719,Biba,Seller 10,Maharashtra,New Delhi,2,25266.05,0.16,28612.71,-6693.32,Debit Card,Delivered,1,Not Returned
FLK12720,2023-11-19,Customer 2720,Home & Kitchen,Product 2720,Sony,Seller 6,Maharashtra,Mumbai,3,46475.71,0.12,1397.37,135235.02,Cash on Delivery,Cancelled,5,Not Returned
FLK12721,2023-01-04,Customer 2721,Electronics,Product 2721,Nike,Seller 7,Maharashtra,Chennai,3,43987.52,0.1,6343.43,112932.27,UPI,Delivered,4,Not Returned
FLK12722,2023-07-30,Customer 2722,Books,Product 2722,Sony,Seller 3,Tamil Nadu,Chennai,1,22149.26,0.26,1338.88,20810.38,Credit Card,Delivered,4,Returned
FLK12723,2023-04-23,Customer 2723,Clothing,Product 2723,Sony,Seller 1,Gujarat,Chennai,3,42198.75,0.01,22412.34,59359.23,Cash on Delivery,Delivered,5,Returned
FLK12724,2023-09-13,Customer 2724,Clothing,Product 2724,Puma,Seller 3,Gujarat,Chennai,2,42183.62,0.2,27705.21,28956.82,Cash on Delivery,Delivered,3,Not Returned
FLK12725,2023-01-26,Customer 2725,Books,Product 2725,Nike,Seller 10,Tamil Nadu,Bangalore,4,25607.54,0.27,4508.65,84395.56,Debit Card,Delivered,4,Not Returned
FLK12726,2023-07-25,Customer 2726,Home & Kitchen,Product 2726,Biba,Seller 1,Tamil Nadu,New Delhi,1,16344.98,0.18,15906.63,438.35,Credit Card,Shipped,5,Not Returned
FLK12727,2023-07-01,Customer 2727,Books,Product 2727,LG,Seller 6,Tamil Nadu,Bangalore,5,36551.2,0.17,29601.51,34748.45,Cash on Delivery,Processing,4,Not Returned
FLK12728,2023-11-09,Customer 2728,Beauty,Product 2728,Nike,Seller 1,Delhi,New Delhi,2,21574.89,0.23,35137.67,-27125.56,Cash on Delivery,Delivered,2,Not Returned
FLK12729,2023-10-10,Customer 2729,Beauty,Product 2729,Puma,Seller 2,Tamil Nadu,New Delhi,2,22795.86,0.29,20185.31,5221.1,UPI,Delivered,5,Pending
FLK12730,2023-12-08,Customer 2730,Home & Kitchen,Product 2730,Puma,Seller 9,Karnataka,Bangalore,3,19041.88,0.19,23769.61,-14183.19,Credit Card,Delivered,1,Not Returned
FLK12731,2023-02-11,Customer 2731,Electronics,Product 2731,LG,Seller 1,Tamil Nadu,Mumbai,3,29114.89,0.05,32407.03,-9876.42,Credit Card,Delivered,4,Returned
FLK12732,2023-10-22,Customer 2732,Beauty,Product 2732,LG,Seller 6,Maharashtra,Chennai,1,4476.93,0.23,19369.72,-14892.79,UPI,Delivered,4,Not Returned
FLK12733,2023-09-21,Customer 2733,Clothing,Product 2733,Nike,Seller 4,Maharashtra,Mumbai,5,9468.79,0.21,2648.49,34101.5,Debit Card,Processing,5,Not Returned
FLK12734,2023-09-16,Customer 2734,Books,Product 2734,Apple,Seller 3,Gujarat,Bangalore,2,42698.59,0.18,11974.95,61447.28,Debit Card,Delivered,2,Returned
FLK12735,2023-03-07,Customer 2735,Beauty,Product 2735,Samsung,Seller 4,Delhi,New Delhi,4,25812,0.11,37238.85,-45707.4,UPI,Delivered,2,Not Returned
FLK12736,2023-08-13,Customer 2736,Home & Kitchen,Product 2736,Sony,Seller 1,Karnataka,Mumbai,5,34753.08,0.15,19531.99,76105.45,Credit Card,Delivered,2,Pending
FLK12737,2023-12-09,Customer 2737,Home & Kitchen,Product 2737,LG,Seller 5,Karnataka,Bangalore,2,25429.93,0.21,3256.03,44347.8,Debit Card,Delivered,1,Not Returned
FLK12738,2023-08-24,Customer 2738,Beauty,Product 2738,Apple,Seller 10,Karnataka,Ahmedabad,1,39394.27,0.12,28158.1,11236.17,Debit Card,Delivered,2,Not Returned
FLK12739,2023-11-10,Customer 2739,Home & Kitchen,Product 2739,LG,Seller 4,Gujarat,Chennai,2,19273.89,0.25,18670.45,1206.88,Credit Card,Processing,3,Not Returned
FLK12740,2023-07-24,Customer 2740,Electronics,Product 2740,Sony,Seller 5,Maharashtra,Ahmedabad,4,14117.62,0.24,2930.9,44746.88,Credit Card,Delivered,1,Not Returned
FLK12741,2023-10-31,Customer 2741,Clothing,Product 2741,Nike,Seller 10,Maharashtra,Mumbai,2,29439.37,0.04,38223.03,-17567.32,Credit Card,Cancelled,5,Not Returned
FLK12742,2023-11-24,Customer 2742,Electronics,Product 2742,Biba,Seller 10,Gujarat,Chennai,1,8372.89,0.26,25240.69,-16867.8,UPI,Delivered,5,Not Returned
FLK12743,2023-09-28,Customer 2743,Home & Kitchen,Product 2743,Sony,Seller 9,Delhi,Chennai,1,35927.75,0.02,7973.65,27954.1,Cash on Delivery,Delivered,1,Not Returned
FLK12744,2023-07-30,Customer 2744,Home & Kitchen,Product 2744,Sony,Seller 3,Tamil Nadu,Bangalore,2,46937.98,0.27,11717.3,70441.36,UPI,Delivered,1,Not Returned
FLK12745,2023-04-29,Customer 2745,Home & Kitchen,Product 2745,Puma,Seller 5,Tamil Nadu,Ahmedabad,4,9060.2,0.2,22957.84,-55590.56,Credit Card,Delivered,5,Not Returned
FLK12746,2023-05-07,Customer 2746,Home & Kitchen,Product 2746,LG,Seller 5,Tamil Nadu,New Delhi,5,45833.8,0.24,36972.03,44308.85,Debit Card,Delivered,1,Not Returned
FLK12747,2023-08-02,Customer 2747,Books,Product 2747,Sony,Seller 4,Gujarat,Ahmedabad,5,4510.82,0.14,39697.54,-175933.6,Debit Card,Delivered,2,Not Returned
FLK12748,2023-05-13,Customer 2748,Books,Product 2748,Puma,Seller 3,Delhi,Bangalore,1,31825.02,0.15,16261.28,15563.74,Cash on Delivery,Delivered,5,Not Returned
FLK12749,2023-05-10,Customer 2749,Books,Product 2749,Samsung,Seller 6,Karnataka,Chennai,1,33838.94,0.14,14699.64,19139.3,Credit Card,Delivered,2,Returned
FLK12750,2023-02-04,Customer 2750,Home & Kitchen,Product 2750,Biba,Seller 6,Gujarat,Chennai,3,30818.94,0.2,29149.18,5009.28,UPI,Delivered,4,Not Returned
FLK12751,2023-06-05,Customer 2751,Electronics,Product 2751,LG,Seller 3,Delhi,Ahmedabad,5,32317.01,0.04,11690.09,103134.6,Debit Card,Delivered,2,Not Returned
FLK12752,2023-02-13,Customer 2752,Beauty,Product 2752,Sony,Seller 9,Karnataka,New Delhi,5,29269.65,0.18,11743.95,87628.5,UPI,Delivered,1,Pending
FLK12753,2023-03-25,Customer 2753,Books,Product 2753,Apple,Seller 8,Karnataka,Chennai,1,31145.83,0.16,12460.44,18685.39,Debit Card,Delivered,5,Not Returned
FLK12754,2023-09-24,Customer 2754,Clothing,Product 2754,Biba,Seller 6,Gujarat,Mumbai,3,34670,0.05,7893.63,80329.11,Credit Card,Delivered,3,Not Returned
FLK12755,2023-06-17,Customer 2755,Electronics,Product 2755,Apple,Seller 7,Karnataka,Mumbai,4,29055.18,0.3,38574.64,-38077.84,UPI,Processing,4,Not Returned
FLK12756,2023-01-14,Customer 2756,Books,Product 2756,Apple,Seller 4,Delhi,Ahmedabad,2,7477.53,0.04,16390.37,-17825.68,UPI,Cancelled,2,Not Returned
FLK12757,2023-05-09,Customer 2757,Books,Product 2757,Puma,Seller 3,Maharashtra,Mumbai,2,47029.44,0.15,3765.91,86527.06,UPI,Shipped,1,Returned
FLK12758,2023-06-10,Customer 2758,Beauty,Product 2758,Sony,Seller 5,Maharashtra,Bangalore,3,22390,0.02,18181.82,12624.54,Cash on Delivery,Delivered,5,Not Returned
FLK12759,2023-04-12,Customer 2759,Electronics,Product 2759,Sony,Seller 9,Tamil Nadu,New Delhi,4,45422.63,0.1,38758.62,26656.04,Cash on Delivery,Delivered,1,Not Returned
FLK12760,2023-11-29,Customer 2760,Home & Kitchen,Product 2760,LG,Seller 5,Delhi,Chennai,2,11469.14,0.02,31680.24,-40422.2,Credit Card,Delivered,4,Not Returned
FLK12761,2023-11-03,Customer 2761,Clothing,Product 2761,LG,Seller 5,Tamil Nadu,Bangalore,2,9710,0.11,35376.89,-51333.78,Cash on Delivery,Processing,4,Not Returned
FLK12762,2023-12-10,Customer 2762,Beauty,Product 2762,Samsung,Seller 3,Tamil Nadu,New Delhi,4,47561.51,0.22,9754.67,151227.36,Debit Card,Delivered,2,Not Returned
FLK12763,2023-10-10,Customer 2763,Beauty,Product 2763,Sony,Seller 9,Gujarat,Bangalore,5,32561.57,0.29,25197.51,36820.3,Cash on Delivery,Delivered,3,Not Returned
FLK12764,2023-01-21,Customer 2764,Home & Kitchen,Product 2764,LG,Seller 4,Karnataka,New Delhi,4,12074.35,0.16,24234.92,-48642.28,UPI,Delivered,1,Not Returned
FLK12765,2023-10-24,Customer 2765,Electronics,Product 2765,LG,Seller 2,Maharashtra,Mumbai,2,35459.64,0.22,14169.62,42580.04,Cash on Delivery,Shipped,5,Not Returned
FLK12766,2023-09-03,Customer 2766,Home & Kitchen,Product 2766,Apple,Seller 9,Gujarat,Mumbai,3,33078.19,0.19,31719.22,4076.91,Cash on Delivery,Delivered,2,Not Returned
FLK12767,2023-08-02,Customer 2767,Clothing,Product 2767,LG,Seller 2,Maharashtra,Ahmedabad,5,40604.92,0.27,14650.34,129772.9,Debit Card,Delivered,4,Not Returned
FLK12768,2023-03-29,Customer 2768,Beauty,Product 2768,Nike,Seller 10,Karnataka,Mumbai,1,40863.52,0.25,28400.1,12463.42,Debit Card,Delivered,2,Not Returned
FLK12769,2023-07-31,Customer 2769,Beauty,Product 2769,Puma,Seller 6,Delhi,Chennai,1,20902.26,0.1,4772.09,16130.17,UPI,Shipped,5,Not Returned
FLK12770,2023-07-25,Customer 2770,Home & Kitchen,Product 2770,Puma,Seller 10,Delhi,Mumbai,4,13097.13,0.15,20087.03,-27959.6,UPI,Delivered,2,Not Returned
FLK12771,2023-12-26,Customer 2771,Clothing,Product 2771,Sony,Seller 9,Tamil Nadu,Chennai,5,10489.72,0.29,27237.73,-83740.05,UPI,Delivered,3,Not Returned
FLK12772,2023-02-11,Customer 2772,Clothing,Product 2772,Apple,Seller 9,Gujarat,Ahmedabad,4,18082.2,0.26,27092.83,-36042.52,Debit Card,Cancelled,5,Not Returned
FLK12773,2023-03-24,Customer 2773,Clothing,Product 2773,Puma,Seller 6,Gujarat,New Delhi,2,42803.48,0.27,9106.63,67393.7,Credit Card,Delivered,5,Not Returned
FLK12774,2023-02-23,Customer 2774,Books,Product 2774,Samsung,Seller 9,Tamil Nadu,Bangalore,5,3373.61,0.14,30715.44,-136709.15,Debit Card,Delivered,1,Not Returned
FLK12775,2023-09-30,Customer 2775,Books,Product 2775,Samsung,Seller 1,Maharashtra,New Delhi,2,47479.61,0.22,27201.57,40556.08,Credit Card,Delivered,3,Not Returned
FLK12776,2023-12-28,Customer 2776,Home & Kitchen,Product 2776,Apple,Seller 9,Delhi,New Delhi,1,26161.35,0.29,3018.92,23142.43,Cash on Delivery,Delivered,4,Not Returned
FLK12777,2023-04-05,Customer 2777,Books,Product 2777,Nike,Seller 10,Gujarat,Ahmedabad,3,45658.67,0.01,26699.28,56878.17,Credit Card,Delivered,4,Not Returned
FLK12778,2023-05-11,Customer 2778,Beauty,Product 2778,Puma,Seller 4,Karnataka,Mumbai,1,2860.32,0.11,34803.66,-31943.34,Credit Card,Delivered,3,Not Returned
FLK12779,2023-11-19,Customer 2779,Home & Kitchen,Product 2779,Apple,Seller 4,Delhi,Bangalore,2,17131.97,0.23,23021.11,-11778.28,UPI,Delivered,3,Returned
FLK12780,2023-03-17,Customer 2780,Beauty,Product 2780,Puma,Seller 4,Gujarat,Mumbai,3,42999.75,0.21,5685.48,111942.81,Credit Card,Delivered,5,Not Returned
FLK12781,2023-09-25,Customer 2781,Electronics,Product 2781,Sony,Seller 9,Gujarat,Ahmedabad,3,27926.08,0.26,18408.63,28552.35,Cash on Delivery,Delivered,3,Not Returned
FLK12782,2023-02-02,Customer 2782,Beauty,Product 2782,Samsung,Seller 8,Tamil Nadu,Chennai,1,11195.08,0.17,21518.87,-10323.79,UPI,Delivered,4,Not Returned
FLK12783,2023-01-22,Customer 2783,Home & Kitchen,Product 2783,Samsung,Seller 8,Maharashtra,Chennai,2,6471.4,0.08,13988.76,-15034.72,Cash on Delivery,Shipped,5,Not Returned
FLK12784,2023-08-22,Customer 2784,Beauty,Product 2784,Nike,Seller 2,Gujarat,Ahmedabad,5,2233.27,0.29,23316.67,-105417,Cash on Delivery,Processing,4,Not Returned
FLK12785,2023-11-17,Customer 2785,Books,Product 2785,Nike,Seller 8,Karnataka,Ahmedabad,2,10194.22,0.17,30730.51,-41072.58,Debit Card,Delivered,3,Not Returned
FLK12786,2023-07-05,Customer 2786,Home & Kitchen,Product 2786,Sony,Seller 5,Gujarat,Bangalore,4,29389.9,0.14,27074.21,9262.76,Debit Card,Delivered,5,Not Returned
FLK12787,2023-06-10,Customer 2787,Clothing,Product 2787,Biba,Seller 1,Maharashtra,Chennai,4,48054.21,0.03,14521.04,134132.68,Cash on Delivery,Delivered,2,Not Returned
FLK12788,2023-06-27,Customer 2788,Home & Kitchen,Product 2788,Puma,Seller 6,Karnataka,Bangalore,4,13842.28,0.28,33963.15,-80483.48,Cash on Delivery,Processing,5,Not Returned
FLK12789,2023-12-13,Customer 2789,Clothing,Product 2789,Biba,Seller 8,Gujarat,Ahmedabad,3,40144.56,0.28,7033.22,99334.02,UPI,Shipped,5,Not Returned
FLK12790,2023-01-17,Customer 2790,Books,Product 2790,Biba,Seller 3,Delhi,Mumbai,1,37865.73,0.1,30438.78,7426.95,Credit Card,Shipped,5,Not Returned
FLK12791,2023-02-24,Customer 2791,Clothing,Product 2791,Nike,Seller 8,Gujarat,Chennai,5,14456.65,0.28,1457.6,64995.25,Debit Card,Delivered,3,Not Returned
FLK12792,2023-08-03,Customer 2792,Home & Kitchen,Product 2792,Nike,Seller 3,Tamil Nadu,Bangalore,4,15494.49,0.28,20123.91,-18517.68,Debit Card,Delivered,3,Not Returned
FLK12793,2023-01-09,Customer 2793,Books,Product 2793,Samsung,Seller 8,Tamil Nadu,Chennai,2,8441.98,0.14,2402.38,12079.2,Debit Card,Delivered,2,Not Returned
FLK12794,2023-08-26,Customer 2794,Beauty,Product 2794,LG,Seller 5,Tamil Nadu,New Delhi,4,28543.41,0.19,19546.49,35987.68,Debit Card,Delivered,5,Not Returned
FLK12795,2023-04-20,Customer 2795,Books,Product 2795,Nike,Seller 4,Gujarat,Chennai,4,22453.81,0.18,29686.43,-28930.48,UPI,Delivered,5,Not Returned
FLK12796,2023-08-28,Customer 2796,Books,Product 2796,Nike,Seller 9,Delhi,Chennai,5,34132.44,0.03,20678.2,67271.2,Debit Card,Delivered,2,Not Returned
FLK12797,2023-07-02,Customer 2797,Clothing,Product 2797,Sony,Seller 6,Delhi,Ahmedabad,4,8885.05,0.12,3726.61,20633.76,Cash on Delivery,Delivered,2,Not Returned
FLK12798,2023-08-24,Customer 2798,Home & Kitchen,Product 2798,LG,Seller 3,Karnataka,New Delhi,4,23764.5,0.02,32511.74,-34988.96,Debit Card,Delivered,1,Not Returned
FLK12799,2023-11-29,Customer 2799,Beauty,Product 2799,LG,Seller 2,Delhi,Mumbai,2,32015.56,0.04,33434.05,-2836.98,Credit Card,Delivered,1,Not Returned
FLK12800,2023-02-22,Customer 2800,Beauty,Product 2800,Puma,Seller 7,Gujarat,Bangalore,1,2352.5,0.26,7497.1,-5144.6,Debit Card,Delivered,4,Not Returned
FLK12801,2023-08-13,Customer 2801,Beauty,Product 2801,Puma,Seller 6,Maharashtra,Ahmedabad,2,7413.44,0.23,5270.22,4286.44,Cash on Delivery,Delivered,4,Not Returned
FLK12802,2023-11-15,Customer 2802,Electronics,Product 2802,Puma,Seller 10,Karnataka,Mumbai,4,21018.47,0.21,21554.56,-2144.36,Debit Card,Delivered,3,Not Returned
FLK12803,2023-06-12,Customer 2803,Electronics,Product 2803,LG,Seller 7,Gujarat,Bangalore,4,31420.2,0.03,4741.09,106716.44,Debit Card,Shipped,2,Not Returned
FLK12804,2023-04-10,Customer 2804,Home & Kitchen,Product 2804,Samsung,Seller 6,Gujarat,Bangalore,5,25836.21,0.21,37880.13,-60219.6,Debit Card,Cancelled,1,Not Returned
FLK12805,2023-06-22,Customer 2805,Books,Product 2805,Sony,Seller 8,Karnataka,Chennai,5,35899.85,0.16,23598.69,61505.8,Cash on Delivery,Processing,2,Not Returned
FLK12806,2023-05-31,Customer 2806,Beauty,Product 2806,Nike,Seller 3,Karnataka,New Delhi,3,24424.01,0.09,36335.98,-35735.91,Cash on Delivery,Delivered,4,Not Returned
FLK12807,2023-08-07,Customer 2807,Home & Kitchen,Product 2807,Sony,Seller 1,Delhi,New Delhi,1,28641.91,0.26,36893.77,-8251.86,Cash on Delivery,Delivered,3,Returned
FLK12808,2023-12-10,Customer 2808,Clothing,Product 2808,Nike,Seller 6,Maharashtra,New Delhi,3,11921.35,0.27,39789.06,-83603.13,Debit Card,Cancelled,5,Not Returned
FLK12809,2023-07-14,Customer 2809,Books,Product 2809,Samsung,Seller 2,Maharashtra,Chennai,1,42303.22,0.02,6734.99,35568.23,Debit Card,Delivered,5,Not Returned
FLK12810,2023-11-05,Customer 2810,Clothing,Product 2810,Apple,Seller 2,Tamil Nadu,Chennai,3,49434.78,0.26,32580.23,50563.65,UPI,Cancelled,4,Not Returned
FLK12811,2023-08-14,Customer 2811,Electronics,Product 2811,LG,Seller 7,Maharashtra,Mumbai,4,44577.88,0.04,19312.05,101063.32,UPI,Delivered,3,Not Returned
FLK12812,2023-03-09,Customer 2812,Home & Kitchen,Product 2812,Apple,Seller 4,Gujarat,Mumbai,2,31899.35,0.16,21445.42,20907.86,Debit Card,Shipped,3,Not Returned
FLK12813,2023-03-21,Customer 2813,Beauty,Product 2813,Biba,Seller 2,Tamil Nadu,Ahmedabad,5,28720.93,0.22,13774.03,74734.5,Debit Card,Delivered,4,Not Returned
FLK12814,2023-11-16,Customer 2814,Home & Kitchen,Product 2814,Sony,Seller 8,Gujarat,Chennai,1,36345.09,0.22,19944.81,16400.28,Debit Card,Delivered,5,Not Returned
FLK12815,2023-08-13,Customer 2815,Books,Product 2815,Samsung,Seller 4,Maharashtra,Bangalore,5,14474.87,0.02,8942.21,27663.3,UPI,Delivered,4,Not Returned
FLK12816,2023-07-18,Customer 2816,Books,Product 2816,Biba,Seller 7,Karnataka,Chennai,4,14323.26,0.02,29203.22,-59519.84,Cash on Delivery,Delivered,2,Not Returned
FLK12817,2023-10-10,Customer 2817,Clothing,Product 2817,LG,Seller 9,Delhi,Chennai,5,17930.45,0.28,28375.22,-52223.85,UPI,Delivered,4,Not Returned
FLK12818,2023-11-29,Customer 2818,Home & Kitchen,Product 2818,Puma,Seller 6,Gujarat,Mumbai,1,47208.29,0.16,28800.7,18407.59,UPI,Delivered,5,Not Returned
FLK12819,2023-09-04,Customer 2819,Home & Kitchen,Product 2819,LG,Seller 4,Gujarat,Bangalore,2,13744.77,0.27,9569.93,8349.68,Cash on Delivery,Delivered,5,Not Returned
FLK12820,2023-09-24,Customer 2820,Beauty,Product 2820,Samsung,Seller 7,Gujarat,Bangalore,1,47807.79,0.04,1022.34,46785.45,Cash on Delivery,Delivered,3,Not Returned
FLK12821,2023-05-12,Customer 2821,Beauty,Product 2821,Puma,Seller 5,Gujarat,New Delhi,5,28688.61,0.24,38755.06,-50332.25,Debit Card,Delivered,3,Not Returned
FLK12822,2023-07-02,Customer 2822,Clothing,Product 2822,LG,Seller 2,Delhi,Mumbai,1,28249.72,0.17,3129.53,25120.19,Cash on Delivery,Delivered,4,Not Returned
FLK12823,2023-07-05,Customer 2823,Books,Product 2823,Biba,Seller 10,Maharashtra,Bangalore,3,42477.44,0.27,4701.13,113328.93,UPI,Delivered,5,Not Returned
FLK12824,2023-05-21,Customer 2824,Books,Product 2824,Puma,Seller 5,Gujarat,Mumbai,1,48799.35,0.06,27705.76,21093.59,Debit Card,Delivered,5,Not Returned
FLK12825,2023-09-27,Customer 2825,Beauty,Product 2825,Biba,Seller 9,Delhi,Chennai,3,23915.42,0.06,22610.1,3915.96,Cash on Delivery,Delivered,1,Not Returned
FLK12826,2023-09-25,Customer 2826,Electronics,Product 2826,Sony,Seller 5,Karnataka,Bangalore,2,49647.15,0.21,22982.18,53329.94,Credit Card,Delivered,2,Not Returned
FLK12827,2023-11-14,Customer 2827,Electronics,Product 2827,Samsung,Seller 8,Karnataka,Chennai,3,22609.47,0.19,8329.55,42839.76,UPI,Delivered,5,Not Returned
FLK12828,2023-01-30,Customer 2828,Clothing,Product 2828,Sony,Seller 1,Gujarat,Mumbai,5,23561.2,0.01,38105.8,-72723,Debit Card,Delivered,2,Not Returned
FLK12829,2023-08-16,Customer 2829,Electronics,Product 2829,Puma,Seller 9,Tamil Nadu,New Delhi,4,26057.15,0.24,13318.51,50954.56,Debit Card,Shipped,1,Not Returned
FLK12830,2023-02-19,Customer 2830,Home & Kitchen,Product 2830,Nike,Seller 1,Karnataka,Ahmedabad,5,22229.23,0.27,15925.63,31518,Debit Card,Delivered,1,Not Returned
FLK12831,2023-08-08,Customer 2831,Home & Kitchen,Product 2831,Apple,Seller 9,Delhi,Mumbai,4,7327.21,0.1,38613.29,-125144.32,UPI,Delivered,2,Not Returned
FLK12832,2023-01-24,Customer 2832,Home & Kitchen,Product 2832,Biba,Seller 3,Delhi,New Delhi,5,13538.27,0.07,12191.72,6732.75,UPI,Cancelled,5,Not Returned
FLK12833,2023-07-13,Customer 2833,Clothing,Product 2833,Nike,Seller 1,Tamil Nadu,Ahmedabad,5,28221.68,0.26,17052.06,55848.1,Debit Card,Delivered,3,Not Returned
FLK12834,2023-02-14,Customer 2834,Books,Product 2834,Biba,Seller 7,Tamil Nadu,Bangalore,5,14958.04,0.04,18158.64,-16003,UPI,Delivered,3,Not Returned
FLK12835,2023-06-12,Customer 2835,Beauty,Product 2835,Biba,Seller 8,Delhi,Chennai,5,14419.86,0.07,33730.74,-96554.4,Cash on Delivery,Processing,2,Not Returned
FLK12836,2023-09-25,Customer 2836,Beauty,Product 2836,Nike,Seller 4,Tamil Nadu,Ahmedabad,1,22359.77,0.09,19530.3,2829.47,UPI,Delivered,1,Not Returned
FLK12837,2023-08-17,Customer 2837,Home & Kitchen,Product 2837,Biba,Seller 10,Maharashtra,New Delhi,5,45069.56,0.05,2526.99,212712.85,UPI,Delivered,5,Not Returned
FLK12838,2023-04-17,Customer 2838,Home & Kitchen,Product 2838,Sony,Seller 8,Delhi,Bangalore,2,44492.91,0.3,39453.47,10078.88,UPI,Cancelled,1,Not Returned
FLK12839,2023-06-24,Customer 2839,Clothing,Product 2839,Puma,Seller 9,Gujarat,Mumbai,4,6384.45,0.08,28307.95,-87694,UPI,Delivered,3,Not Returned
FLK12840,2023-10-25,Customer 2840,Electronics,Product 2840,Sony,Seller 1,Karnataka,New Delhi,5,11183.99,0.2,2369.8,44070.95,UPI,Delivered,5,Not Returned
FLK12841,2023-05-06,Customer 2841,Clothing,Product 2841,Nike,Seller 4,Maharashtra,Ahmedabad,3,22030.06,0.28,11053.97,32928.27,Cash on Delivery,Cancelled,5,Not Returned
FLK12842,2023-01-15,Customer 2842,Clothing,Product 2842,Sony,Seller 1,Tamil Nadu,Chennai,1,14106.31,0.12,33260.91,-19154.6,UPI,Delivered,3,Returned
FLK12843,2023-05-23,Customer 2843,Electronics,Product 2843,Apple,Seller 8,Karnataka,Mumbai,1,28225.37,0.03,29195.66,-970.29,Cash on Delivery,Delivered,5,Not Returned
FLK12844,2023-04-06,Customer 2844,Books,Product 2844,Nike,Seller 8,Tamil Nadu,Mumbai,5,37028.63,0.08,15289.62,108695.05,Cash on Delivery,Delivered,3,Not Returned
FLK12845,2023-10-04,Customer 2845,Clothing,Product 2845,Nike,Seller 2,Karnataka,Bangalore,3,18487.06,0.08,3051.9,46305.48,Credit Card,Delivered,4,Not Returned
FLK12846,2023-03-30,Customer 2846,Clothing,Product 2846,LG,Seller 5,Gujarat,Bangalore,1,8638.6,0.07,9159.54,-520.94,UPI,Delivered,4,Not Returned
FLK12847,2023-08-25,Customer 2847,Books,Product 2847,LG,Seller 3,Delhi,Mumbai,4,47294.95,0.08,31255,64159.8,Cash on Delivery,Delivered,5,Not Returned
FLK12848,2023-12-08,Customer 2848,Home & Kitchen,Product 2848,Apple,Seller 8,Tamil Nadu,New Delhi,1,16232.79,0.17,33507.12,-17274.33,Credit Card,Cancelled,3,Not Returned
FLK12849,2023-06-08,Customer 2849,Home & Kitchen,Product 2849,Biba,Seller 7,Tamil Nadu,New Delhi,4,20351.06,0.12,19190.52,4642.16,Cash on Delivery,Delivered,5,Not Returned
FLK12850,2023-07-21,Customer 2850,Books,Product 2850,Samsung,Seller 6,Maharashtra,Chennai,3,36947.03,0.11,25756.12,33572.73,Cash on Delivery,Delivered,5,Pending
FLK12851,2023-02-06,Customer 2851,Clothing,Product 2851,Nike,Seller 1,Karnataka,Ahmedabad,3,26240.5,0.16,23888.78,7055.16,Cash on Delivery,Shipped,3,Not Returned
FLK12852,2023-05-22,Customer 2852,Beauty,Product 2852,LG,Seller 1,Tamil Nadu,Chennai,4,27940.07,0.21,16843.16,44387.64,UPI,Delivered,3,Not Returned
FLK12853,2023-04-29,Customer 2853,Electronics,Product 2853,Biba,Seller 5,Delhi,Chennai,2,24253.53,0.1,34412.37,-20317.68,Cash on Delivery,Delivered,1,Not Returned
FLK12854,2023-02-14,Customer 2854,Home & Kitchen,Product 2854,LG,Seller 1,Maharashtra,Chennai,3,10057.32,0.17,35864.32,-77421,UPI,Cancelled,5,Not Returned
FLK12855,2023-02-27,Customer 2855,Electronics,Product 2855,Nike,Seller 1,Tamil Nadu,Mumbai,2,26848.05,0.11,20147.02,13402.06,Debit Card,Delivered,2,Not Returned
FLK12856,2023-07-21,Customer 2856,Books,Product 2856,Nike,Seller 2,Karnataka,Bangalore,3,23197.85,0.08,18442.75,14265.3,UPI,Delivered,5,Returned
FLK12857,2023-10-07,Customer 2857,Beauty,Product 2857,Puma,Seller 9,Tamil Nadu,Chennai,4,16848.1,0.29,38125.34,-85108.96,Cash on Delivery,Shipped,2,Returned
FLK12858,2023-10-05,Customer 2858,Electronics,Product 2858,Nike,Seller 9,Tamil Nadu,Mumbai,1,32818.06,0.28,13416.01,19402.05,Cash on Delivery,Cancelled,4,Not Returned
FLK12859,2023-10-26,Customer 2859,Books,Product 2859,Sony,Seller 7,Maharashtra,Mumbai,5,46616.96,0.1,19060.44,137782.6,UPI,Delivered,3,Not Returned
FLK12860,2023-10-02,Customer 2860,Home & Kitchen,Product 2860,LG,Seller 7,Gujarat,Mumbai,5,24562.65,0.18,8075.41,82436.2,Cash on Delivery,Delivered,5,Not Returned
FLK12861,2023-01-25,Customer 2861,Books,Product 2861,Sony,Seller 1,Maharashtra,New Delhi,5,30528.82,0.03,31493.36,-4822.7,Debit Card,Cancelled,4,Not Returned
FLK12862,2023-01-05,Customer 2862,Beauty,Product 2862,Samsung,Seller 8,Maharashtra,Chennai,5,6829.5,0.26,14922.82,-40466.6,Credit Card,Delivered,4,Pending
FLK12863,2023-07-15,Customer 2863,Beauty,Product 2863,Sony,Seller 5,Karnataka,New Delhi,4,8121.46,0.04,13792.06,-22682.4,Cash on Delivery,Delivered,5,Not Returned
FLK12864,2023-12-14,Customer 2864,Home & Kitchen,Product 2864,Apple,Seller 9,Maharashtra,Mumbai,1,7186.89,0.05,10016.18,-2829.29,Credit Card,Shipped,1,Not Returned
FLK12865,2023-09-11,Customer 2865,Home & Kitchen,Product 2865,Nike,Seller 10,Gujarat,Mumbai,1,14170.1,0.06,6105.01,8065.09,Debit Card,Delivered,2,Returned
FLK12866,2023-01-26,Customer 2866,Clothing,Product 2866,Nike,Seller 6,Delhi,Ahmedabad,1,43318.72,0.28,20828.99,22489.73,Cash on Delivery,Delivered,2,Not Returned
FLK12867,2023-04-14,Customer 2867,Books,Product 2867,Apple,Seller 10,Delhi,New Delhi,3,33601.38,0.06,27208.18,19179.6,UPI,Shipped,1,Not Returned
FLK12868,2023-09-01,Customer 2868,Beauty,Product 2868,Biba,Seller 7,Karnataka,Mumbai,2,20269.44,0.14,18009.72,4519.44,Cash on Delivery,Shipped,2,Not Returned
FLK12869,2023-02-24,Customer 2869,Home & Kitchen,Product 2869,Biba,Seller 2,Maharashtra,New Delhi,2,5923.44,0.27,10271.09,-8695.3,UPI,Processing,4,Not Returned
FLK12870,2023-11-07,Customer 2870,Home & Kitchen,Product 2870,LG,Seller 8,Delhi,Bangalore,5,17710.94,0.28,4416.82,66470.6,Debit Card,Cancelled,2,Not Returned
FLK12871,2023-01-26,Customer 2871,Clothing,Product 2871,LG,Seller 8,Gujarat,Ahmedabad,5,32361.66,0.11,7670.14,123457.6,Debit Card,Processing,3,Not Returned
FLK12872,2023-10-17,Customer 2872,Books,Product 2872,Sony,Seller 3,Gujarat,Ahmedabad,5,11586.25,0.28,27639.95,-80268.5,Credit Card,Delivered,3,Not Returned
FLK12873,2023-10-18,Customer 2873,Home & Kitchen,Product 2873,Nike,Seller 8,Delhi,Mumbai,4,4868.58,0.22,17129.04,-49041.84,UPI,Shipped,1,Pending
FLK12874,2023-07-20,Customer 2874,Home & Kitchen,Product 2874,Samsung,Seller 2,Delhi,Chennai,4,41699.9,0.06,10433.23,125066.68,UPI,Delivered,2,Not Returned
FLK12875,2023-03-24,Customer 2875,Electronics,Product 2875,Sony,Seller 7,Gujarat,Chennai,2,8406.62,0.23,36867.97,-56922.7,Credit Card,Delivered,3,Not Returned
FLK12876,2023-08-15,Customer 2876,Clothing,Product 2876,Puma,Seller 9,Maharashtra,Mumbai,1,25710.29,0.26,20505.66,5204.63,Cash on Delivery,Shipped,2,Not Returned
FLK12877,2023-01-29,Customer 2877,Electronics,Product 2877,LG,Seller 4,Gujarat,Mumbai,1,1429.92,0.18,35933.43,-34503.51,Cash on Delivery,Delivered,5,Not Returned
FLK12878,2023-08-06,Customer 2878,Clothing,Product 2878,Biba,Seller 6,Karnataka,New Delhi,2,21023.42,0.15,22294.07,-2541.3,Debit Card,Shipped,4,Not Returned
FLK12879,2023-05-21,Customer 2879,Clothing,Product 2879,Puma,Seller 4,Maharashtra,Bangalore,4,41006.63,0.11,31584.85,37687.12,Cash on Delivery,Cancelled,3,Returned
FLK12880,2023-02-03,Customer 2880,Home & Kitchen,Product 2880,Nike,Seller 7,Maharashtra,Mumbai,1,16083.37,0.07,38818.65,-22735.28,Credit Card,Cancelled,3,Not Returned
FLK12881,2023-09-13,Customer 2881,Clothing,Product 2881,Samsung,Seller 7,Karnataka,Ahmedabad,2,29212.43,0.1,16752.18,24920.5,Credit Card,Processing,4,Not Returned
FLK12882,2023-04-28,Customer 2882,Beauty,Product 2882,Biba,Seller 6,Maharashtra,Bangalore,3,20138.04,0.09,10633.89,28512.45,UPI,Delivered,4,Not Returned
FLK12883,2023-03-07,Customer 2883,Home & Kitchen,Product 2883,Apple,Seller 5,Karnataka,Mumbai,3,29603.28,0.12,28886.25,2151.09,Cash on Delivery,Delivered,2,Not Returned
FLK12884,2023-01-24,Customer 2884,Home & Kitchen,Product 2884,Apple,Seller 5,Maharashtra,New Delhi,2,3549.41,0.19,19113.03,-31127.24,Credit Card,Delivered,3,Not Returned
FLK12885,2023-10-14,Customer 2885,Beauty,Product 2885,Apple,Seller 1,Gujarat,Bangalore,2,37920.38,0.1,39057.51,-2274.26,UPI,Delivered,1,Not Returned
FLK12886,2023-01-17,Customer 2886,Books,Product 2886,Puma,Seller 5,Gujarat,New Delhi,5,28086.5,0.02,32226.3,-20699,Debit Card,Delivered,1,Not Returned
FLK12887,2023-10-03,Customer 2887,Beauty,Product 2887,Puma,Seller 5,Tamil Nadu,New Delhi,3,31363.05,0.02,38980.8,-22853.25,UPI,Delivered,3,Returned
FLK12888,2023-07-13,Customer 2888,Electronics,Product 2888,Nike,Seller 9,Maharashtra,New Delhi,5,40983.82,0.21,22778.94,91024.4,Debit Card,Delivered,3,Not Returned
FLK12889,2023-12-16,Customer 2889,Home & Kitchen,Product 2889,Puma,Seller 1,Gujarat,Mumbai,2,9607.87,0.24,17355.25,-15494.76,Cash on Delivery,Processing,2,Not Returned
FLK12890,2023-03-16,Customer 2890,Beauty,Product 2890,Sony,Seller 3,Karnataka,New Delhi,4,8530.85,0.08,37741.41,-116842.24,Cash on Delivery,Shipped,5,Not Returned
FLK12891,2023-03-26,Customer 2891,Clothing,Product 2891,Apple,Seller 5,Tamil Nadu,Bangalore,1,33733.96,0.08,25648.86,8085.1,Cash on Delivery,Delivered,1,Not Returned
FLK12892,2023-06-02,Customer 2892,Electronics,Product 2892,Puma,Seller 7,Delhi,Ahmedabad,1,19316.18,0.16,7193.07,12123.11,Cash on Delivery,Processing,4,Not Returned
FLK12893,2023-08-30,Customer 2893,Electronics,Product 2893,LG,Seller 5,Karnataka,Ahmedabad,5,13245.11,0.02,10221.78,15116.65,Debit Card,Delivered,5,Not Returned
FLK12894,2023-06-15,Customer 2894,Clothing,Product 2894,Sony,Seller 2,Maharashtra,Mumbai,2,42482.52,0.29,9515.71,65933.62,UPI,Cancelled,3,Not Returned
FLK12895,2023-03-04,Customer 2895,Clothing,Product 2895,Samsung,Seller 4,Karnataka,New Delhi,3,4074.92,0.05,33300.78,-87677.58,UPI,Delivered,3,Returned
FLK12896,2023-05-07,Customer 2896,Electronics,Product 2896,Samsung,Seller 1,Delhi,Bangalore,1,40012.19,0.03,9012.38,30999.81,Debit Card,Delivered,1,Not Returned
FLK12897,2023-10-24,Customer 2897,Books,Product 2897,Nike,Seller 3,Maharashtra,Chennai,5,12633.33,0.25,25614.49,-64905.8,UPI,Delivered,2,Not Returned
FLK12898,2023-10-11,Customer 2898,Beauty,Product 2898,Apple,Seller 3,Tamil Nadu,Chennai,1,6730.93,0.18,17326.68,-10595.75,UPI,Delivered,1,Not Returned
FLK12899,2023-11-06,Customer 2899,Books,Product 2899,Sony,Seller 4,Delhi,New Delhi,3,16456.24,0.27,27987.34,-34593.3,Credit Card,Delivered,1,Not Returned
FLK12900,2023-10-25,Customer 2900,Books,Product 2900,Biba,Seller 7,Karnataka,Bangalore,5,9283.52,0.1,12703.57,-17100.25,UPI,Delivered,2,Not Returned
FLK12901,2023-09-04,Customer 2901,Books,Product 2901,Nike,Seller 2,Karnataka,Mumbai,4,15682.41,0.19,5020.36,42648.2,Credit Card,Cancelled,4,Not Returned
FLK12902,2023-03-10,Customer 2902,Clothing,Product 2902,LG,Seller 9,Maharashtra,Chennai,5,3343.67,0.19,26386.55,-115214.4,Credit Card,Cancelled,4,Not Returned
FLK12903,2023-05-25,Customer 2903,Electronics,Product 2903,Puma,Seller 2,Maharashtra,Bangalore,1,19414.95,0.21,1537.11,17877.84,UPI,Delivered,4,Not Returned
FLK12904,2023-03-13,Customer 2904,Home & Kitchen,Product 2904,LG,Seller 8,Tamil Nadu,Bangalore,2,32926.82,0.02,7005.04,51843.56,UPI,Delivered,3,Not Returned
FLK12905,2023-05-29,Customer 2905,Beauty,Product 2905,Samsung,Seller 4,Maharashtra,New Delhi,3,2034.42,0.23,3835.46,-5403.12,Cash on Delivery,Delivered,1,Not Returned
FLK12906,2023-08-28,Customer 2906,Electronics,Product 2906,Biba,Seller 3,Gujarat,Chennai,1,5437.09,0.06,16167.54,-10730.45,Debit Card,Processing,3,Not Returned
FLK12907,2023-01-09,Customer 2907,Beauty,Product 2907,LG,Seller 1,Gujarat,Ahmedabad,2,24468.4,0.24,37636.84,-26336.88,UPI,Delivered,1,Returned
FLK12908,2023-01-07,Customer 2908,Home & Kitchen,Product 2908,Sony,Seller 4,Delhi,Ahmedabad,3,39005.69,0.03,14033.4,74916.87,Cash on Delivery,Delivered,2,Not Returned
FLK12909,2023-09-14,Customer 2909,Home & Kitchen,Product 2909,LG,Seller 9,Karnataka,New Delhi,5,22663.56,0.08,20084.9,12893.3,Debit Card,Delivered,4,Not Returned
FLK12910,2023-01-04,Customer 2910,Electronics,Product 2910,Puma,Seller 4,Delhi,New Delhi,2,33139.92,0.25,13916.38,38447.08,UPI,Delivered,4,Not Returned
FLK12911,2023-09-12,Customer 2911,Beauty,Product 2911,Biba,Seller 3,Tamil Nadu,Ahmedabad,5,12633.76,0.22,22127.21,-47467.25,Credit Card,Delivered,4,Pending
FLK12912,2023-03-08,Customer 2912,Books,Product 2912,Nike,Seller 2,Delhi,Bangalore,1,10222.31,0.02,35771.33,-25549.02,Cash on Delivery,Delivered,1,Not Returned
FLK12913,2023-01-21,Customer 2913,Home & Kitchen,Product 2913,Apple,Seller 3,Karnataka,Chennai,2,3883.32,0.21,25648.99,-43531.34,Debit Card,Cancelled,3,Not Returned
FLK12914,2023-02-15,Customer 2914,Clothing,Product 2914,Apple,Seller 7,Karnataka,Ahmedabad,2,40611.31,0.14,17687.87,45846.88,Cash on Delivery,Shipped,4,Not Returned
FLK12915,2023-05-11,Customer 2915,Books,Product 2915,Biba,Seller 10,Delhi,Mumbai,3,27400.49,0.03,10247.07,51460.26,Credit Card,Delivered,5,Not Returned
FLK12916,2023-05-21,Customer 2916,Home & Kitchen,Product 2916,Puma,Seller 7,Tamil Nadu,New Delhi,3,21166.1,0.03,34399.44,-39700.02,UPI,Delivered,3,Not Returned
FLK12917,2023-09-05,Customer 2917,Books,Product 2917,Samsung,Seller 3,Delhi,New Delhi,3,16991.9,0.28,19557.76,-7697.58,Cash on Delivery,Processing,1,Not Returned
FLK12918,2023-12-07,Customer 2918,Beauty,Product 2918,Samsung,Seller 1,Karnataka,Mumbai,5,15726.06,0.16,6931.76,43971.5,Cash on Delivery,Delivered,2,Not Returned
FLK12919,2023-03-18,Customer 2919,Books,Product 2919,Samsung,Seller 6,Gujarat,Bangalore,3,26472.67,0.17,31383.78,-14733.33,Debit Card,Delivered,3,Returned
FLK12920,2023-03-29,Customer 2920,Electronics,Product 2920,Samsung,Seller 4,Maharashtra,Mumbai,4,44528.43,0.19,6980.78,150190.6,Debit Card,Delivered,5,Not Returned
FLK12921,2023-09-15,Customer 2921,Clothing,Product 2921,Puma,Seller 7,Maharashtra,Ahmedabad,4,15873.46,0.12,21545.79,-22689.32,Debit Card,Delivered,3,Not Returned
FLK12922,2023-04-30,Customer 2922,Home & Kitchen,Product 2922,Puma,Seller 7,Karnataka,Bangalore,4,30336.92,0.17,22298.67,32153,Cash on Delivery,Delivered,5,Not Returned
FLK12923,2023-05-08,Customer 2923,Home & Kitchen,Product 2923,Sony,Seller 4,Maharashtra,Mumbai,5,46852.97,0.19,2776.62,220381.75,Credit Card,Delivered,2,Not Returned
FLK12924,2023-01-31,Customer 2924,Books,Product 2924,Nike,Seller 3,Delhi,Mumbai,2,10368.07,0.27,39293.86,-57851.58,UPI,Shipped,3,Not Returned
FLK12925,2023-09-28,Customer 2925,Electronics,Product 2925,Biba,Seller 3,Maharashtra,Bangalore,2,2308.59,0.09,14862.87,-25108.56,Credit Card,Processing,5,Returned
FLK12926,2023-04-15,Customer 2926,Home & Kitchen,Product 2926,Sony,Seller 5,Maharashtra,Chennai,1,23675.72,0.09,23203.57,472.15,Debit Card,Shipped,2,Not Returned
FLK12927,2023-03-27,Customer 2927,Books,Product 2927,Puma,Seller 9,Gujarat,Mumbai,1,31449.37,0.1,9900.34,21549.03,Credit Card,Cancelled,1,Not Returned
FLK12928,2023-03-04,Customer 2928,Clothing,Product 2928,Nike,Seller 8,Gujarat,Bangalore,5,33176.67,0.09,23627.27,47747,Cash on Delivery,Delivered,3,Not Returned
FLK12929,2023-04-20,Customer 2929,Electronics,Product 2929,Samsung,Seller 9,Tamil Nadu,Mumbai,4,28721.45,0.04,9987.99,74933.84,Credit Card,Delivered,2,Not Returned
FLK12930,2023-07-08,Customer 2930,Books,Product 2930,Sony,Seller 9,Maharashtra,Mumbai,3,28668.23,0.28,35861.55,-21579.96,Credit Card,Delivered,3,Not Returned
FLK12931,2023-03-29,Customer 2931,Home & Kitchen,Product 2931,Nike,Seller 4,Delhi,Chennai,4,5237.65,0.08,39087.09,-135397.76,UPI,Processing,3,Not Returned
FLK12932,2023-07-16,Customer 2932,Beauty,Product 2932,Nike,Seller 4,Delhi,Chennai,5,31765.9,0.01,17101.35,73322.75,Cash on Delivery,Delivered,1,Not Returned
FLK12933,2023-11-01,Customer 2933,Clothing,Product 2933,LG,Seller 8,Karnataka,Ahmedabad,1,40613.97,0.24,31854.23,8759.74,Cash on Delivery,Delivered,4,Not Returned
FLK12934,2023-06-23,Customer 2934,Books,Product 2934,Biba,Seller 2,Karnataka,New Delhi,1,29280.82,0.04,35968.02,-6687.2,Debit Card,Delivered,4,Not Returned
FLK12935,2023-08-01,Customer 2935,Books,Product 2935,Apple,Seller 5,Delhi,Bangalore,5,24334.33,0.17,32466.01,-40658.4,Cash on Delivery,Processing,5,Not Returned
FLK12936,2023-04-27,Customer 2936,Beauty,Product 2936,Apple,Seller 3,Delhi,Ahmedabad,2,4656.03,0.23,24825.47,-40338.88,Debit Card,Delivered,1,Not Returned
FLK12937,2023-07-22,Customer 2937,Clothing,Product 2937,Samsung,Seller 10,Tamil Nadu,Ahmedabad,5,8780.71,0.28,26014.56,-86169.25,Debit Card,Delivered,5,Not Returned
FLK12938,2023-07-20,Customer 2938,Books,Product 2938,Puma,Seller 8,Maharashtra,New Delhi,1,35383.4,0.16,17196.52,18186.88,Debit Card,Delivered,1,Not Returned
FLK12939,2023-06-14,Customer 2939,Electronics,Product 2939,Puma,Seller 10,Karnataka,New Delhi,5,33131.02,0.21,8944.68,120931.7,Cash on Delivery,Delivered,4,Not Returned
FLK12940,2023-04-28,Customer 2940,Books,Product 2940,Nike,Seller 6,Tamil Nadu,New Delhi,3,33149.65,0.18,21582.24,34702.23,UPI,Delivered,3,Not Returned
FLK12941,2023-11-17,Customer 2941,Books,Product 2941,Apple,Seller 6,Gujarat,Bangalore,3,36572.34,0.17,13000.59,70715.25,Debit Card,Cancelled,2,Not Returned
FLK12942,2023-05-02,Customer 2942,Home & Kitchen,Product 2942,Sony,Seller 7,Delhi,Bangalore,3,38425.75,0.19,24899.13,40579.86,Cash on Delivery,Delivered,1,Not Returned
FLK12943,2023-04-19,Customer 2943,Home & Kitchen,Product 2943,Nike,Seller 8,Tamil Nadu,Chennai,5,16773.19,0.03,7295.6,47387.95,Credit Card,Delivered,2,Not Returned
FLK12944,2023-12-06,Customer 2944,Beauty,Product 2944,Biba,Seller 5,Karnataka,Chennai,3,43776.96,0.05,11465.21,96935.25,Debit Card,Delivered,2,Not Returned
FLK12945,2023-11-21,Customer 2945,Beauty,Product 2945,Nike,Seller 7,Karnataka,Bangalore,2,40076.27,0.2,19064.47,42023.6,Cash on Delivery,Processing,5,Not Returned
FLK12946,2023-08-17,Customer 2946,Clothing,Product 2946,Puma,Seller 6,Karnataka,New Delhi,5,24591.84,0.26,22584.76,10035.4,Debit Card,Delivered,4,Not Returned
FLK12947,2023-03-29,Customer 2947,Beauty,Product 2947,Nike,Seller 9,Karnataka,New Delhi,3,29834.25,0.2,3790.22,78132.09,Cash on Delivery,Processing,5,Not Returned
FLK12948,2023-09-03,Customer 2948,Electronics,Product 2948,Sony,Seller 3,Gujarat,Mumbai,3,38096.01,0.3,13444.9,73953.33,UPI,Delivered,4,Not Returned
FLK12949,2023-12-14,Customer 2949,Electronics,Product 2949,Samsung,Seller 10,Delhi,Bangalore,1,11734.74,0.16,11141.98,592.76,Cash on Delivery,Delivered,4,Not Returned
FLK12950,2023-06-25,Customer 2950,Electronics,Product 2950,Puma,Seller 2,Maharashtra,Mumbai,1,28442.1,0.1,35517.69,-7075.59,UPI,Cancelled,3,Not Returned
FLK12951,2023-04-14,Customer 2951,Electronics,Product 2951,Sony,Seller 8,Tamil Nadu,Bangalore,2,30936.95,0.13,12836.73,36200.44,Cash on Delivery,Processing,1,Not Returned
FLK12952,2023-07-01,Customer 2952,Beauty,Product 2952,Apple,Seller 7,Maharashtra,Bangalore,2,20749.79,0.03,24106.43,-6713.28,Cash on Delivery,Delivered,1,Not Returned
FLK12953,2023-07-15,Customer 2953,Home & Kitchen,Product 2953,Samsung,Seller 4,Maharashtra,Ahmedabad,1,5759.24,0.29,3147.75,2611.49,Credit Card,Processing,5,Not Returned
FLK12954,2023-05-06,Customer 2954,Beauty,Product 2954,Sony,Seller 4,Delhi,Ahmedabad,5,15065.04,0.04,26123.66,-55293.1,UPI,Delivered,5,Not Returned
FLK12955,2023-12-07,Customer 2955,Beauty,Product 2955,Puma,Seller 1,Gujarat,Bangalore,1,23874.01,0.17,2452.46,21421.55,UPI,Delivered,1,Not Returned
FLK12956,2023-08-01,Customer 2956,Clothing,Product 2956,Puma,Seller 7,Tamil Nadu,New Delhi,4,23073.11,0.26,14007.85,36261.04,Cash on Delivery,Delivered,2,Not Returned
FLK12957,2023-11-13,Customer 2957,Books,Product 2957,LG,Seller 5,Gujarat,Chennai,3,40312.98,0.21,8500.31,95438.01,Credit Card,Delivered,1,Not Returned
FLK12958,2023-04-15,Customer 2958,Electronics,Product 2958,Nike,Seller 6,Maharashtra,Bangalore,5,27122.07,0.22,5874.95,106235.6,UPI,Delivered,5,Not Returned
FLK12959,2023-07-06,Customer 2959,Books,Product 2959,Nike,Seller 9,Karnataka,Mumbai,4,2128.7,0.02,15362.77,-52936.28,Credit Card,Delivered,5,Not Returned
FLK12960,2023-07-17,Customer 2960,Clothing,Product 2960,Nike,Seller 2,Karnataka,Chennai,4,15314.47,0.25,19335.17,-16082.8,UPI,Delivered,5,Returned
FLK12961,2023-05-27,Customer 2961,Electronics,Product 2961,LG,Seller 5,Maharashtra,New Delhi,4,41754.84,0.18,10357.03,125591.24,UPI,Delivered,1,Not Returned
FLK12962,2023-09-02,Customer 2962,Beauty,Product 2962,Nike,Seller 3,Delhi,Bangalore,2,39904.55,0.29,20504.73,38799.64,UPI,Delivered,5,Not Returned
FLK12963,2023-10-07,Customer 2963,Beauty,Product 2963,Samsung,Seller 5,Gujarat,Ahmedabad,3,4886.09,0.2,33091.15,-84615.18,Debit Card,Cancelled,2,Not Returned
FLK12964,2023-12-14,Customer 2964,Home & Kitchen,Product 2964,Samsung,Seller 10,Delhi,Ahmedabad,2,41800.62,0.12,39876.91,3847.42,Debit Card,Delivered,5,Not Returned
FLK12965,2023-10-27,Customer 2965,Books,Product 2965,Apple,Seller 5,Delhi,Mumbai,1,43608.65,0.29,35121.01,8487.64,Cash on Delivery,Delivered,2,Not Returned
FLK12966,2023-01-05,Customer 2966,Books,Product 2966,Samsung,Seller 10,Tamil Nadu,New Delhi,3,17755.34,0.02,35688.7,-53800.08,Debit Card,Delivered,5,Not Returned
FLK12967,2023-11-12,Customer 2967,Beauty,Product 2967,Biba,Seller 8,Maharashtra,Mumbai,5,37217.74,0.27,27994.85,46114.45,Credit Card,Processing,2,Not Returned
FLK12968,2023-09-05,Customer 2968,Books,Product 2968,Sony,Seller 8,Maharashtra,Mumbai,4,21522.92,0.21,4716.68,67224.96,Credit Card,Delivered,2,Not Returned
FLK12969,2023-10-28,Customer 2969,Electronics,Product 2969,LG,Seller 2,Tamil Nadu,Mumbai,2,16623.9,0.06,14135.4,4977,UPI,Delivered,4,Not Returned
FLK12970,2023-04-14,Customer 2970,Beauty,Product 2970,Sony,Seller 9,Tamil Nadu,New Delhi,4,25391.57,0.28,38291.78,-51600.84,Credit Card,Delivered,5,Not Returned
FLK12971,2023-09-18,Customer 2971,Books,Product 2971,Nike,Seller 6,Tamil Nadu,Chennai,4,18647.08,0.13,16931.5,6862.32,Cash on Delivery,Delivered,5,Pending
FLK12972,2023-01-23,Customer 2972,Electronics,Product 2972,LG,Seller 7,Maharashtra,New Delhi,2,32125.54,0.11,35268.55,-6286.02,Debit Card,Delivered,3,Not Returned
FLK12973,2023-02-06,Customer 2973,Beauty,Product 2973,LG,Seller 10,Karnataka,New Delhi,5,9931.93,0.09,15163.52,-26157.95,Credit Card,Delivered,2,Not Returned
FLK12974,2023-02-04,Customer 2974,Electronics,Product 2974,LG,Seller 2,Maharashtra,New Delhi,5,22883.03,0.22,12820.88,50310.75,Cash on Delivery,Delivered,4,Not Returned
FLK12975,2023-10-20,Customer 2975,Electronics,Product 2975,Puma,Seller 10,Tamil Nadu,Bangalore,1,21596.58,0.08,14221.68,7374.9,Cash on Delivery,Delivered,2,Not Returned
FLK12976,2023-10-20,Customer 2976,Beauty,Product 2976,LG,Seller 6,Gujarat,Chennai,3,7268.94,0.01,5293.12,5927.46,Cash on Delivery,Delivered,4,Not Returned
FLK12977,2023-01-06,Customer 2977,Books,Product 2977,Biba,Seller 7,Maharashtra,Chennai,4,5173.15,0.25,34468.15,-117180,UPI,Delivered,4,Not Returned
FLK12978,2023-09-26,Customer 2978,Home & Kitchen,Product 2978,Puma,Seller 6,Maharashtra,New Delhi,1,39438.43,0.06,1028.29,38410.14,UPI,Delivered,3,Not Returned
FLK12979,2023-06-30,Customer 2979,Clothing,Product 2979,Biba,Seller 6,Tamil Nadu,Ahmedabad,4,8892.43,0.19,12722.47,-15320.16,Credit Card,Delivered,2,Not Returned
FLK12980,2023-12-30,Customer 2980,Books,Product 2980,LG,Seller 3,Tamil Nadu,Bangalore,1,37684.02,0.1,21154.25,16529.77,Cash on Delivery,Delivered,4,Not Returned
FLK12981,2023-06-16,Customer 2981,Beauty,Product 2981,Puma,Seller 4,Karnataka,New Delhi,1,28076.55,0.21,6502.41,21574.14,UPI,Cancelled,3,Not Returned
FLK12982,2023-08-08,Customer 2982,Electronics,Product 2982,Nike,Seller 9,Tamil Nadu,Bangalore,4,28341.41,0.07,26097.42,8975.96,Credit Card,Delivered,1,Pending
FLK12983,2023-09-15,Customer 2983,Books,Product 2983,Biba,Seller 8,Gujarat,Chennai,4,10999.34,0.12,15694.02,-18778.72,UPI,Delivered,4,Not Returned
FLK12984,2023-09-03,Customer 2984,Beauty,Product 2984,Samsung,Seller 2,Maharashtra,Bangalore,3,42431.22,0.18,11561.89,92607.99,Credit Card,Delivered,5,Not Returned
FLK12985,2023-01-26,Customer 2985,Beauty,Product 2985,Puma,Seller 10,Karnataka,Chennai,5,24824.02,0.07,25448.59,-3122.85,UPI,Delivered,1,Not Returned
FLK12986,2023-12-30,Customer 2986,Home & Kitchen,Product 2986,Puma,Seller 6,Maharashtra,New Delhi,5,16938.66,0.14,4413.74,62624.6,Debit Card,Delivered,5,Not Returned
FLK12987,2023-05-08,Customer 2987,Books,Product 2987,Nike,Seller 7,Gujarat,New Delhi,3,23130.17,0.03,28125.82,-14986.95,Cash on Delivery,Delivered,2,Not Returned
FLK12988,2023-05-30,Customer 2988,Electronics,Product 2988,Samsung,Seller 2,Gujarat,Mumbai,1,36251.34,0.29,9912.99,26338.35,UPI,Cancelled,5,Not Returned
FLK12989,2023-03-03,Customer 2989,Home & Kitchen,Product 2989,Samsung,Seller 8,Tamil Nadu,New Delhi,3,28938.77,0.08,29104.16,-496.17,Cash on Delivery,Cancelled,3,Not Returned
FLK12990,2023-03-12,Customer 2990,Electronics,Product 2990,LG,Seller 3,Tamil Nadu,Chennai,5,32925.41,0.2,28417.9,22537.55,Credit Card,Cancelled,5,Not Returned
FLK12991,2023-10-15,Customer 2991,Home & Kitchen,Product 2991,Samsung,Seller 5,Maharashtra,Mumbai,4,16438.54,0.15,32365.01,-63705.88,Cash on Delivery,Cancelled,1,Not Returned
FLK12992,2023-10-05,Customer 2992,Electronics,Product 2992,Sony,Seller 7,Karnataka,Mumbai,1,36918,0.27,1889.33,35028.67,Credit Card,Delivered,4,Not Returned
FLK12993,2023-08-16,Customer 2993,Electronics,Product 2993,LG,Seller 3,Maharashtra,Ahmedabad,4,48517.87,0.24,14893.83,134496.16,UPI,Delivered,1,Not Returned
FLK12994,2023-05-26,Customer 2994,Books,Product 2994,LG,Seller 8,Delhi,New Delhi,2,28328.58,0.1,9589.75,37477.66,Credit Card,Delivered,3,Not Returned
FLK12995,2023-08-13,Customer 2995,Beauty,Product 2995,Apple,Seller 3,Delhi,Bangalore,5,35697.72,0.17,22152.18,67727.7,Credit Card,Delivered,4,Not Returned
FLK12996,2023-08-07,Customer 2996,Clothing,Product 2996,Sony,Seller 8,Tamil Nadu,Bangalore,3,47107.46,0.07,18009.14,87294.96,Debit Card,Processing,3,Returned
FLK12997,2023-07-12,Customer 2997,Home & Kitchen,Product 2997,Biba,Seller 8,Delhi,New Delhi,4,29182.44,0.21,14221.77,59842.68,Debit Card,Delivered,2,Not Returned
FLK12998,2023-04-10,Customer 2998,Electronics,Product 2998,Biba,Seller 8,Tamil Nadu,Chennai,2,19938.23,0.14,24193.69,-8510.92,Credit Card,Delivered,4,Not Returned
FLK12999,2023-06-24,Customer 2999,Home & Kitchen,Product 2999,Biba,Seller 9,Gujarat,New Delhi,4,12570.51,0.2,30251.52,-70724.04,Cash on Delivery,Delivered,1,Not Returned
